<?xml version="1.0"?>
<gpx xmlns="http://www.topografix.com/GPX/1/1" xmlns:xsi="http://www.w3.org/2001/XMLSchema-instance" xmlns:wptx1="http://www.garmin.com/xmlschemas/WaypointExtension/v1" xmlns:gpxtrx="http://www.garmin.com/xmlschemas/GpxExtensions/v3" xmlns:gpxtpx="http://www.garmin.com/xmlschemas/TrackPointExtension/v1" xmlns:gpxx="http://www.garmin.com/xmlschemas/GpxExtensions/v3" xmlns:trp="http://www.garmin.com/xmlschemas/TripExtensions/v1" xmlns:adv="http://www.garmin.com/xmlschemas/AdventuresExtensions/v1" xmlns:prs="http://www.garmin.com/xmlschemas/PressureExtension/v1" xmlns:tmd="http://www.garmin.com/xmlschemas/TripMetaDataExtensions/v1" xmlns:vptm="http://www.garmin.com/xmlschemas/ViaPointTransportationModeExtensions/v1" xmlns:ctx="http://www.garmin.com/xmlschemas/CreationTimeExtension/v1" xmlns:gpxacc="http://www.garmin.com/xmlschemas/AccelerationExtension/v1" xmlns:gpxpx="http://www.garmin.com/xmlschemas/PowerExtension/v1" xmlns:vidx1="http://www.garmin.com/xmlschemas/VideoExtension/v1" creator="Garmin Desktop App" version="1.1" xsi:schemaLocation="http://www.topografix.com/GPX/1/1 http://www.topografix.com/GPX/1/1/gpx.xsd http://www.garmin.com/xmlschemas/WaypointExtension/v1 http://www8.garmin.com/xmlschemas/WaypointExtensionv1.xsd http://www.garmin.com/xmlschemas/TrackPointExtension/v1 http://www.garmin.com/xmlschemas/TrackPointExtensionv1.xsd http://www.garmin.com/xmlschemas/GpxExtensions/v3 http://www8.garmin.com/xmlschemas/GpxExtensionsv3.xsd http://www.garmin.com/xmlschemas/ActivityExtension/v1 http://www8.garmin.com/xmlschemas/ActivityExtensionv1.xsd http://www.garmin.com/xmlschemas/AdventuresExtensions/v1 http://www8.garmin.com/xmlschemas/AdventuresExtensionv1.xsd http://www.garmin.com/xmlschemas/PressureExtension/v1 http://www.garmin.com/xmlschemas/PressureExtensionv1.xsd http://www.garmin.com/xmlschemas/TripExtensions/v1 http://www.garmin.com/xmlschemas/TripExtensionsv1.xsd http://www.garmin.com/xmlschemas/TripMetaDataExtensions/v1 http://www.garmin.com/xmlschemas/TripMetaDataExtensionsv1.xsd http://www.garmin.com/xmlschemas/ViaPointTransportationModeExtensions/v1 http://www.garmin.com/xmlschemas/ViaPointTransportationModeExtensionsv1.xsd http://www.garmin.com/xmlschemas/CreationTimeExtension/v1 http://www.garmin.com/xmlschemas/CreationTimeExtensionsv1.xsd http://www.garmin.com/xmlschemas/AccelerationExtension/v1 http://www.garmin.com/xmlschemas/AccelerationExtensionv1.xsd http://www.garmin.com/xmlschemas/PowerExtension/v1 http://www.garmin.com/xmlschemas/PowerExtensionv1.xsd http://www.garmin.com/xmlschemas/VideoExtension/v1 http://www.garmin.com/xmlschemas/VideoExtensionv1.xsd">
  <metadata>
    <link href="http://www.garmin.com">
      <text>Garmin International</text>
    </link>
    <time>2025-05-31T16:47:40Z</time>
    <bounds maxlat="24.88455799408257" maxlon="121.538897026330233" minlat="24.876635000109673" minlon="121.528617963194847"/>
  </metadata>
  <wpt lat="24.884293964132667" lon="121.538886968046427">
    <time>2025-05-31T14:49:52Z</time>
    <name>01 停車點I：可停兩台小客車及機車</name>
    <sym>Flag</sym>
    <type>user</type>
    <extensions>
      <gpxx:WaypointExtension>
        <gpxx:DisplayMode>SymbolAndName</gpxx:DisplayMode>
      </gpxx:WaypointExtension>
      <wptx1:WaypointExtension>
        <wptx1:DisplayMode>SymbolAndName</wptx1:DisplayMode>
      </wptx1:WaypointExtension>
      <ctx:CreationTimeExtension>
        <ctx:CreationTime>2025-05-31T14:49:52Z</ctx:CreationTime>
      </ctx:CreationTimeExtension>
    </extensions>
  </wpt>
  <wpt lat="24.884510971605778" lon="121.538556972518563">
    <time>2025-05-31T16:11:36Z</time>
    <name>02 停車點II：可停一台九人巴</name>
    <sym>Flag</sym>
    <type>user</type>
    <extensions>
      <gpxx:WaypointExtension>
        <gpxx:DisplayMode>SymbolAndName</gpxx:DisplayMode>
      </gpxx:WaypointExtension>
      <wptx1:WaypointExtension>
        <wptx1:DisplayMode>SymbolAndName</wptx1:DisplayMode>
      </wptx1:WaypointExtension>
      <ctx:CreationTimeExtension>
        <ctx:CreationTime>2025-05-31T16:11:36Z</ctx:CreationTime>
      </ctx:CreationTimeExtension>
    </extensions>
  </wpt>
  <wpt lat="24.884222969412804" lon="121.538859978318214">
    <ele>107.700000000000003</ele>
    <time>2025-05-30T00:47:30Z</time>
    <name>03 出發（紅河谷步道入口）</name>
    <sym>Flag</sym>
    <type>user</type>
    <extensions>
      <gpxx:WaypointExtension>
        <gpxx:DisplayMode>SymbolAndName</gpxx:DisplayMode>
      </gpxx:WaypointExtension>
      <wptx1:WaypointExtension>
        <wptx1:DisplayMode>SymbolAndName</wptx1:DisplayMode>
      </wptx1:WaypointExtension>
      <ctx:CreationTimeExtension>
        <ctx:CreationTime>2025-05-30T00:47:30Z</ctx:CreationTime>
      </ctx:CreationTimeExtension>
    </extensions>
  </wpt>
  <wpt lat="24.883011030033231" lon="121.537286024540663">
    <ele>111.900000000000006</ele>
    <time>2025-05-30T00:51:49Z</time>
    <name>04 下切點</name>
    <sym>Flag</sym>
    <type>user</type>
    <extensions>
      <gpxx:WaypointExtension>
        <gpxx:DisplayMode>SymbolAndName</gpxx:DisplayMode>
      </gpxx:WaypointExtension>
      <wptx1:WaypointExtension>
        <wptx1:DisplayMode>SymbolAndName</wptx1:DisplayMode>
      </wptx1:WaypointExtension>
      <ctx:CreationTimeExtension>
        <ctx:CreationTime>2025-05-30T00:51:49Z</ctx:CreationTime>
      </ctx:CreationTimeExtension>
    </extensions>
  </wpt>
  <wpt lat="24.883024021983147" lon="121.53721796348691">
    <ele>108.700000000000003</ele>
    <time>2025-05-30T00:53:02Z</time>
    <name>05 步道下切至加九寮溪</name>
    <sym>Flag</sym>
    <type>user</type>
    <extensions>
      <gpxx:WaypointExtension>
        <gpxx:DisplayMode>SymbolAndName</gpxx:DisplayMode>
      </gpxx:WaypointExtension>
      <wptx1:WaypointExtension>
        <wptx1:DisplayMode>SymbolAndName</wptx1:DisplayMode>
      </wptx1:WaypointExtension>
      <ctx:CreationTimeExtension>
        <ctx:CreationTime>2025-05-30T00:53:02Z</ctx:CreationTime>
      </ctx:CreationTimeExtension>
    </extensions>
  </wpt>
  <wpt lat="24.883027961477637" lon="121.537047978490591">
    <ele>99.700000000000003</ele>
    <time>2025-05-30T00:56:58Z</time>
    <name>06 進入加九寮溪（攔沙壩上方）</name>
    <sym>Flag</sym>
    <type>user</type>
    <extensions>
      <gpxx:WaypointExtension>
        <gpxx:DisplayMode>SymbolAndName</gpxx:DisplayMode>
      </gpxx:WaypointExtension>
      <wptx1:WaypointExtension>
        <wptx1:DisplayMode>SymbolAndName</wptx1:DisplayMode>
      </wptx1:WaypointExtension>
      <ctx:CreationTimeExtension>
        <ctx:CreationTime>2025-05-30T00:56:58Z</ctx:CreationTime>
      </ctx:CreationTimeExtension>
    </extensions>
  </wpt>
  <wpt lat="24.883085964247584" lon="121.53704596683383">
    <time>2025-05-31T14:43:57Z</time>
    <name>07 攔沙壩上方合照</name>
    <sym>Flag</sym>
    <type>user</type>
    <extensions>
      <gpxx:WaypointExtension>
        <gpxx:DisplayMode>SymbolAndName</gpxx:DisplayMode>
      </gpxx:WaypointExtension>
      <wptx1:WaypointExtension>
        <wptx1:DisplayMode>SymbolAndName</wptx1:DisplayMode>
      </wptx1:WaypointExtension>
      <ctx:CreationTimeExtension>
        <ctx:CreationTime>2025-05-31T14:43:57Z</ctx:CreationTime>
      </ctx:CreationTimeExtension>
    </extensions>
  </wpt>
  <wpt lat="24.883008012548089" lon="121.536908000707626">
    <time>2025-05-31T16:32:10Z</time>
    <name>08 進山</name>
    <sym>Flag</sym>
    <type>user</type>
    <extensions>
      <gpxx:WaypointExtension>
        <gpxx:DisplayMode>SymbolAndName</gpxx:DisplayMode>
      </gpxx:WaypointExtension>
      <wptx1:WaypointExtension>
        <wptx1:DisplayMode>SymbolAndName</wptx1:DisplayMode>
      </wptx1:WaypointExtension>
      <ctx:CreationTimeExtension>
        <ctx:CreationTime>2025-05-31T16:32:10Z</ctx:CreationTime>
      </ctx:CreationTimeExtension>
    </extensions>
  </wpt>
  <wpt lat="24.882141994312406" lon="121.535461032763124">
    <time>2025-05-31T16:32:17Z</time>
    <name>09 合照後互助攀登</name>
    <sym>Flag</sym>
    <type>user</type>
    <extensions>
      <gpxx:WaypointExtension>
        <gpxx:DisplayMode>SymbolAndName</gpxx:DisplayMode>
      </gpxx:WaypointExtension>
      <wptx1:WaypointExtension>
        <wptx1:DisplayMode>SymbolAndName</wptx1:DisplayMode>
      </wptx1:WaypointExtension>
      <ctx:CreationTimeExtension>
        <ctx:CreationTime>2025-05-31T16:32:17Z</ctx:CreationTime>
      </ctx:CreationTimeExtension>
    </extensions>
  </wpt>
  <wpt lat="24.881904032081366" lon="121.535151991993189">
    <time>2025-05-31T16:32:24Z</time>
    <name>10 漂漂河</name>
    <sym>Flag</sym>
    <type>user</type>
    <extensions>
      <gpxx:WaypointExtension>
        <gpxx:DisplayMode>SymbolAndName</gpxx:DisplayMode>
      </gpxx:WaypointExtension>
      <wptx1:WaypointExtension>
        <wptx1:DisplayMode>SymbolAndName</wptx1:DisplayMode>
      </wptx1:WaypointExtension>
      <ctx:CreationTimeExtension>
        <ctx:CreationTime>2025-05-31T16:32:24Z</ctx:CreationTime>
      </ctx:CreationTimeExtension>
    </extensions>
  </wpt>
  <wpt lat="24.881340013816953" lon="121.534785032272339">
    <ele>109.200000000000003</ele>
    <time>2025-05-30T01:59:04Z</time>
    <name>11 小休後續行</name>
    <sym>Flag</sym>
    <type>user</type>
    <extensions>
      <gpxx:WaypointExtension>
        <gpxx:DisplayMode>SymbolAndName</gpxx:DisplayMode>
      </gpxx:WaypointExtension>
      <wptx1:WaypointExtension>
        <wptx1:DisplayMode>SymbolAndName</wptx1:DisplayMode>
      </wptx1:WaypointExtension>
      <ctx:CreationTimeExtension>
        <ctx:CreationTime>2025-05-30T01:59:04Z</ctx:CreationTime>
      </ctx:CreationTimeExtension>
    </extensions>
  </wpt>
  <wpt lat="24.880708018317819" lon="121.533509977161884">
    <time>2025-05-31T16:32:42Z</time>
    <name>12 水超大，拉繩到左岸</name>
    <sym>Flag</sym>
    <type>user</type>
    <extensions>
      <gpxx:WaypointExtension>
        <gpxx:DisplayMode>SymbolAndName</gpxx:DisplayMode>
      </gpxx:WaypointExtension>
      <wptx1:WaypointExtension>
        <wptx1:DisplayMode>SymbolAndName</wptx1:DisplayMode>
      </wptx1:WaypointExtension>
      <ctx:CreationTimeExtension>
        <ctx:CreationTime>2025-05-31T16:32:42Z</ctx:CreationTime>
      </ctx:CreationTimeExtension>
    </extensions>
  </wpt>
  <wpt lat="24.879887010902166" lon="121.532560978084803">
    <ele>134.800000000000011</ele>
    <time>2025-05-30T02:43:59Z</time>
    <name>13 過三角石頭後有小平台可休息</name>
    <sym>Flag</sym>
    <type>user</type>
    <extensions>
      <gpxx:WaypointExtension>
        <gpxx:DisplayMode>SymbolAndName</gpxx:DisplayMode>
      </gpxx:WaypointExtension>
      <wptx1:WaypointExtension>
        <wptx1:DisplayMode>SymbolAndName</wptx1:DisplayMode>
      </wptx1:WaypointExtension>
      <ctx:CreationTimeExtension>
        <ctx:CreationTime>2025-05-30T02:43:59Z</ctx:CreationTime>
      </ctx:CreationTimeExtension>
    </extensions>
  </wpt>
  <wpt lat="24.877932015806437" lon="121.528769005089998">
    <ele>162.699999999999989</ele>
    <time>2025-05-30T04:01:50Z</time>
    <name>14 泳渡至右岸用餐</name>
    <sym>Flag</sym>
    <type>user</type>
    <extensions>
      <gpxx:WaypointExtension>
        <gpxx:DisplayMode>SymbolAndName</gpxx:DisplayMode>
      </gpxx:WaypointExtension>
      <wptx1:WaypointExtension>
        <wptx1:DisplayMode>SymbolAndName</wptx1:DisplayMode>
      </wptx1:WaypointExtension>
      <ctx:CreationTimeExtension>
        <ctx:CreationTime>2025-05-30T04:01:50Z</ctx:CreationTime>
      </ctx:CreationTimeExtension>
    </extensions>
  </wpt>
  <wpt lat="24.877796983346343" lon="121.528778979554772">
    <ele>160.400000000000006</ele>
    <time>2025-05-30T04:45:07Z</time>
    <name>15 午餐</name>
    <sym>Flag</sym>
    <type>user</type>
    <extensions>
      <gpxx:WaypointExtension>
        <gpxx:DisplayMode>SymbolAndName</gpxx:DisplayMode>
      </gpxx:WaypointExtension>
      <wptx1:WaypointExtension>
        <wptx1:DisplayMode>SymbolAndName</wptx1:DisplayMode>
      </wptx1:WaypointExtension>
      <ctx:CreationTimeExtension>
        <ctx:CreationTime>2025-05-30T04:45:07Z</ctx:CreationTime>
      </ctx:CreationTimeExtension>
    </extensions>
  </wpt>
  <wpt lat="24.877807963639498" lon="121.528759030625224">
    <time>2025-05-31T14:51:16Z</time>
    <name>16 鳥巢</name>
    <sym>Flag</sym>
    <type>user</type>
    <extensions>
      <gpxx:WaypointExtension>
        <gpxx:DisplayMode>SymbolAndName</gpxx:DisplayMode>
      </gpxx:WaypointExtension>
      <wptx1:WaypointExtension>
        <wptx1:DisplayMode>SymbolAndName</wptx1:DisplayMode>
      </wptx1:WaypointExtension>
      <ctx:CreationTimeExtension>
        <ctx:CreationTime>2025-05-31T14:51:16Z</ctx:CreationTime>
      </ctx:CreationTimeExtension>
    </extensions>
  </wpt>
  <wpt lat="24.877813998609781" lon="121.528743021190166">
    <time>2025-05-31T14:51:32Z</time>
    <name>17 滑水道</name>
    <sym>Flag</sym>
    <type>user</type>
    <extensions>
      <gpxx:WaypointExtension>
        <gpxx:DisplayMode>SymbolAndName</gpxx:DisplayMode>
      </gpxx:WaypointExtension>
      <wptx1:WaypointExtension>
        <wptx1:DisplayMode>SymbolAndName</wptx1:DisplayMode>
      </wptx1:WaypointExtension>
      <ctx:CreationTimeExtension>
        <ctx:CreationTime>2025-05-31T14:51:32Z</ctx:CreationTime>
      </ctx:CreationTimeExtension>
    </extensions>
  </wpt>
  <wpt lat="24.877863032743335" lon="121.528758024796844">
    <time>2025-05-31T16:34:09Z</time>
    <name>18 跳水</name>
    <sym>Flag</sym>
    <type>user</type>
    <extensions>
      <gpxx:WaypointExtension>
        <gpxx:DisplayMode>SymbolAndName</gpxx:DisplayMode>
      </gpxx:WaypointExtension>
      <wptx1:WaypointExtension>
        <wptx1:DisplayMode>SymbolAndName</wptx1:DisplayMode>
      </wptx1:WaypointExtension>
      <ctx:CreationTimeExtension>
        <ctx:CreationTime>2025-05-31T16:34:09Z</ctx:CreationTime>
      </ctx:CreationTimeExtension>
    </extensions>
  </wpt>
  <wpt lat="24.877391969785094" lon="121.528890961781144">
    <time>2025-05-31T14:47:32Z</time>
    <name>19 右岸上切</name>
    <sym>Flag</sym>
    <type>user</type>
    <extensions>
      <gpxx:WaypointExtension>
        <gpxx:DisplayMode>SymbolAndName</gpxx:DisplayMode>
      </gpxx:WaypointExtension>
      <wptx1:WaypointExtension>
        <wptx1:DisplayMode>SymbolAndName</wptx1:DisplayMode>
      </wptx1:WaypointExtension>
      <ctx:CreationTimeExtension>
        <ctx:CreationTime>2025-05-31T14:47:32Z</ctx:CreationTime>
      </ctx:CreationTimeExtension>
    </extensions>
  </wpt>
  <wpt lat="24.877074966207147" lon="121.529281977564096">
    <time>2025-05-31T14:48:16Z</time>
    <name>20 陡上</name>
    <sym>Flag</sym>
    <type>user</type>
    <extensions>
      <gpxx:WaypointExtension>
        <gpxx:DisplayMode>SymbolAndName</gpxx:DisplayMode>
      </gpxx:WaypointExtension>
      <wptx1:WaypointExtension>
        <wptx1:DisplayMode>SymbolAndName</wptx1:DisplayMode>
      </wptx1:WaypointExtension>
      <ctx:CreationTimeExtension>
        <ctx:CreationTime>2025-05-31T14:48:16Z</ctx:CreationTime>
      </ctx:CreationTimeExtension>
    </extensions>
  </wpt>
  <wpt lat="24.876668024808168" lon="121.529576014727354">
    <time>2025-05-31T14:48:39Z</time>
    <name>21 休息平台小休後接紅河谷步道</name>
    <sym>Flag</sym>
    <type>user</type>
    <extensions>
      <gpxx:WaypointExtension>
        <gpxx:DisplayMode>SymbolAndName</gpxx:DisplayMode>
      </gpxx:WaypointExtension>
      <wptx1:WaypointExtension>
        <wptx1:DisplayMode>SymbolAndName</wptx1:DisplayMode>
      </wptx1:WaypointExtension>
      <ctx:CreationTimeExtension>
        <ctx:CreationTime>2025-05-31T14:48:39Z</ctx:CreationTime>
      </ctx:CreationTimeExtension>
    </extensions>
  </wpt>
  <wpt lat="24.884302010759711" lon="121.538894008845091">
    <time>2025-05-31T16:35:02Z</time>
    <name>22 換裝</name>
    <sym>Flag</sym>
    <type>user</type>
    <extensions>
      <gpxx:WaypointExtension>
        <gpxx:DisplayMode>SymbolAndName</gpxx:DisplayMode>
      </gpxx:WaypointExtension>
      <wptx1:WaypointExtension>
        <wptx1:DisplayMode>SymbolAndName</wptx1:DisplayMode>
      </wptx1:WaypointExtension>
      <ctx:CreationTimeExtension>
        <ctx:CreationTime>2025-05-31T16:35:02Z</ctx:CreationTime>
      </ctx:CreationTimeExtension>
    </extensions>
  </wpt>
  <trk>
    <name>2025-05-30_08.47.24 002</name>
    <extensions>
      <gpxx:TrackExtension>
        <gpxx:DisplayColor>Green</gpxx:DisplayColor>
      </gpxx:TrackExtension>
    </extensions>
    <trkseg>
      <trkpt lat="24.884259011596441" lon="121.53887003660202">
        <ele>106</ele>
        <time>2025-05-30T00:47:26Z</time>
      </trkpt>
      <trkpt lat="24.884222969412804" lon="121.538859978318214">
        <ele>108</ele>
        <time>2025-05-30T00:47:30Z</time>
      </trkpt>
      <trkpt lat="24.884220035746694" lon="121.538879005238414">
        <ele>101</ele>
        <time>2025-05-30T00:47:34Z</time>
      </trkpt>
      <trkpt lat="24.884224981069565" lon="121.538858972489834">
        <ele>100</ele>
        <time>2025-05-30T00:47:38Z</time>
      </trkpt>
      <trkpt lat="24.884218024089932" lon="121.538852015510201">
        <ele>100</ele>
        <time>2025-05-30T00:47:45Z</time>
      </trkpt>
      <trkpt lat="24.884220035746694" lon="121.538833994418383">
        <ele>100</ele>
        <time>2025-05-30T00:47:49Z</time>
      </trkpt>
      <trkpt lat="24.884182987734675" lon="121.538813039660454">
        <ele>98</ele>
        <time>2025-05-30T00:47:53Z</time>
      </trkpt>
      <trkpt lat="24.88419296219945" lon="121.538821002468467">
        <ele>100</ele>
        <time>2025-05-30T00:47:58Z</time>
      </trkpt>
      <trkpt lat="24.884202014654875" lon="121.538814967498183">
        <ele>101</ele>
        <time>2025-05-30T00:48:02Z</time>
      </trkpt>
      <trkpt lat="24.884221041575074" lon="121.538803987205029">
        <ele>103</ele>
        <time>2025-05-30T00:48:06Z</time>
      </trkpt>
      <trkpt lat="24.884206037968397" lon="121.538800969719887">
        <ele>103</ele>
        <time>2025-05-30T00:48:10Z</time>
      </trkpt>
      <trkpt lat="24.884172007441521" lon="121.538796024397016">
        <ele>104</ele>
        <time>2025-05-30T00:48:13Z</time>
      </trkpt>
      <trkpt lat="24.884152980521321" lon="121.53878596611321">
        <ele>103</ele>
        <time>2025-05-30T00:48:17Z</time>
      </trkpt>
      <trkpt lat="24.88412800244987" lon="121.538775991648436">
        <ele>102</ele>
        <time>2025-05-30T00:48:21Z</time>
      </trkpt>
      <trkpt lat="24.884102018550038" lon="121.538767023012042">
        <ele>103</ele>
        <time>2025-05-30T00:48:25Z</time>
      </trkpt>
      <trkpt lat="24.884082991629839" lon="121.538770962506533">
        <ele>103</ele>
        <time>2025-05-30T00:48:29Z</time>
      </trkpt>
      <trkpt lat="24.884076034650207" lon="121.538741961121559">
        <ele>103</ele>
        <time>2025-05-30T00:48:33Z</time>
      </trkpt>
      <trkpt lat="24.884056001901627" lon="121.538737015798688">
        <ele>103</ele>
        <time>2025-05-30T00:48:37Z</time>
      </trkpt>
      <trkpt lat="24.884044015780091" lon="121.538728969171643">
        <ele>107</ele>
        <time>2025-05-30T00:48:41Z</time>
      </trkpt>
      <trkpt lat="24.884019959717989" lon="121.538712959736586">
        <ele>106</ele>
        <time>2025-05-30T00:48:45Z</time>
      </trkpt>
      <trkpt lat="24.884006967768073" lon="121.538704996928573">
        <ele>107</ele>
        <time>2025-05-30T00:48:49Z</time>
      </trkpt>
      <trkpt lat="24.883989030495286" lon="121.538712037727237">
        <ele>109</ele>
        <time>2025-05-30T00:48:53Z</time>
      </trkpt>
      <trkpt lat="24.883974026888609" lon="121.538729975000024">
        <ele>111</ele>
        <time>2025-05-30T00:48:57Z</time>
      </trkpt>
      <trkpt lat="24.88393496721983" lon="121.53867800720036">
        <ele>113</ele>
        <time>2025-05-30T00:49:01Z</time>
      </trkpt>
      <trkpt lat="24.883904960006475" lon="121.538645988330245">
        <ele>112</ele>
        <time>2025-05-30T00:49:05Z</time>
      </trkpt>
      <trkpt lat="24.883888028562069" lon="121.538598965853453">
        <ele>113</ele>
        <time>2025-05-30T00:49:09Z</time>
      </trkpt>
      <trkpt lat="24.883873024955392" lon="121.538566024973989">
        <ele>112</ele>
        <time>2025-05-30T00:49:13Z</time>
      </trkpt>
      <trkpt lat="24.883895991370082" lon="121.538539035245776">
        <ele>112</ele>
        <time>2025-05-30T00:49:17Z</time>
      </trkpt>
      <trkpt lat="24.883906971663237" lon="121.538526965305209">
        <ele>112</ele>
        <time>2025-05-30T00:49:21Z</time>
      </trkpt>
      <trkpt lat="24.883909989148378" lon="121.538510033860803">
        <ele>111</ele>
        <time>2025-05-30T00:49:26Z</time>
      </trkpt>
      <trkpt lat="24.883877970278263" lon="121.538515985012054">
        <ele>110</ele>
        <time>2025-05-30T00:49:30Z</time>
      </trkpt>
      <trkpt lat="24.883865984156728" lon="121.538494024425745">
        <ele>110</ele>
        <time>2025-05-30T00:49:33Z</time>
      </trkpt>
      <trkpt lat="24.883857015520334" lon="121.538453036919236">
        <ele>111</ele>
        <time>2025-05-30T00:49:36Z</time>
      </trkpt>
      <trkpt lat="24.883838994428515" lon="121.538410959765315">
        <ele>110</ele>
        <time>2025-05-30T00:49:39Z</time>
      </trkpt>
      <trkpt lat="24.883818961679935" lon="121.538380030542612">
        <ele>108</ele>
        <time>2025-05-30T00:49:42Z</time>
      </trkpt>
      <trkpt lat="24.883769005537033" lon="121.538350023329258">
        <ele>107</ele>
        <time>2025-05-30T00:49:46Z</time>
      </trkpt>
      <trkpt lat="24.88374100998044" lon="121.53831398114562">
        <ele>107</ele>
        <time>2025-05-30T00:49:50Z</time>
      </trkpt>
      <trkpt lat="24.883711002767086" lon="121.538268970325589">
        <ele>107</ele>
        <time>2025-05-30T00:49:54Z</time>
      </trkpt>
      <trkpt lat="24.88367797806859" lon="121.538220020011067">
        <ele>110</ele>
        <time>2025-05-30T00:49:58Z</time>
      </trkpt>
      <trkpt lat="24.883666997775435" lon="121.53816201724112">
        <ele>111</ele>
        <time>2025-05-30T00:50:01Z</time>
      </trkpt>
      <trkpt lat="24.883637996390462" lon="121.538112983107567">
        <ele>112</ele>
        <time>2025-05-30T00:50:05Z</time>
      </trkpt>
      <trkpt lat="24.883630033582449" lon="121.538078030571342">
        <ele>111</ele>
        <time>2025-05-30T00:50:09Z</time>
      </trkpt>
      <trkpt lat="24.883601032197475" lon="121.538051962852478">
        <ele>110</ele>
        <time>2025-05-30T00:50:13Z</time>
      </trkpt>
      <trkpt lat="24.88356901332736" lon="121.538025978952646">
        <ele>109</ele>
        <time>2025-05-30T00:50:17Z</time>
      </trkpt>
      <trkpt lat="24.883549986407161" lon="121.538006030023098">
        <ele>109</ele>
        <time>2025-05-30T00:50:21Z</time>
      </trkpt>
      <trkpt lat="24.883531965315342" lon="121.537958001717925">
        <ele>109</ele>
        <time>2025-05-30T00:50:25Z</time>
      </trkpt>
      <trkpt lat="24.88352500833571" lon="121.537898993119597">
        <ele>112</ele>
        <time>2025-05-30T00:50:29Z</time>
      </trkpt>
      <trkpt lat="24.883507993072271" lon="121.537855993956327">
        <ele>112</ele>
        <time>2025-05-30T00:50:33Z</time>
      </trkpt>
      <trkpt lat="24.883478991687298" lon="121.537807965651155">
        <ele>110</ele>
        <time>2025-05-30T00:50:37Z</time>
      </trkpt>
      <trkpt lat="24.883444961160421" lon="121.53777502477169">
        <ele>109</ele>
        <time>2025-05-30T00:50:41Z</time>
      </trkpt>
      <trkpt lat="24.883414031937718" lon="121.537735965102911">
        <ele>108</ele>
        <time>2025-05-30T00:50:45Z</time>
      </trkpt>
      <trkpt lat="24.883372960612178" lon="121.53768902644515">
        <ele>108</ele>
        <time>2025-05-30T00:50:49Z</time>
      </trkpt>
      <trkpt lat="24.883341025561094" lon="121.537652984261513">
        <ele>108</ele>
        <time>2025-05-30T00:50:53Z</time>
      </trkpt>
      <trkpt lat="24.883315041661263" lon="121.537595987319946">
        <ele>109</ele>
        <time>2025-05-30T00:50:57Z</time>
      </trkpt>
      <trkpt lat="24.88329098559916" lon="121.537529015913606">
        <ele>110</ele>
        <time>2025-05-30T00:51:01Z</time>
      </trkpt>
      <trkpt lat="24.883270030841231" lon="121.537482999265194">
        <ele>110</ele>
        <time>2025-05-30T00:51:05Z</time>
      </trkpt>
      <trkpt lat="24.883226025849581" lon="121.537446035072207">
        <ele>111</ele>
        <time>2025-05-30T00:51:09Z</time>
      </trkpt>
      <trkpt lat="24.883186966180801" lon="121.537415022030473">
        <ele>111</ele>
        <time>2025-05-30T00:51:13Z</time>
      </trkpt>
      <trkpt lat="24.883147990331054" lon="121.537385014817119">
        <ele>112</ele>
        <time>2025-05-30T00:51:17Z</time>
      </trkpt>
      <trkpt lat="24.883111026138067" lon="121.537349978461862">
        <ele>113</ele>
        <time>2025-05-30T00:51:21Z</time>
      </trkpt>
      <trkpt lat="24.883070960640907" lon="121.537331035360694">
        <ele>112</ele>
        <time>2025-05-30T00:51:25Z</time>
      </trkpt>
      <trkpt lat="24.883028967306018" lon="121.53730102814734">
        <ele>112</ele>
        <time>2025-05-30T00:51:29Z</time>
      </trkpt>
      <trkpt lat="24.883012035861611" lon="121.537288958206773">
        <ele>112</ele>
        <time>2025-05-30T00:51:33Z</time>
      </trkpt>
      <trkpt lat="24.883008012548089" lon="121.537278983741999">
        <ele>112</ele>
        <time>2025-05-30T00:51:55Z</time>
      </trkpt>
      <trkpt lat="24.882999965921044" lon="121.537275966256857">
        <ele>112</ele>
        <time>2025-05-30T00:52:02Z</time>
      </trkpt>
      <trkpt lat="24.882996026426554" lon="121.537265991792083">
        <ele>112</ele>
        <time>2025-05-30T00:52:09Z</time>
      </trkpt>
      <trkpt lat="24.882987979799509" lon="121.53726096265018">
        <ele>112</ele>
        <time>2025-05-30T00:52:16Z</time>
      </trkpt>
      <trkpt lat="24.882981022819877" lon="121.537255011498928">
        <ele>110</ele>
        <time>2025-05-30T00:52:39Z</time>
      </trkpt>
      <trkpt lat="24.88298898562789" lon="121.53726096265018">
        <ele>109</ele>
        <time>2025-05-30T00:52:56Z</time>
      </trkpt>
      <trkpt lat="24.883019998669624" lon="121.53721796348691">
        <ele>109</ele>
        <time>2025-05-30T00:53:00Z</time>
      </trkpt>
      <trkpt lat="24.883024021983147" lon="121.537207989022136">
        <ele>108</ele>
        <time>2025-05-30T00:53:04Z</time>
      </trkpt>
      <trkpt lat="24.883015975356102" lon="121.537202037870884">
        <ele>106</ele>
        <time>2025-05-30T00:53:13Z</time>
      </trkpt>
      <trkpt lat="24.883018992841244" lon="121.537186028435826">
        <ele>107</ele>
        <time>2025-05-30T00:53:17Z</time>
      </trkpt>
      <trkpt lat="24.883025027811527" lon="121.53717597015202">
        <ele>107</ele>
        <time>2025-05-30T00:53:21Z</time>
      </trkpt>
      <trkpt lat="24.883024021983147" lon="121.537165995687246">
        <ele>107</ele>
        <time>2025-05-30T00:53:31Z</time>
      </trkpt>
      <trkpt lat="24.883023016154766" lon="121.537155015394092">
        <ele>108</ele>
        <time>2025-05-30T00:53:49Z</time>
      </trkpt>
      <trkpt lat="24.883023016154766" lon="121.537145040929317">
        <ele>107</ele>
        <time>2025-05-30T00:53:52Z</time>
      </trkpt>
      <trkpt lat="24.883023016154766" lon="121.53713196516037">
        <ele>108</ele>
        <time>2025-05-30T00:53:56Z</time>
      </trkpt>
      <trkpt lat="24.883024021983147" lon="121.537120984867215">
        <ele>109</ele>
        <time>2025-05-30T00:54:00Z</time>
      </trkpt>
      <trkpt lat="24.88303299061954" lon="121.537116039544344">
        <ele>109</ele>
        <time>2025-05-30T00:54:08Z</time>
      </trkpt>
      <trkpt lat="24.883041037246585" lon="121.537103969603777">
        <ele>107</ele>
        <time>2025-05-30T00:54:12Z</time>
      </trkpt>
      <trkpt lat="24.883037013933063" lon="121.53708997182548">
        <ele>104</ele>
        <time>2025-05-30T00:54:25Z</time>
      </trkpt>
      <trkpt lat="24.883030978962779" lon="121.537069017067552">
        <ele>104</ele>
        <time>2025-05-30T00:54:29Z</time>
      </trkpt>
      <trkpt lat="24.883029973134398" lon="121.537050995975733">
        <ele>104</ele>
        <time>2025-05-30T00:54:33Z</time>
      </trkpt>
      <trkpt lat="24.883021004498005" lon="121.537055019289255">
        <ele>102</ele>
        <time>2025-05-30T00:54:49Z</time>
      </trkpt>
      <trkpt lat="24.883013963699341" lon="121.53704697266221">
        <ele>101</ele>
        <time>2025-05-30T00:56:01Z</time>
      </trkpt>
      <trkpt lat="24.883021004498005" lon="121.537053007632494">
        <ele>100</ele>
        <time>2025-05-30T00:56:35Z</time>
      </trkpt>
      <trkpt lat="24.883029973134398" lon="121.537049990147352">
        <ele>100</ele>
        <time>2025-05-30T00:56:55Z</time>
      </trkpt>
      <trkpt lat="24.883041037246585" lon="121.537040015682578">
        <ele>100</ele>
        <time>2025-05-30T00:57:23Z</time>
      </trkpt>
      <trkpt lat="24.88305201753974" lon="121.53704697266221">
        <ele>99</ele>
        <time>2025-05-30T00:57:27Z</time>
      </trkpt>
      <trkpt lat="24.883069032803178" lon="121.537040015682578">
        <ele>99</ele>
        <time>2025-05-30T00:57:31Z</time>
      </trkpt>
      <trkpt lat="24.883076995611191" lon="121.537044961005449">
        <ele>99</ele>
        <time>2025-05-30T00:57:35Z</time>
      </trkpt>
      <trkpt lat="24.883086970075965" lon="121.53704596683383">
        <ele>98</ele>
        <time>2025-05-30T00:57:53Z</time>
      </trkpt>
      <trkpt lat="24.883079007267952" lon="121.537039009854198">
        <ele>99</ele>
        <time>2025-05-30T00:58:06Z</time>
      </trkpt>
      <trkpt lat="24.883070960640907" lon="121.5370440389961">
        <ele>99</ele>
        <time>2025-05-30T00:58:20Z</time>
      </trkpt>
      <trkpt lat="24.883079007267952" lon="121.537039009854198">
        <ele>98</ele>
        <time>2025-05-30T00:58:52Z</time>
      </trkpt>
      <trkpt lat="24.883081018924713" lon="121.537029035389423">
        <ele>100</ele>
        <time>2025-05-30T00:59:26Z</time>
      </trkpt>
      <trkpt lat="24.883081018924713" lon="121.537017971277237">
        <ele>100</ele>
        <time>2025-05-30T00:59:31Z</time>
      </trkpt>
      <trkpt lat="24.883084036409855" lon="121.537005985155702">
        <ele>101</ele>
        <time>2025-05-30T00:59:37Z</time>
      </trkpt>
      <trkpt lat="24.883082024753094" lon="121.536995004862547">
        <ele>101</ele>
        <time>2025-05-30T00:59:41Z</time>
      </trkpt>
      <trkpt lat="24.883079007267952" lon="121.536986036226153">
        <ele>101</ele>
        <time>2025-05-30T00:59:45Z</time>
      </trkpt>
      <trkpt lat="24.883079007267952" lon="121.536973966285586">
        <ele>102</ele>
        <time>2025-05-30T00:59:51Z</time>
      </trkpt>
      <trkpt lat="24.883081018924713" lon="121.536961980164051">
        <ele>103</ele>
        <time>2025-05-30T00:59:55Z</time>
      </trkpt>
      <trkpt lat="24.883081018924713" lon="121.536944964900613">
        <ele>103</ele>
        <time>2025-05-30T00:59:59Z</time>
      </trkpt>
      <trkpt lat="24.88307498395443" lon="121.536927027627826">
        <ele>103</ele>
        <time>2025-05-30T01:00:02Z</time>
      </trkpt>
      <trkpt lat="24.883060986176133" lon="121.536909006536007">
        <ele>103</ele>
        <time>2025-05-30T01:00:05Z</time>
      </trkpt>
      <trkpt lat="24.883044976741076" lon="121.536890985444188">
        <ele>103</ele>
        <time>2025-05-30T01:00:08Z</time>
      </trkpt>
      <trkpt lat="24.883027039468288" lon="121.536891991272569">
        <ele>102</ele>
        <time>2025-05-30T01:00:12Z</time>
      </trkpt>
      <trkpt lat="24.883016981184483" lon="121.536889979615808">
        <ele>104</ele>
        <time>2025-05-30T01:00:21Z</time>
      </trkpt>
      <trkpt lat="24.88300901837647" lon="121.536884028464556">
        <ele>104</ele>
        <time>2025-05-30T01:00:26Z</time>
      </trkpt>
      <trkpt lat="24.883002983406186" lon="121.536899032071233">
        <ele>106</ele>
        <time>2025-05-30T01:00:32Z</time>
      </trkpt>
      <trkpt lat="24.88300901837647" lon="121.536908000707626">
        <ele>107</ele>
        <time>2025-05-30T01:00:38Z</time>
      </trkpt>
      <trkpt lat="24.883006000891328" lon="121.536898026242852">
        <ele>106</ele>
        <time>2025-05-30T01:00:48Z</time>
      </trkpt>
      <trkpt lat="24.883007006719708" lon="121.536910012364388">
        <ele>107</ele>
        <time>2025-05-30T01:00:56Z</time>
      </trkpt>
      <trkpt lat="24.882997032254934" lon="121.536910012364388">
        <ele>116</ele>
        <time>2025-05-30T01:02:17Z</time>
      </trkpt>
      <trkpt lat="24.88298898562789" lon="121.536890985444188">
        <ele>113</ele>
        <time>2025-05-30T01:05:01Z</time>
      </trkpt>
      <trkpt lat="24.882979011163116" lon="121.536889979615808">
        <ele>110</ele>
        <time>2025-05-30T01:05:30Z</time>
      </trkpt>
      <trkpt lat="24.882981022819877" lon="121.536904983222485">
        <ele>106</ele>
        <time>2025-05-30T01:06:02Z</time>
      </trkpt>
      <trkpt lat="24.882968030869961" lon="121.536902971565723">
        <ele>105</ele>
        <time>2025-05-30T01:06:09Z</time>
      </trkpt>
      <trkpt lat="24.882955038920045" lon="121.536892997100949">
        <ele>104</ele>
        <time>2025-05-30T01:06:13Z</time>
      </trkpt>
      <trkpt lat="24.882942968979478" lon="121.536887967959046">
        <ele>103</ele>
        <time>2025-05-30T01:06:18Z</time>
      </trkpt>
      <trkpt lat="24.882934000343084" lon="121.536886962130666">
        <ele>102</ele>
        <time>2025-05-30T01:06:23Z</time>
      </trkpt>
      <trkpt lat="24.882897036150098" lon="121.536898026242852">
        <ele>101</ele>
        <time>2025-05-30T01:06:27Z</time>
      </trkpt>
      <trkpt lat="24.882886977866292" lon="121.53689500875771">
        <ele>97</ele>
        <time>2025-05-30T01:06:34Z</time>
      </trkpt>
      <trkpt lat="24.882877003401518" lon="121.536900959908962">
        <ele>97</ele>
        <time>2025-05-30T01:06:38Z</time>
      </trkpt>
      <trkpt lat="24.882861999794841" lon="121.536905989050865">
        <ele>96</ele>
        <time>2025-05-30T01:06:42Z</time>
      </trkpt>
      <trkpt lat="24.882846996188164" lon="121.536891991272569">
        <ele>96</ele>
        <time>2025-05-30T01:06:45Z</time>
      </trkpt>
      <trkpt lat="24.882843978703022" lon="121.536871958523989">
        <ele>96</ele>
        <time>2025-05-30T01:06:52Z</time>
      </trkpt>
      <trkpt lat="24.882832998409867" lon="121.536868019029498">
        <ele>97</ele>
        <time>2025-05-30T01:06:56Z</time>
      </trkpt>
      <trkpt lat="24.882825035601854" lon="121.536854021251202">
        <ele>98</ele>
        <time>2025-05-30T01:07:00Z</time>
      </trkpt>
      <trkpt lat="24.882813971489668" lon="121.536836000159383">
        <ele>98</ele>
        <time>2025-05-30T01:07:04Z</time>
      </trkpt>
      <trkpt lat="24.882799973711371" lon="121.536832982674241">
        <ele>98</ele>
        <time>2025-05-30T01:07:08Z</time>
      </trkpt>
      <trkpt lat="24.882784970104694" lon="121.536818984895945">
        <ele>98</ele>
        <time>2025-05-30T01:07:12Z</time>
      </trkpt>
      <trkpt lat="24.882785975933075" lon="121.53680901043117">
        <ele>98</ele>
        <time>2025-05-30T01:07:16Z</time>
      </trkpt>
      <trkpt lat="24.882780024781823" lon="121.536800963804126">
        <ele>98</ele>
        <time>2025-05-30T01:07:26Z</time>
      </trkpt>
      <trkpt lat="24.882758986204863" lon="121.536802975460887">
        <ele>99</ele>
        <time>2025-05-30T01:07:30Z</time>
      </trkpt>
      <trkpt lat="24.882757980376482" lon="121.536791995167732">
        <ele>99</ele>
        <time>2025-05-30T01:07:43Z</time>
      </trkpt>
      <trkpt lat="24.882764015346766" lon="121.536783026531339">
        <ele>99</ele>
        <time>2025-05-30T01:07:48Z</time>
      </trkpt>
      <trkpt lat="24.882770972326398" lon="121.53678897768259">
        <ele>97</ele>
        <time>2025-05-30T01:08:05Z</time>
      </trkpt>
      <trkpt lat="24.882781030610204" lon="121.536795012652874">
        <ele>95</ele>
        <time>2025-05-30T01:08:12Z</time>
      </trkpt>
      <trkpt lat="24.882791005074978" lon="121.536815967410803">
        <ele>96</ele>
        <time>2025-05-30T01:08:16Z</time>
      </trkpt>
      <trkpt lat="24.882793016731739" lon="121.536829965189099">
        <ele>96</ele>
        <time>2025-05-30T01:08:21Z</time>
      </trkpt>
      <trkpt lat="24.882803997024894" lon="121.536836000159383">
        <ele>95</ele>
        <time>2025-05-30T01:08:24Z</time>
      </trkpt>
      <trkpt lat="24.88281799480319" lon="121.536846980452538">
        <ele>95</ele>
        <time>2025-05-30T01:08:28Z</time>
      </trkpt>
      <trkpt lat="24.882820006459951" lon="121.536837005987763">
        <ele>95</ele>
        <time>2025-05-30T01:08:32Z</time>
      </trkpt>
      <trkpt lat="24.882813971489668" lon="121.536827031522989">
        <ele>95</ele>
        <time>2025-05-30T01:08:40Z</time>
      </trkpt>
      <trkpt lat="24.882807014510036" lon="121.536814961582422">
        <ele>94</ele>
        <time>2025-05-30T01:08:44Z</time>
      </trkpt>
      <trkpt lat="24.882791005074978" lon="121.536811022087932">
        <ele>95</ele>
        <time>2025-05-30T01:08:48Z</time>
      </trkpt>
      <trkpt lat="24.882779018953443" lon="121.536800963804126">
        <ele>96</ele>
        <time>2025-05-30T01:08:52Z</time>
      </trkpt>
      <trkpt lat="24.882763009518385" lon="121.536800963804126">
        <ele>96</ele>
        <time>2025-05-30T01:08:56Z</time>
      </trkpt>
      <trkpt lat="24.882753035053611" lon="121.536785960197449">
        <ele>97</ele>
        <time>2025-05-30T01:09:00Z</time>
      </trkpt>
      <trkpt lat="24.882735013961792" lon="121.536775985732675">
        <ele>98</ele>
        <time>2025-05-30T01:09:04Z</time>
      </trkpt>
      <trkpt lat="24.882724033668637" lon="121.536773974075913">
        <ele>98</ele>
        <time>2025-05-30T01:09:08Z</time>
      </trkpt>
      <trkpt lat="24.882720010355115" lon="121.53676500543952">
        <ele>98</ele>
        <time>2025-05-30T01:09:12Z</time>
      </trkpt>
      <trkpt lat="24.882716992869973" lon="121.536755030974746">
        <ele>98</ele>
        <time>2025-05-30T01:09:16Z</time>
      </trkpt>
      <trkpt lat="24.882711041718721" lon="121.536741033196449">
        <ele>98</ele>
        <time>2025-05-30T01:09:20Z</time>
      </trkpt>
      <trkpt lat="24.882698971778154" lon="121.536741033196449">
        <ele>99</ele>
        <time>2025-05-30T01:09:24Z</time>
      </trkpt>
      <trkpt lat="24.88268899731338" lon="121.536736004054546">
        <ele>99</ele>
        <time>2025-05-30T01:09:29Z</time>
      </trkpt>
      <trkpt lat="24.882678017020226" lon="121.536730974912643">
        <ele>99</ele>
        <time>2025-05-30T01:09:33Z</time>
      </trkpt>
      <trkpt lat="24.882669970393181" lon="121.536724017933011">
        <ele>99</ele>
        <time>2025-05-30T01:09:38Z</time>
      </trkpt>
      <trkpt lat="24.882661001756787" lon="121.536724017933011">
        <ele>99</ele>
        <time>2025-05-30T01:09:42Z</time>
      </trkpt>
      <trkpt lat="24.882648009806871" lon="121.536726029589772">
        <ele>100</ele>
        <time>2025-05-30T01:09:47Z</time>
      </trkpt>
      <trkpt lat="24.88264599815011" lon="121.536714965477586">
        <ele>100</ele>
        <time>2025-05-30T01:09:52Z</time>
      </trkpt>
      <trkpt lat="24.882638035342097" lon="121.53672200627625">
        <ele>100</ele>
        <time>2025-05-30T01:09:59Z</time>
      </trkpt>
      <trkpt lat="24.882620014250278" lon="121.536731980741024">
        <ele>99</ele>
        <time>2025-05-30T01:10:03Z</time>
      </trkpt>
      <trkpt lat="24.882610961794853" lon="121.536719994619489">
        <ele>99</ele>
        <time>2025-05-30T01:10:07Z</time>
      </trkpt>
      <trkpt lat="24.882587995380163" lon="121.536690993234515">
        <ele>99</ele>
        <time>2025-05-30T01:10:11Z</time>
      </trkpt>
      <trkpt lat="24.882567040622234" lon="121.536676995456219">
        <ele>99</ele>
        <time>2025-05-30T01:10:15Z</time>
      </trkpt>
      <trkpt lat="24.882549019530416" lon="121.536676995456219">
        <ele>99</ele>
        <time>2025-05-30T01:10:19Z</time>
      </trkpt>
      <trkpt lat="24.882538039237261" lon="121.536675989627838">
        <ele>100</ele>
        <time>2025-05-30T01:10:26Z</time>
      </trkpt>
      <trkpt lat="24.882525969296694" lon="121.536675989627838">
        <ele>100</ele>
        <time>2025-05-30T01:10:29Z</time>
      </trkpt>
      <trkpt lat="24.882514989003539" lon="121.536670038476586">
        <ele>100</ele>
        <time>2025-05-30T01:10:34Z</time>
      </trkpt>
      <trkpt lat="24.882504008710384" lon="121.536670960485935">
        <ele>101</ele>
        <time>2025-05-30T01:10:38Z</time>
      </trkpt>
      <trkpt lat="24.88249403424561" lon="121.536666015163064">
        <ele>100</ele>
        <time>2025-05-30T01:10:43Z</time>
      </trkpt>
      <trkpt lat="24.882484981790185" lon="121.536667020991445">
        <ele>100</ele>
        <time>2025-05-30T01:10:47Z</time>
      </trkpt>
      <trkpt lat="24.882471989840269" lon="121.536662997677922">
        <ele>100</ele>
        <time>2025-05-30T01:10:51Z</time>
      </trkpt>
      <trkpt lat="24.882466960698366" lon="121.536673977971077">
        <ele>100</ele>
        <time>2025-05-30T01:10:55Z</time>
      </trkpt>
      <trkpt lat="24.88245396874845" lon="121.536670038476586">
        <ele>99</ele>
        <time>2025-05-30T01:11:03Z</time>
      </trkpt>
      <trkpt lat="24.882439970970154" lon="121.536654029041529">
        <ele>99</ele>
        <time>2025-05-30T01:11:07Z</time>
      </trkpt>
      <trkpt lat="24.88242999650538" lon="121.536651011556387">
        <ele>100</ele>
        <time>2025-05-30T01:11:11Z</time>
      </trkpt>
      <trkpt lat="24.882420022040606" lon="121.536656962707639">
        <ele>100</ele>
        <time>2025-05-30T01:11:15Z</time>
      </trkpt>
      <trkpt lat="24.882411975413561" lon="121.536664003506303">
        <ele>100</ele>
        <time>2025-05-30T01:11:30Z</time>
      </trkpt>
      <trkpt lat="24.882398983463645" lon="121.536662997677922">
        <ele>99</ele>
        <time>2025-05-30T01:11:38Z</time>
      </trkpt>
      <trkpt lat="24.882391020655632" lon="121.536670038476586">
        <ele>99</ele>
        <time>2025-05-30T01:11:43Z</time>
      </trkpt>
      <trkpt lat="24.882382974028587" lon="121.536660986021161">
        <ele>98</ele>
        <time>2025-05-30T01:11:59Z</time>
      </trkpt>
      <trkpt lat="24.882374005392194" lon="121.536664003506303">
        <ele>98</ele>
        <time>2025-05-30T01:12:03Z</time>
      </trkpt>
      <trkpt lat="24.882381968200207" lon="121.5366589743644">
        <ele>98</ele>
        <time>2025-05-30T01:12:11Z</time>
      </trkpt>
      <trkpt lat="24.882372999563813" lon="121.536664003506303">
        <ele>98</ele>
        <time>2025-05-30T01:12:19Z</time>
      </trkpt>
      <trkpt lat="24.882365958765149" lon="121.536670038476586">
        <ele>97</ele>
        <time>2025-05-30T01:12:47Z</time>
      </trkpt>
      <trkpt lat="24.882365958765149" lon="121.53668001294136">
        <ele>99</ele>
        <time>2025-05-30T01:13:26Z</time>
      </trkpt>
      <trkpt lat="24.882374005392194" lon="121.536674983799458">
        <ele>99</ele>
        <time>2025-05-30T01:13:42Z</time>
      </trkpt>
      <trkpt lat="24.8823650367558" lon="121.536673977971077">
        <ele>99</ele>
        <time>2025-05-30T01:14:08Z</time>
      </trkpt>
      <trkpt lat="24.882353972643614" lon="121.536676995456219">
        <ele>100</ele>
        <time>2025-05-30T01:14:13Z</time>
      </trkpt>
      <trkpt lat="24.88234399817884" lon="121.536665009334683">
        <ele>99</ele>
        <time>2025-05-30T01:14:17Z</time>
      </trkpt>
      <trkpt lat="24.88232103176415" lon="121.53665604069829">
        <ele>99</ele>
        <time>2025-05-30T01:14:21Z</time>
      </trkpt>
      <trkpt lat="24.882319020107388" lon="121.536642964929342">
        <ele>99</ele>
        <time>2025-05-30T01:14:25Z</time>
      </trkpt>
      <trkpt lat="24.882308961823583" lon="121.536635002121329">
        <ele>99</ele>
        <time>2025-05-30T01:14:29Z</time>
      </trkpt>
      <trkpt lat="24.882299993187189" lon="121.536629972979426">
        <ele>99</ele>
        <time>2025-05-30T01:14:34Z</time>
      </trkpt>
      <trkpt lat="24.882291024550796" lon="121.536631984636188">
        <ele>101</ele>
        <time>2025-05-30T01:15:06Z</time>
      </trkpt>
      <trkpt lat="24.882284989580512" lon="121.536642964929342">
        <ele>101</ele>
        <time>2025-05-30T01:15:25Z</time>
      </trkpt>
      <trkpt lat="24.882275015115738" lon="121.536645982414484">
        <ele>102</ele>
        <time>2025-05-30T01:15:31Z</time>
      </trkpt>
      <trkpt lat="24.882277026772499" lon="121.536632990464568">
        <ele>102</ele>
        <time>2025-05-30T01:15:38Z</time>
      </trkpt>
      <trkpt lat="24.88227803260088" lon="121.536623015999794">
        <ele>103</ele>
        <time>2025-05-30T01:15:47Z</time>
      </trkpt>
      <trkpt lat="24.882276020944118" lon="121.53661304153502">
        <ele>102</ele>
        <time>2025-05-30T01:16:07Z</time>
      </trkpt>
      <trkpt lat="24.882282977923751" lon="121.536600971594453">
        <ele>102</ele>
        <time>2025-05-30T01:16:13Z</time>
      </trkpt>
      <trkpt lat="24.882287001237273" lon="121.536590997129679">
        <ele>102</ele>
        <time>2025-05-30T01:16:18Z</time>
      </trkpt>
      <trkpt lat="24.88227903842926" lon="121.536575993523002">
        <ele>101</ele>
        <time>2025-05-30T01:16:22Z</time>
      </trkpt>
      <trkpt lat="24.882284989580512" lon="121.536553027108312">
        <ele>101</ele>
        <time>2025-05-30T01:16:26Z</time>
      </trkpt>
      <trkpt lat="24.88228197209537" lon="121.536537017673254">
        <ele>101</ele>
        <time>2025-05-30T01:16:30Z</time>
      </trkpt>
      <trkpt lat="24.882267974317074" lon="121.53652997687459">
        <ele>100</ele>
        <time>2025-05-30T01:16:34Z</time>
      </trkpt>
      <trkpt lat="24.882261017337441" lon="121.536513967439532">
        <ele>100</ele>
        <time>2025-05-30T01:16:38Z</time>
      </trkpt>
      <trkpt lat="24.882246013730764" lon="121.5365070104599">
        <ele>99</ele>
        <time>2025-05-30T01:16:42Z</time>
      </trkpt>
      <trkpt lat="24.882239978760481" lon="121.536493012681603">
        <ele>99</ele>
        <time>2025-05-30T01:16:50Z</time>
      </trkpt>
      <trkpt lat="24.882226986810565" lon="121.536485971882939">
        <ele>100</ele>
        <time>2025-05-30T01:16:54Z</time>
      </trkpt>
      <trkpt lat="24.882220029830933" lon="121.536479014903307">
        <ele>100</ele>
        <time>2025-05-30T01:16:58Z</time>
      </trkpt>
      <trkpt lat="24.882207959890366" lon="121.536475997418165">
        <ele>100</ele>
        <time>2025-05-30T01:17:04Z</time>
      </trkpt>
      <trkpt lat="24.882205026224256" lon="121.53646501712501">
        <ele>101</ele>
        <time>2025-05-30T01:17:08Z</time>
      </trkpt>
      <trkpt lat="24.882203014567494" lon="121.536454036831856">
        <ele>101</ele>
        <time>2025-05-30T01:17:17Z</time>
      </trkpt>
      <trkpt lat="24.882202008739114" lon="121.53644397854805">
        <ele>102</ele>
        <time>2025-05-30T01:17:23Z</time>
      </trkpt>
      <trkpt lat="24.882204020395875" lon="121.536434004083276">
        <ele>103</ele>
        <time>2025-05-30T01:17:27Z</time>
      </trkpt>
      <trkpt lat="24.882196979597211" lon="121.536427969112992">
        <ele>104</ele>
        <time>2025-05-30T01:17:31Z</time>
      </trkpt>
      <trkpt lat="24.882178958505392" lon="121.536423023790121">
        <ele>104</ele>
        <time>2025-05-30T01:17:35Z</time>
      </trkpt>
      <trkpt lat="24.882182981818914" lon="121.536412965506315">
        <ele>103</ele>
        <time>2025-05-30T01:17:39Z</time>
      </trkpt>
      <trkpt lat="24.882191028445959" lon="121.536396034061909">
        <ele>104</ele>
        <time>2025-05-30T01:17:43Z</time>
      </trkpt>
      <trkpt lat="24.882199997082353" lon="121.536387987434864">
        <ele>105</ele>
        <time>2025-05-30T01:17:47Z</time>
      </trkpt>
      <trkpt lat="24.882212989032269" lon="121.536382036283612">
        <ele>105</ele>
        <time>2025-05-30T01:17:52Z</time>
      </trkpt>
      <trkpt lat="24.882220029830933" lon="121.536392010748386">
        <ele>102</ele>
        <time>2025-05-30T01:17:56Z</time>
      </trkpt>
      <trkpt lat="24.882231010124087" lon="121.536385975778103">
        <ele>99</ele>
        <time>2025-05-30T01:18:00Z</time>
      </trkpt>
      <trkpt lat="24.8822389729321" lon="121.53637901879847">
        <ele>98</ele>
        <time>2025-05-30T01:18:08Z</time>
      </trkpt>
      <trkpt lat="24.88223503343761" lon="121.536368960514665">
        <ele>98</ele>
        <time>2025-05-30T01:18:12Z</time>
      </trkpt>
      <trkpt lat="24.882232015952468" lon="121.536358986049891">
        <ele>99</ele>
        <time>2025-05-30T01:18:22Z</time>
      </trkpt>
      <trkpt lat="24.88223796710372" lon="121.536351023241878">
        <ele>100</ele>
        <time>2025-05-30T01:18:27Z</time>
      </trkpt>
      <trkpt lat="24.882240984588861" lon="121.536340964958072">
        <ele>99</ele>
        <time>2025-05-30T01:18:34Z</time>
      </trkpt>
      <trkpt lat="24.882232015952468" lon="121.536325039342046">
        <ele>100</ele>
        <time>2025-05-30T01:18:38Z</time>
      </trkpt>
      <trkpt lat="24.882224975153804" lon="121.536308024078608">
        <ele>101</ele>
        <time>2025-05-30T01:18:42Z</time>
      </trkpt>
      <trkpt lat="24.882212989032269" lon="121.536291008815169">
        <ele>103</ele>
        <time>2025-05-30T01:18:46Z</time>
      </trkpt>
      <trkpt lat="24.882209971547127" lon="121.536278016865253">
        <ele>104</ele>
        <time>2025-05-30T01:18:50Z</time>
      </trkpt>
      <trkpt lat="24.882218018174171" lon="121.536267958581448">
        <ele>104</ele>
        <time>2025-05-30T01:18:53Z</time>
      </trkpt>
      <trkpt lat="24.882207037881017" lon="121.536256978288293">
        <ele>105</ele>
        <time>2025-05-30T01:18:57Z</time>
      </trkpt>
      <trkpt lat="24.882201002910733" lon="121.536244992166758">
        <ele>106</ele>
        <time>2025-05-30T01:19:01Z</time>
      </trkpt>
      <trkpt lat="24.882193962112069" lon="121.536238035187125">
        <ele>105</ele>
        <time>2025-05-30T01:19:04Z</time>
      </trkpt>
      <trkpt lat="24.882185999304056" lon="121.536224959418178">
        <ele>107</ele>
        <time>2025-05-30T01:19:08Z</time>
      </trkpt>
      <trkpt lat="24.882187005132437" lon="121.536209033802152">
        <ele>107</ele>
        <time>2025-05-30T01:19:12Z</time>
      </trkpt>
      <trkpt lat="24.882196979597211" lon="121.536210961639881">
        <ele>107</ele>
        <time>2025-05-30T01:19:18Z</time>
      </trkpt>
      <trkpt lat="24.88219203427434" lon="121.536202998831868">
        <ele>108</ele>
        <time>2025-05-30T01:19:22Z</time>
      </trkpt>
      <trkpt lat="24.882189016789198" lon="121.53618598356843">
        <ele>108</ele>
        <time>2025-05-30T01:19:26Z</time>
      </trkpt>
      <trkpt lat="24.882189016789198" lon="121.536172991618514">
        <ele>107</ele>
        <time>2025-05-30T01:19:32Z</time>
      </trkpt>
      <trkpt lat="24.882178958505392" lon="121.536152958869934">
        <ele>108</ele>
        <time>2025-05-30T01:19:36Z</time>
      </trkpt>
      <trkpt lat="24.882185999304056" lon="121.536143990233541">
        <ele>107</ele>
        <time>2025-05-30T01:19:40Z</time>
      </trkpt>
      <trkpt lat="24.882181975990534" lon="121.536130998283625">
        <ele>107</ele>
        <time>2025-05-30T01:19:44Z</time>
      </trkpt>
      <trkpt lat="24.882189016789198" lon="121.536123035475612">
        <ele>107</ele>
        <time>2025-05-30T01:19:50Z</time>
      </trkpt>
      <trkpt lat="24.88219304010272" lon="121.536107026040554">
        <ele>106</ele>
        <time>2025-05-30T01:19:57Z</time>
      </trkpt>
      <trkpt lat="24.88219203427434" lon="121.536095961928368">
        <ele>106</ele>
        <time>2025-05-30T01:20:02Z</time>
      </trkpt>
      <trkpt lat="24.88219496794045" lon="121.5360770188272">
        <ele>106</ele>
        <time>2025-05-30T01:20:12Z</time>
      </trkpt>
      <trkpt lat="24.882206032052636" lon="121.536069978028536">
        <ele>107</ele>
        <time>2025-05-30T01:20:20Z</time>
      </trkpt>
      <trkpt lat="24.882208965718746" lon="121.536052962765098">
        <ele>107</ele>
        <time>2025-05-30T01:20:24Z</time>
      </trkpt>
      <trkpt lat="24.882197985425591" lon="121.536053968593478">
        <ele>107</ele>
        <time>2025-05-30T01:20:28Z</time>
      </trkpt>
      <trkpt lat="24.882188010960817" lon="121.536051034927368">
        <ele>107</ele>
        <time>2025-05-30T01:20:34Z</time>
      </trkpt>
      <trkpt lat="24.882178036496043" lon="121.536044999957085">
        <ele>108</ele>
        <time>2025-05-30T01:20:38Z</time>
      </trkpt>
      <trkpt lat="24.882185999304056" lon="121.536023961380124">
        <ele>107</ele>
        <time>2025-05-30T01:20:42Z</time>
      </trkpt>
      <trkpt lat="24.882175019010901" lon="121.536023039370775">
        <ele>106</ele>
        <time>2025-05-30T01:20:46Z</time>
      </trkpt>
      <trkpt lat="24.882164960727096" lon="121.536018010228872">
        <ele>107</ele>
        <time>2025-05-30T01:20:50Z</time>
      </trkpt>
      <trkpt lat="24.882153980433941" lon="121.536021027714014">
        <ele>106</ele>
        <time>2025-05-30T01:20:56Z</time>
      </trkpt>
      <trkpt lat="24.88215196877718" lon="121.536009963601828">
        <ele>107</ele>
        <time>2025-05-30T01:21:01Z</time>
      </trkpt>
      <trkpt lat="24.882164960727096" lon="121.535998983308673">
        <ele>106</ele>
        <time>2025-05-30T01:21:05Z</time>
      </trkpt>
      <trkpt lat="24.882170995697379" lon="121.535986997187138">
        <ele>107</ele>
        <time>2025-05-30T01:21:09Z</time>
      </trkpt>
      <trkpt lat="24.882179964333773" lon="121.535980040207505">
        <ele>107</ele>
        <time>2025-05-30T01:21:19Z</time>
      </trkpt>
      <trkpt lat="24.882182981818914" lon="121.535966964438558">
        <ele>108</ele>
        <time>2025-05-30T01:21:23Z</time>
      </trkpt>
      <trkpt lat="24.882191028445959" lon="121.535963024944067">
        <ele>107</ele>
        <time>2025-05-30T01:21:28Z</time>
      </trkpt>
      <trkpt lat="24.882188010960817" lon="121.535951038822532">
        <ele>107</ele>
        <time>2025-05-30T01:21:32Z</time>
      </trkpt>
      <trkpt lat="24.882191028445959" lon="121.535962019115686">
        <ele>107</ele>
        <time>2025-05-30T01:21:40Z</time>
      </trkpt>
      <trkpt lat="24.882189016789198" lon="121.535951038822532">
        <ele>106</ele>
        <time>2025-05-30T01:21:51Z</time>
      </trkpt>
      <trkpt lat="24.882185999304056" lon="121.535938968881965">
        <ele>105</ele>
        <time>2025-05-30T01:22:07Z</time>
      </trkpt>
      <trkpt lat="24.882189016789198" lon="121.53592798858881">
        <ele>104</ele>
        <time>2025-05-30T01:22:13Z</time>
      </trkpt>
      <trkpt lat="24.882199997082353" lon="121.535900998860598">
        <ele>104</ele>
        <time>2025-05-30T01:22:17Z</time>
      </trkpt>
      <trkpt lat="24.882190022617579" lon="121.535892030224204">
        <ele>106</ele>
        <time>2025-05-30T01:22:23Z</time>
      </trkpt>
      <trkpt lat="24.88219203427434" lon="121.535878032445908">
        <ele>105</ele>
        <time>2025-05-30T01:22:34Z</time>
      </trkpt>
      <trkpt lat="24.88219203427434" lon="121.535861017182469">
        <ele>105</ele>
        <time>2025-05-30T01:22:38Z</time>
      </trkpt>
      <trkpt lat="24.88219203427434" lon="121.535850036889315">
        <ele>105</ele>
        <time>2025-05-30T01:22:42Z</time>
      </trkpt>
      <trkpt lat="24.882197985425591" lon="121.535835033282638">
        <ele>103</ele>
        <time>2025-05-30T01:22:47Z</time>
      </trkpt>
      <trkpt lat="24.882184993475676" lon="121.535834027454257">
        <ele>103</ele>
        <time>2025-05-30T01:22:51Z</time>
      </trkpt>
      <trkpt lat="24.882184993475676" lon="121.535822963342071">
        <ele>102</ele>
        <time>2025-05-30T01:23:06Z</time>
      </trkpt>
      <trkpt lat="24.882178958505392" lon="121.535812988877296">
        <ele>101</ele>
        <time>2025-05-30T01:23:39Z</time>
      </trkpt>
      <trkpt lat="24.882179964333773" lon="121.535794967785478">
        <ele>101</ele>
        <time>2025-05-30T01:23:43Z</time>
      </trkpt>
      <trkpt lat="24.882182981818914" lon="121.535784993320704">
        <ele>101</ele>
        <time>2025-05-30T01:23:51Z</time>
      </trkpt>
      <trkpt lat="24.882177030667663" lon="121.535774013027549">
        <ele>100</ele>
        <time>2025-05-30T01:23:58Z</time>
      </trkpt>
      <trkpt lat="24.882166972383857" lon="121.535767978057265">
        <ele>106</ele>
        <time>2025-05-30T01:24:31Z</time>
      </trkpt>
      <trkpt lat="24.882179964333773" lon="121.535772001370788">
        <ele>104</ele>
        <time>2025-05-30T01:24:54Z</time>
      </trkpt>
      <trkpt lat="24.882184993475676" lon="121.535760015249252">
        <ele>103</ele>
        <time>2025-05-30T01:24:59Z</time>
      </trkpt>
      <trkpt lat="24.88219203427434" lon="121.535737970843911">
        <ele>103</ele>
        <time>2025-05-30T01:25:03Z</time>
      </trkpt>
      <trkpt lat="24.882187005132437" lon="121.535726990550756">
        <ele>103</ele>
        <time>2025-05-30T01:25:08Z</time>
      </trkpt>
      <trkpt lat="24.882177030667663" lon="121.535719027742743">
        <ele>104</ele>
        <time>2025-05-30T01:25:13Z</time>
      </trkpt>
      <trkpt lat="24.882177030667663" lon="121.535707041621208">
        <ele>102</ele>
        <time>2025-05-30T01:25:19Z</time>
      </trkpt>
      <trkpt lat="24.882176024839282" lon="121.535695977509022">
        <ele>103</ele>
        <time>2025-05-30T01:25:23Z</time>
      </trkpt>
      <trkpt lat="24.882182981818914" lon="121.535682985559106">
        <ele>103</ele>
        <time>2025-05-30T01:25:27Z</time>
      </trkpt>
      <trkpt lat="24.882187005132437" lon="121.535668987780809">
        <ele>102</ele>
        <time>2025-05-30T01:25:32Z</time>
      </trkpt>
      <trkpt lat="24.882178958505392" lon="121.535652978345752">
        <ele>103</ele>
        <time>2025-05-30T01:25:36Z</time>
      </trkpt>
      <trkpt lat="24.882178958505392" lon="121.535635041072965">
        <ele>103</ele>
        <time>2025-05-30T01:25:40Z</time>
      </trkpt>
      <trkpt lat="24.882178036496043" lon="121.535622971132398">
        <ele>103</ele>
        <time>2025-05-30T01:25:44Z</time>
      </trkpt>
      <trkpt lat="24.88217300735414" lon="121.535614002496004">
        <ele>104</ele>
        <time>2025-05-30T01:25:49Z</time>
      </trkpt>
      <trkpt lat="24.88217200152576" lon="121.535603022202849">
        <ele>103</ele>
        <time>2025-05-30T01:25:56Z</time>
      </trkpt>
      <trkpt lat="24.882164960727096" lon="121.535595981404185">
        <ele>103</ele>
        <time>2025-05-30T01:26:01Z</time>
      </trkpt>
      <trkpt lat="24.882166972383857" lon="121.535585001111031">
        <ele>102</ele>
        <time>2025-05-30T01:26:05Z</time>
      </trkpt>
      <trkpt lat="24.88217300735414" lon="121.535573014989495">
        <ele>104</ele>
        <time>2025-05-30T01:26:12Z</time>
      </trkpt>
      <trkpt lat="24.882179964333773" lon="121.535565974190831">
        <ele>103</ele>
        <time>2025-05-30T01:26:21Z</time>
      </trkpt>
      <trkpt lat="24.882183987647295" lon="121.535557005554438">
        <ele>104</ele>
        <time>2025-05-30T01:26:29Z</time>
      </trkpt>
      <trkpt lat="24.882177030667663" lon="121.535545019432902">
        <ele>104</ele>
        <time>2025-05-30T01:26:37Z</time>
      </trkpt>
      <trkpt lat="24.88217300735414" lon="121.535534961149096">
        <ele>103</ele>
        <time>2025-05-30T01:26:41Z</time>
      </trkpt>
      <trkpt lat="24.882159009575844" lon="121.535532027482986">
        <ele>104</ele>
        <time>2025-05-30T01:26:45Z</time>
      </trkpt>
      <trkpt lat="24.882148029282689" lon="121.535524986684322">
        <ele>104</ele>
        <time>2025-05-30T01:26:49Z</time>
      </trkpt>
      <trkpt lat="24.88215196877718" lon="121.535515012219548">
        <ele>104</ele>
        <time>2025-05-30T01:27:08Z</time>
      </trkpt>
      <trkpt lat="24.882158003747463" lon="121.535507971420884">
        <ele>105</ele>
        <time>2025-05-30T01:27:20Z</time>
      </trkpt>
      <trkpt lat="24.882156997919083" lon="121.535494979470968">
        <ele>106</ele>
        <time>2025-05-30T01:27:31Z</time>
      </trkpt>
      <trkpt lat="24.882158003747463" lon="121.535479975864291">
        <ele>107</ele>
        <time>2025-05-30T01:27:35Z</time>
      </trkpt>
      <trkpt lat="24.88215004093945" lon="121.535474024713039">
        <ele>106</ele>
        <time>2025-05-30T01:27:41Z</time>
      </trkpt>
      <trkpt lat="24.882147023454309" lon="121.535462960600853">
        <ele>106</ele>
        <time>2025-05-30T01:27:45Z</time>
      </trkpt>
      <trkpt lat="24.882145011797547" lon="121.535453991964459">
        <ele>106</ele>
        <time>2025-05-30T01:27:57Z</time>
      </trkpt>
      <trkpt lat="24.882135037332773" lon="121.53545499779284">
        <ele>105</ele>
        <time>2025-05-30T01:28:17Z</time>
      </trkpt>
      <trkpt lat="24.882131014019251" lon="121.535463966429234">
        <ele>105</ele>
        <time>2025-05-30T01:28:22Z</time>
      </trkpt>
      <trkpt lat="24.882118022069335" lon="121.535467989742756">
        <ele>104</ele>
        <time>2025-05-30T01:28:52Z</time>
      </trkpt>
      <trkpt lat="24.882112992927432" lon="121.535460026934743">
        <ele>104</ele>
        <time>2025-05-30T01:29:00Z</time>
      </trkpt>
      <trkpt lat="24.882080974057317" lon="121.535438988357782">
        <ele>112</ele>
        <time>2025-05-30T01:29:04Z</time>
      </trkpt>
      <trkpt lat="24.882103018462658" lon="121.535491961985826">
        <ele>119</ele>
        <time>2025-05-30T01:29:08Z</time>
      </trkpt>
      <trkpt lat="24.882121039554477" lon="121.535504031926394">
        <ele>108</ele>
        <time>2025-05-30T01:29:12Z</time>
      </trkpt>
      <trkpt lat="24.882138976827264" lon="121.535487016662955">
        <ele>104</ele>
        <time>2025-05-30T01:29:16Z</time>
      </trkpt>
      <trkpt lat="24.882139982655644" lon="121.535476958379149">
        <ele>103</ele>
        <time>2025-05-30T01:29:29Z</time>
      </trkpt>
      <trkpt lat="24.882137970998883" lon="121.535466983914375">
        <ele>104</ele>
        <time>2025-05-30T01:30:02Z</time>
      </trkpt>
      <trkpt lat="24.882144005969167" lon="121.535456003621221">
        <ele>104</ele>
        <time>2025-05-30T01:30:11Z</time>
      </trkpt>
      <trkpt lat="24.88215196877718" lon="121.535448962822556">
        <ele>105</ele>
        <time>2025-05-30T01:30:20Z</time>
      </trkpt>
      <trkpt lat="24.882143000140786" lon="121.535439994186163">
        <ele>104</ele>
        <time>2025-05-30T01:30:34Z</time>
      </trkpt>
      <trkpt lat="24.882134031504393" lon="121.535443011671305">
        <ele>102</ele>
        <time>2025-05-30T01:30:38Z</time>
      </trkpt>
      <trkpt lat="24.882134031504393" lon="121.535453991964459">
        <ele>103</ele>
        <time>2025-05-30T01:30:57Z</time>
      </trkpt>
      <trkpt lat="24.882139982655644" lon="121.535462038591504">
        <ele>103</ele>
        <time>2025-05-30T01:31:16Z</time>
      </trkpt>
      <trkpt lat="24.882141994312406" lon="121.535472013056278">
        <ele>106</ele>
        <time>2025-05-30T01:31:49Z</time>
      </trkpt>
      <trkpt lat="24.882131014019251" lon="121.535465978085995">
        <ele>105</ele>
        <time>2025-05-30T01:32:07Z</time>
      </trkpt>
      <trkpt lat="24.882136965170503" lon="121.535491039976478">
        <ele>111</ele>
        <time>2025-05-30T01:32:11Z</time>
      </trkpt>
      <trkpt lat="24.882132019847631" lon="121.535509983077645">
        <ele>115</ele>
        <time>2025-05-30T01:32:18Z</time>
      </trkpt>
      <trkpt lat="24.882126990705729" lon="121.535491039976478">
        <ele>116</ele>
        <time>2025-05-30T01:32:22Z</time>
      </trkpt>
      <trkpt lat="24.882158003747463" lon="121.535443011671305">
        <ele>107</ele>
        <time>2025-05-30T01:32:26Z</time>
      </trkpt>
      <trkpt lat="24.882150962948799" lon="121.535435970872641">
        <ele>104</ele>
        <time>2025-05-30T01:32:30Z</time>
      </trkpt>
      <trkpt lat="24.882154986262321" lon="121.535425996407866">
        <ele>103</ele>
        <time>2025-05-30T01:32:46Z</time>
      </trkpt>
      <trkpt lat="24.882164960727096" lon="121.535427002236247">
        <ele>103</ele>
        <time>2025-05-30T01:32:53Z</time>
      </trkpt>
      <trkpt lat="24.882164038717747" lon="121.535436976701021">
        <ele>103</ele>
        <time>2025-05-30T01:33:19Z</time>
      </trkpt>
      <trkpt lat="24.882164960727096" lon="121.535427002236247">
        <ele>103</ele>
        <time>2025-05-30T01:33:31Z</time>
      </trkpt>
      <trkpt lat="24.882156997919083" lon="121.535433037206531">
        <ele>103</ele>
        <time>2025-05-30T01:33:39Z</time>
      </trkpt>
      <trkpt lat="24.88217300735414" lon="121.535427002236247">
        <ele>102</ele>
        <time>2025-05-30T01:33:48Z</time>
      </trkpt>
      <trkpt lat="24.882161021232605" lon="121.535430019721389">
        <ele>103</ele>
        <time>2025-05-30T01:33:53Z</time>
      </trkpt>
      <trkpt lat="24.88215196877718" lon="121.535433959215879">
        <ele>103</ele>
        <time>2025-05-30T01:34:02Z</time>
      </trkpt>
      <trkpt lat="24.882168984040618" lon="121.53543203137815">
        <ele>103</ele>
        <time>2025-05-30T01:34:06Z</time>
      </trkpt>
      <trkpt lat="24.882174013182521" lon="121.535419039428234">
        <ele>101</ele>
        <time>2025-05-30T01:34:10Z</time>
      </trkpt>
      <trkpt lat="24.882160015404224" lon="121.535435970872641">
        <ele>100</ele>
        <time>2025-05-30T01:34:14Z</time>
      </trkpt>
      <trkpt lat="24.88215004093945" lon="121.535433959215879">
        <ele>101</ele>
        <time>2025-05-30T01:34:21Z</time>
      </trkpt>
      <trkpt lat="24.882141994312406" lon="121.535437982529402">
        <ele>103</ele>
        <time>2025-05-30T01:34:32Z</time>
      </trkpt>
      <trkpt lat="24.882139982655644" lon="121.535424990579486">
        <ele>102</ele>
        <time>2025-05-30T01:35:08Z</time>
      </trkpt>
      <trkpt lat="24.882125984877348" lon="121.535416021943092">
        <ele>102</ele>
        <time>2025-05-30T01:35:12Z</time>
      </trkpt>
      <trkpt lat="24.882121039554477" lon="121.535395989194512">
        <ele>103</ele>
        <time>2025-05-30T01:35:16Z</time>
      </trkpt>
      <trkpt lat="24.882120033726096" lon="121.535386014729738">
        <ele>102</ele>
        <time>2025-05-30T01:35:31Z</time>
      </trkpt>
      <trkpt lat="24.882122967392206" lon="121.535398000851274">
        <ele>105</ele>
        <time>2025-05-30T01:35:53Z</time>
      </trkpt>
      <trkpt lat="24.88210704177618" lon="121.535410992801189">
        <ele>106</ele>
        <time>2025-05-30T01:36:02Z</time>
      </trkpt>
      <trkpt lat="24.882116010412574" lon="121.535405963659286">
        <ele>106</ele>
        <time>2025-05-30T01:36:06Z</time>
      </trkpt>
      <trkpt lat="24.882113998755813" lon="121.535416021943092">
        <ele>104</ele>
        <time>2025-05-30T01:36:54Z</time>
      </trkpt>
      <trkpt lat="24.882103018462658" lon="121.535410992801189">
        <ele>103</ele>
        <time>2025-05-30T01:37:04Z</time>
      </trkpt>
      <trkpt lat="24.882098995149136" lon="121.535403029993176">
        <ele>104</ele>
        <time>2025-05-30T01:37:28Z</time>
      </trkpt>
      <trkpt lat="24.88208600319922" lon="121.535398000851274">
        <ele>104</ele>
        <time>2025-05-30T01:37:37Z</time>
      </trkpt>
      <trkpt lat="24.882083991542459" lon="121.535388026386499">
        <ele>104</ele>
        <time>2025-05-30T01:37:42Z</time>
      </trkpt>
      <trkpt lat="24.882078962400556" lon="121.535377968102694">
        <ele>105</ele>
        <time>2025-05-30T01:37:51Z</time>
      </trkpt>
      <trkpt lat="24.882070999592543" lon="121.535372016951442">
        <ele>105</ele>
        <time>2025-05-30T01:38:12Z</time>
      </trkpt>
      <trkpt lat="24.88206697627902" lon="121.535361958667636">
        <ele>105</ele>
        <time>2025-05-30T01:38:17Z</time>
      </trkpt>
      <trkpt lat="24.882058007642627" lon="121.535349972546101">
        <ele>105</ele>
        <time>2025-05-30T01:38:22Z</time>
      </trkpt>
      <trkpt lat="24.882053984329104" lon="121.535338992252946">
        <ele>105</ele>
        <time>2025-05-30T01:38:26Z</time>
      </trkpt>
      <trkpt lat="24.88204400986433" lon="121.535338992252946">
        <ele>105</ele>
        <time>2025-05-30T01:38:46Z</time>
      </trkpt>
      <trkpt lat="24.882035963237286" lon="121.535329017788172">
        <ele>104</ele>
        <time>2025-05-30T01:38:52Z</time>
      </trkpt>
      <trkpt lat="24.882035963237286" lon="121.535314014181495">
        <ele>103</ele>
        <time>2025-05-30T01:38:57Z</time>
      </trkpt>
      <trkpt lat="24.882025988772511" lon="121.535331029444933">
        <ele>105</ele>
        <time>2025-05-30T01:39:01Z</time>
      </trkpt>
      <trkpt lat="24.88202297128737" lon="121.535319965332747">
        <ele>105</ele>
        <time>2025-05-30T01:39:05Z</time>
      </trkpt>
      <trkpt lat="24.882018025964499" lon="121.535329017788172">
        <ele>105</ele>
        <time>2025-05-30T01:39:10Z</time>
      </trkpt>
      <trkpt lat="24.882024982944131" lon="121.535347960889339">
        <ele>104</ele>
        <time>2025-05-30T01:39:14Z</time>
      </trkpt>
      <trkpt lat="24.882030012086034" lon="121.535328011959791">
        <ele>104</ele>
        <time>2025-05-30T01:39:18Z</time>
      </trkpt>
      <trkpt lat="24.882026994600892" lon="121.535318959504366">
        <ele>104</ele>
        <time>2025-05-30T01:39:22Z</time>
      </trkpt>
      <trkpt lat="24.882015008479357" lon="121.535318037495017">
        <ele>104</ele>
        <time>2025-05-30T01:39:27Z</time>
      </trkpt>
      <trkpt lat="24.882005034014583" lon="121.535313008353114">
        <ele>105</ele>
        <time>2025-05-30T01:39:44Z</time>
      </trkpt>
      <trkpt lat="24.882006039842963" lon="121.535302028059959">
        <ele>105</ele>
        <time>2025-05-30T01:39:59Z</time>
      </trkpt>
      <trkpt lat="24.882005034014583" lon="121.535289958119392">
        <ele>105</ele>
        <time>2025-05-30T01:40:08Z</time>
      </trkpt>
      <trkpt lat="24.882006039842963" lon="121.535300016403198">
        <ele>105</ele>
        <time>2025-05-30T01:40:12Z</time>
      </trkpt>
      <trkpt lat="24.882016014307737" lon="121.535291969776154">
        <ele>103</ele>
        <time>2025-05-30T01:40:21Z</time>
      </trkpt>
      <trkpt lat="24.882019031792879" lon="121.535281995311379">
        <ele>103</ele>
        <time>2025-05-30T01:40:55Z</time>
      </trkpt>
      <trkpt lat="24.882012996822596" lon="121.535271015018225">
        <ele>104</ele>
        <time>2025-05-30T01:41:01Z</time>
      </trkpt>
      <trkpt lat="24.882017020136118" lon="121.535256011411548">
        <ele>104</ele>
        <time>2025-05-30T01:41:05Z</time>
      </trkpt>
      <trkpt lat="24.882010985165834" lon="121.535246036946774">
        <ele>104</ele>
        <time>2025-05-30T01:41:10Z</time>
      </trkpt>
      <trkpt lat="24.881991958245635" lon="121.535237990319729">
        <ele>104</ele>
        <time>2025-05-30T01:41:14Z</time>
      </trkpt>
      <trkpt lat="24.881986007094383" lon="121.535251988098025">
        <ele>103</ele>
        <time>2025-05-30T01:41:18Z</time>
      </trkpt>
      <trkpt lat="24.88197703845799" lon="121.535249976441264">
        <ele>103</ele>
        <time>2025-05-30T01:41:22Z</time>
      </trkpt>
      <trkpt lat="24.881966980174184" lon="121.535244025290012">
        <ele>105</ele>
        <time>2025-05-30T01:41:27Z</time>
      </trkpt>
      <trkpt lat="24.88195801153779" lon="121.535236984491348">
        <ele>105</ele>
        <time>2025-05-30T01:41:32Z</time>
      </trkpt>
      <trkpt lat="24.881963040679693" lon="121.535221980884671">
        <ele>106</ele>
        <time>2025-05-30T01:41:37Z</time>
      </trkpt>
      <trkpt lat="24.881953988224268" lon="121.535218041390181">
        <ele>106</ele>
        <time>2025-05-30T01:41:41Z</time>
      </trkpt>
      <trkpt lat="24.881946025416255" lon="121.535211000591516">
        <ele>106</ele>
        <time>2025-05-30T01:41:44Z</time>
      </trkpt>
      <trkpt lat="24.881932027637959" lon="121.535203959792852">
        <ele>106</ele>
        <time>2025-05-30T01:41:48Z</time>
      </trkpt>
      <trkpt lat="24.881923981010914" lon="121.535192979499698">
        <ele>106</ele>
        <time>2025-05-30T01:41:52Z</time>
      </trkpt>
      <trkpt lat="24.88191400654614" lon="121.535184010863304">
        <ele>106</ele>
        <time>2025-05-30T01:41:57Z</time>
      </trkpt>
      <trkpt lat="24.881901014596224" lon="121.53517403639853">
        <ele>106</ele>
        <time>2025-05-30T01:42:01Z</time>
      </trkpt>
      <trkpt lat="24.881905959919095" lon="121.535164983943105">
        <ele>106</ele>
        <time>2025-05-30T01:42:04Z</time>
      </trkpt>
      <trkpt lat="24.881904032081366" lon="121.535151991993189">
        <ele>105</ele>
        <time>2025-05-30T01:42:08Z</time>
      </trkpt>
      <trkpt lat="24.881903026252985" lon="121.535161966457963">
        <ele>105</ele>
        <time>2025-05-30T01:42:11Z</time>
      </trkpt>
      <trkpt lat="24.881895985454321" lon="121.53515400364995">
        <ele>104</ele>
        <time>2025-05-30T01:42:18Z</time>
      </trkpt>
      <trkpt lat="24.881886010989547" lon="121.535155009478331">
        <ele>104</ele>
        <time>2025-05-30T01:42:24Z</time>
      </trkpt>
      <trkpt lat="24.881880981847644" lon="121.535143023356795">
        <ele>103</ele>
        <time>2025-05-30T01:42:33Z</time>
      </trkpt>
      <trkpt lat="24.881876958534122" lon="121.53513103723526">
        <ele>102</ele>
        <time>2025-05-30T01:42:48Z</time>
      </trkpt>
      <trkpt lat="24.88187100738287" lon="121.535123996436596">
        <ele>103</ele>
        <time>2025-05-30T01:43:00Z</time>
      </trkpt>
      <trkpt lat="24.881852986291051" lon="121.535099018365145">
        <ele>104</ele>
        <time>2025-05-30T01:43:04Z</time>
      </trkpt>
      <trkpt lat="24.881841000169516" lon="121.535106981173158">
        <ele>105</ele>
        <time>2025-05-30T01:43:08Z</time>
      </trkpt>
      <trkpt lat="24.881825996562839" lon="121.535103963688016">
        <ele>106</ele>
        <time>2025-05-30T01:43:12Z</time>
      </trkpt>
      <trkpt lat="24.881816022098064" lon="121.535117039456964">
        <ele>107</ele>
        <time>2025-05-30T01:43:45Z</time>
      </trkpt>
      <trkpt lat="24.881819961592555" lon="121.535106981173158">
        <ele>105</ele>
        <time>2025-05-30T01:44:17Z</time>
      </trkpt>
      <trkpt lat="24.881817027926445" lon="121.535094995051622">
        <ele>104</ele>
        <time>2025-05-30T01:44:22Z</time>
      </trkpt>
      <trkpt lat="24.881811998784542" lon="121.535106981173158">
        <ele>106</ele>
        <time>2025-05-30T01:44:30Z</time>
      </trkpt>
      <trkpt lat="24.881800012663007" lon="121.535098012536764">
        <ele>107</ele>
        <time>2025-05-30T01:44:34Z</time>
      </trkpt>
      <trkpt lat="24.881811998784542" lon="121.535086026415229">
        <ele>109</ele>
        <time>2025-05-30T01:44:38Z</time>
      </trkpt>
      <trkpt lat="24.881816022098064" lon="121.535071022808552">
        <ele>109</ele>
        <time>2025-05-30T01:44:42Z</time>
      </trkpt>
      <trkpt lat="24.881817027926445" lon="121.535045960918069">
        <ele>109</ele>
        <time>2025-05-30T01:44:46Z</time>
      </trkpt>
      <trkpt lat="24.881810992956161" lon="121.535015031695366">
        <ele>109</ele>
        <time>2025-05-30T01:44:50Z</time>
      </trkpt>
      <trkpt lat="24.8818089812994" lon="121.534992987290025">
        <ele>108</ele>
        <time>2025-05-30T01:44:54Z</time>
      </trkpt>
      <trkpt lat="24.881801018491387" lon="121.534987036138773">
        <ele>109</ele>
        <time>2025-05-30T01:45:01Z</time>
      </trkpt>
      <trkpt lat="24.881805963814259" lon="121.534970020875335">
        <ele>109</ele>
        <time>2025-05-30T01:45:05Z</time>
      </trkpt>
      <trkpt lat="24.881798001006246" lon="121.534965997561812">
        <ele>109</ele>
        <time>2025-05-30T01:45:09Z</time>
      </trkpt>
      <trkpt lat="24.881799006834626" lon="121.534944036975503">
        <ele>110</ele>
        <time>2025-05-30T01:45:13Z</time>
      </trkpt>
      <trkpt lat="24.881793977692723" lon="121.534930961206555">
        <ele>112</ele>
        <time>2025-05-30T01:45:38Z</time>
      </trkpt>
      <trkpt lat="24.881789032369852" lon="121.534920986741781">
        <ele>113</ele>
        <time>2025-05-30T01:45:52Z</time>
      </trkpt>
      <trkpt lat="24.881790960207582" lon="121.534911012277007">
        <ele>112</ele>
        <time>2025-05-30T01:46:03Z</time>
      </trkpt>
      <trkpt lat="24.881780985742807" lon="121.534910006448627">
        <ele>112</ele>
        <time>2025-05-30T01:46:09Z</time>
      </trkpt>
      <trkpt lat="24.881776962429285" lon="121.53491897508502">
        <ele>111</ele>
        <time>2025-05-30T01:46:21Z</time>
      </trkpt>
      <trkpt lat="24.881773022934794" lon="121.534927021712065">
        <ele>110</ele>
        <time>2025-05-30T01:46:37Z</time>
      </trkpt>
      <trkpt lat="24.88176497630775" lon="121.534934984520078">
        <ele>112</ele>
        <time>2025-05-30T01:47:11Z</time>
      </trkpt>
      <trkpt lat="24.881758019328117" lon="121.534928027540445">
        <ele>113</ele>
        <time>2025-05-30T01:47:20Z</time>
      </trkpt>
      <trkpt lat="24.881757013499737" lon="121.534917969256639">
        <ele>113</ele>
        <time>2025-05-30T01:47:24Z</time>
      </trkpt>
      <trkpt lat="24.88176497630775" lon="121.534913023933768">
        <ele>114</ele>
        <time>2025-05-30T01:47:29Z</time>
      </trkpt>
      <trkpt lat="24.881775034591556" lon="121.534906988963485">
        <ele>114</ele>
        <time>2025-05-30T01:47:40Z</time>
      </trkpt>
      <trkpt lat="24.881773022934794" lon="121.534891985356808">
        <ele>113</ele>
        <time>2025-05-30T01:47:44Z</time>
      </trkpt>
      <trkpt lat="24.881779979914427" lon="121.53487597592175">
        <ele>114</ele>
        <time>2025-05-30T01:47:50Z</time>
      </trkpt>
      <trkpt lat="24.881784003227949" lon="121.534863989800215">
        <ele>113</ele>
        <time>2025-05-30T01:48:06Z</time>
      </trkpt>
      <trkpt lat="24.881790038198233" lon="121.534856026992202">
        <ele>114</ele>
        <time>2025-05-30T01:48:11Z</time>
      </trkpt>
      <trkpt lat="24.881791966035962" lon="121.534841023385525">
        <ele>115</ele>
        <time>2025-05-30T01:48:15Z</time>
      </trkpt>
      <trkpt lat="24.881793977692723" lon="121.534830965101719">
        <ele>114</ele>
        <time>2025-05-30T01:48:19Z</time>
      </trkpt>
      <trkpt lat="24.881784003227949" lon="121.53483297675848">
        <ele>116</ele>
        <time>2025-05-30T01:48:24Z</time>
      </trkpt>
      <trkpt lat="24.881772017106414" lon="121.534837000072002">
        <ele>118</ele>
        <time>2025-05-30T01:48:29Z</time>
      </trkpt>
      <trkpt lat="24.881761958822608" lon="121.534833982586861">
        <ele>116</ele>
        <time>2025-05-30T01:48:33Z</time>
      </trkpt>
      <trkpt lat="24.881753996014595" lon="121.534840017557144">
        <ele>118</ele>
        <time>2025-05-30T01:48:37Z</time>
      </trkpt>
      <trkpt lat="24.881751984357834" lon="121.534826019778848">
        <ele>118</ele>
        <time>2025-05-30T01:48:41Z</time>
      </trkpt>
      <trkpt lat="24.88174301572144" lon="121.534818978980184">
        <ele>117</ele>
        <time>2025-05-30T01:48:57Z</time>
      </trkpt>
      <trkpt lat="24.881734969094396" lon="121.534812022000551">
        <ele>116</ele>
        <time>2025-05-30T01:49:01Z</time>
      </trkpt>
      <trkpt lat="24.881724994629622" lon="121.534815039485693">
        <ele>116</ele>
        <time>2025-05-30T01:49:09Z</time>
      </trkpt>
      <trkpt lat="24.881713008508086" lon="121.534818978980184">
        <ele>116</ele>
        <time>2025-05-30T01:49:13Z</time>
      </trkpt>
      <trkpt lat="24.881718037649989" lon="121.534797018393874">
        <ele>116</ele>
        <time>2025-05-30T01:49:17Z</time>
      </trkpt>
      <trkpt lat="24.881705967709422" lon="121.534807998687029">
        <ele>117</ele>
        <time>2025-05-30T01:49:21Z</time>
      </trkpt>
      <trkpt lat="24.881709991022944" lon="121.534798024222255">
        <ele>117</ele>
        <time>2025-05-30T01:49:25Z</time>
      </trkpt>
      <trkpt lat="24.88169901072979" lon="121.534784026443958">
        <ele>118</ele>
        <time>2025-05-30T01:49:29Z</time>
      </trkpt>
      <trkpt lat="24.881691969931126" lon="121.534776985645294">
        <ele>119</ele>
        <time>2025-05-30T01:49:33Z</time>
      </trkpt>
      <trkpt lat="24.881687024608254" lon="121.534763993695378">
        <ele>118</ele>
        <time>2025-05-30T01:49:37Z</time>
      </trkpt>
      <trkpt lat="24.88167998380959" lon="121.534771034494042">
        <ele>118</ele>
        <time>2025-05-30T01:49:43Z</time>
      </trkpt>
      <trkpt lat="24.881671015173197" lon="121.534780003130436">
        <ele>118</ele>
        <time>2025-05-30T01:49:53Z</time>
      </trkpt>
      <trkpt lat="24.881661962717772" lon="121.534787965938449">
        <ele>117</ele>
        <time>2025-05-30T01:49:57Z</time>
      </trkpt>
      <trkpt lat="24.881659029051661" lon="121.534776985645294">
        <ele>116</ele>
        <time>2025-05-30T01:50:01Z</time>
      </trkpt>
      <trkpt lat="24.881659029051661" lon="121.534764999523759">
        <ele>115</ele>
        <time>2025-05-30T01:50:05Z</time>
      </trkpt>
      <trkpt lat="24.881650982424617" lon="121.534777991473675">
        <ele>117</ele>
        <time>2025-05-30T01:50:09Z</time>
      </trkpt>
      <trkpt lat="24.881642013788223" lon="121.534770028665662">
        <ele>117</ele>
        <time>2025-05-30T01:50:27Z</time>
      </trkpt>
      <trkpt lat="24.881643019616604" lon="121.534757036715746">
        <ele>117</ele>
        <time>2025-05-30T01:50:34Z</time>
      </trkpt>
      <trkpt lat="24.881634972989559" lon="121.534766005352139">
        <ele>118</ele>
        <time>2025-05-30T01:50:50Z</time>
      </trkpt>
      <trkpt lat="24.881628016009927" lon="121.534773968160152">
        <ele>118</ele>
        <time>2025-05-30T01:50:55Z</time>
      </trkpt>
      <trkpt lat="24.881626004353166" lon="121.534761982038617">
        <ele>115</ele>
        <time>2025-05-30T01:51:08Z</time>
      </trkpt>
      <trkpt lat="24.881608989089727" lon="121.534772040322423">
        <ele>115</ele>
        <time>2025-05-30T01:51:13Z</time>
      </trkpt>
      <trkpt lat="24.881615024060011" lon="121.534758964553475">
        <ele>115</ele>
        <time>2025-05-30T01:51:17Z</time>
      </trkpt>
      <trkpt lat="24.881604965776205" lon="121.534755025058985">
        <ele>116</ele>
        <time>2025-05-30T01:51:23Z</time>
      </trkpt>
      <trkpt lat="24.881594991311431" lon="121.534753013402224">
        <ele>116</ele>
        <time>2025-05-30T01:51:37Z</time>
      </trkpt>
      <trkpt lat="24.881581999361515" lon="121.534755025058985">
        <ele>116</ele>
        <time>2025-05-30T01:51:44Z</time>
      </trkpt>
      <trkpt lat="24.881574036553502" lon="121.534745972603559">
        <ele>116</ele>
        <time>2025-05-30T01:51:48Z</time>
      </trkpt>
      <trkpt lat="24.88157001323998" lon="121.534735998138785">
        <ele>117</ele>
        <time>2025-05-30T01:51:56Z</time>
      </trkpt>
      <trkpt lat="24.881541011855006" lon="121.534729041159153">
        <ele>117</ele>
        <time>2025-05-30T01:51:59Z</time>
      </trkpt>
      <trkpt lat="24.881525002419949" lon="121.534729041159153">
        <ele>116</ele>
        <time>2025-05-30T01:52:03Z</time>
      </trkpt>
      <trkpt lat="24.881517039611936" lon="121.534734992310405">
        <ele>117</ele>
        <time>2025-05-30T01:52:14Z</time>
      </trkpt>
      <trkpt lat="24.881508992984891" lon="121.534739015623927">
        <ele>115</ele>
        <time>2025-05-30T01:52:20Z</time>
      </trkpt>
      <trkpt lat="24.881501030176878" lon="121.534744966775179">
        <ele>116</ele>
        <time>2025-05-30T01:52:27Z</time>
      </trkpt>
      <trkpt lat="24.881492983549833" lon="121.534756030887365">
        <ele>116</ele>
        <time>2025-05-30T01:52:35Z</time>
      </trkpt>
      <trkpt lat="24.881498012691736" lon="121.534745972603559">
        <ele>115</ele>
        <time>2025-05-30T01:52:39Z</time>
      </trkpt>
      <trkpt lat="24.881490971893072" lon="121.534735998138785">
        <ele>114</ele>
        <time>2025-05-30T01:52:52Z</time>
      </trkpt>
      <trkpt lat="24.881483009085059" lon="121.534729041159153">
        <ele>114</ele>
        <time>2025-05-30T01:52:56Z</time>
      </trkpt>
      <trkpt lat="24.881482003256679" lon="121.534715965390205">
        <ele>113</ele>
        <time>2025-05-30T01:53:01Z</time>
      </trkpt>
      <trkpt lat="24.881462976336479" lon="121.534730968996882">
        <ele>114</ele>
        <time>2025-05-30T01:53:05Z</time>
      </trkpt>
      <trkpt lat="24.881451996043324" lon="121.534737003967166">
        <ele>114</ele>
        <time>2025-05-30T01:53:10Z</time>
      </trkpt>
      <trkpt lat="24.881451996043324" lon="121.534727029502392">
        <ele>116</ele>
        <time>2025-05-30T01:53:15Z</time>
      </trkpt>
      <trkpt lat="24.881430035457015" lon="121.534731974825263">
        <ele>112</ele>
        <time>2025-05-30T01:53:19Z</time>
      </trkpt>
      <trkpt lat="24.881428023800254" lon="121.534781008958817">
        <ele>117</ele>
        <time>2025-05-30T01:53:23Z</time>
      </trkpt>
      <trkpt lat="24.881431041285396" lon="121.534763993695378">
        <ele>117</ele>
        <time>2025-05-30T01:53:27Z</time>
      </trkpt>
      <trkpt lat="24.881419977173209" lon="121.534764999523759">
        <ele>116</ele>
        <time>2025-05-30T01:53:32Z</time>
      </trkpt>
      <trkpt lat="24.881417965516448" lon="121.534776985645294">
        <ele>117</ele>
        <time>2025-05-30T01:53:36Z</time>
      </trkpt>
      <trkpt lat="24.881437998265028" lon="121.534775979816914">
        <ele>117</ele>
        <time>2025-05-30T01:53:40Z</time>
      </trkpt>
      <trkpt lat="24.881426012143493" lon="121.534780003130436">
        <ele>117</ele>
        <time>2025-05-30T01:53:44Z</time>
      </trkpt>
      <trkpt lat="24.881419977173209" lon="121.534787965938449">
        <ele>116</ele>
        <time>2025-05-30T01:53:48Z</time>
      </trkpt>
      <trkpt lat="24.881410002708435" lon="121.534768017008901">
        <ele>113</ele>
        <time>2025-05-30T01:53:52Z</time>
      </trkpt>
      <trkpt lat="24.881413020193577" lon="121.534749995917082">
        <ele>111</ele>
        <time>2025-05-30T01:53:56Z</time>
      </trkpt>
      <trkpt lat="24.88142098300159" lon="121.534754019230604">
        <ele>113</ele>
        <time>2025-05-30T01:54:15Z</time>
      </trkpt>
      <trkpt lat="24.881426012143493" lon="121.534762987866998">
        <ele>114</ele>
        <time>2025-05-30T01:54:40Z</time>
      </trkpt>
      <trkpt lat="24.881418971344829" lon="121.534772040322423">
        <ele>115</ele>
        <time>2025-05-30T01:55:01Z</time>
      </trkpt>
      <trkpt lat="24.881407991051674" lon="121.534776985645294">
        <ele>113</ele>
        <time>2025-05-30T01:55:08Z</time>
      </trkpt>
      <trkpt lat="24.881400028243661" lon="121.534782014787197">
        <ele>112</ele>
        <time>2025-05-30T01:55:17Z</time>
      </trkpt>
      <trkpt lat="24.881390975788236" lon="121.534784026443958">
        <ele>113</ele>
        <time>2025-05-30T01:55:32Z</time>
      </trkpt>
      <trkpt lat="24.881384018808603" lon="121.534796012565494">
        <ele>115</ele>
        <time>2025-05-30T01:56:24Z</time>
      </trkpt>
      <trkpt lat="24.881373038515449" lon="121.534797018393874">
        <ele>115</ele>
        <time>2025-05-30T01:56:30Z</time>
      </trkpt>
      <trkpt lat="24.881376978009939" lon="121.534785032272339">
        <ele>114</ele>
        <time>2025-05-30T01:56:34Z</time>
      </trkpt>
      <trkpt lat="24.881373960524797" lon="121.534797018393874">
        <ele>114</ele>
        <time>2025-05-30T01:56:53Z</time>
      </trkpt>
      <trkpt lat="24.881364991888404" lon="121.53481001034379">
        <ele>114</ele>
        <time>2025-05-30T01:56:58Z</time>
      </trkpt>
      <trkpt lat="24.881364991888404" lon="121.534823002293706">
        <ele>113</ele>
        <time>2025-05-30T01:57:03Z</time>
      </trkpt>
      <trkpt lat="24.88135501742363" lon="121.534819984808564">
        <ele>114</ele>
        <time>2025-05-30T01:57:08Z</time>
      </trkpt>
      <trkpt lat="24.881357029080391" lon="121.53481001034379">
        <ele>114</ele>
        <time>2025-05-30T01:57:21Z</time>
      </trkpt>
      <trkpt lat="24.881358034908772" lon="121.534799030050635">
        <ele>114</ele>
        <time>2025-05-30T01:57:32Z</time>
      </trkpt>
      <trkpt lat="24.881351999938488" lon="121.534788971766829">
        <ele>113</ele>
        <time>2025-05-30T01:57:44Z</time>
      </trkpt>
      <trkpt lat="24.881344037130475" lon="121.534802969545126">
        <ele>113</ele>
        <time>2025-05-30T01:57:48Z</time>
      </trkpt>
      <trkpt lat="24.881345964968204" lon="121.534792995080352">
        <ele>113</ele>
        <time>2025-05-30T01:57:54Z</time>
      </trkpt>
      <trkpt lat="24.881349988281727" lon="121.534785032272339">
        <ele>113</ele>
        <time>2025-05-30T01:58:11Z</time>
      </trkpt>
      <trkpt lat="24.881354011595249" lon="121.534772962331772">
        <ele>113</ele>
        <time>2025-05-30T01:58:21Z</time>
      </trkpt>
      <trkpt lat="24.881348982453346" lon="121.534782014787197">
        <ele>112</ele>
        <time>2025-05-30T01:58:38Z</time>
      </trkpt>
      <trkpt lat="24.881341019645333" lon="121.534787965938449">
        <ele>113</ele>
        <time>2025-05-30T01:58:43Z</time>
      </trkpt>
      <trkpt lat="24.881331967189908" lon="121.53478997759521">
        <ele>111</ele>
        <time>2025-05-30T01:58:57Z</time>
      </trkpt>
      <trkpt lat="24.881340013816953" lon="121.534784026443958">
        <ele>109</ele>
        <time>2025-05-30T01:59:02Z</time>
      </trkpt>
      <trkpt lat="24.881350994110107" lon="121.534784026443958">
        <ele>110</ele>
        <time>2025-05-30T01:59:11Z</time>
      </trkpt>
      <trkpt lat="24.881344959139824" lon="121.534791989251971">
        <ele>111</ele>
        <time>2025-05-30T01:59:15Z</time>
      </trkpt>
      <trkpt lat="24.881342025473714" lon="121.534803975373507">
        <ele>112</ele>
        <time>2025-05-30T01:59:19Z</time>
      </trkpt>
      <trkpt lat="24.881346970796585" lon="121.534792995080352">
        <ele>113</ele>
        <time>2025-05-30T01:59:31Z</time>
      </trkpt>
      <trkpt lat="24.88133498467505" lon="121.534786960110068">
        <ele>112</ele>
        <time>2025-05-30T01:59:53Z</time>
      </trkpt>
      <trkpt lat="24.881336996331811" lon="121.534774973988533">
        <ele>113</ele>
        <time>2025-05-30T01:59:59Z</time>
      </trkpt>
      <trkpt lat="24.881343031302094" lon="121.534764999523759">
        <ele>113</ele>
        <time>2025-05-30T02:00:06Z</time>
      </trkpt>
      <trkpt lat="24.88133599050343" lon="121.534777991473675">
        <ele>110</ele>
        <time>2025-05-30T02:00:31Z</time>
      </trkpt>
      <trkpt lat="24.881331967189908" lon="121.534768017008901">
        <ele>111</ele>
        <time>2025-05-30T02:00:36Z</time>
      </trkpt>
      <trkpt lat="24.881328027695417" lon="121.534757958725095">
        <ele>112</ele>
        <time>2025-05-30T02:00:44Z</time>
      </trkpt>
      <trkpt lat="24.881320986896753" lon="121.53474697843194">
        <ele>112</ele>
        <time>2025-05-30T02:00:54Z</time>
      </trkpt>
      <trkpt lat="24.881311012431979" lon="121.534727029502392">
        <ele>112</ele>
        <time>2025-05-30T02:00:58Z</time>
      </trkpt>
      <trkpt lat="24.881299026310444" lon="121.534733986482024">
        <ele>111</ele>
        <time>2025-05-30T02:01:04Z</time>
      </trkpt>
      <trkpt lat="24.881290979683399" lon="121.534742033109069">
        <ele>111</ele>
        <time>2025-05-30T02:01:08Z</time>
      </trkpt>
      <trkpt lat="24.881282011047006" lon="121.534743960946798">
        <ele>111</ele>
        <time>2025-05-30T02:01:14Z</time>
      </trkpt>
      <trkpt lat="24.881262984126806" lon="121.534754019230604">
        <ele>111</ele>
        <time>2025-05-30T02:01:18Z</time>
      </trkpt>
      <trkpt lat="24.881256027147174" lon="121.53474697843194">
        <ele>112</ele>
        <time>2025-05-30T02:01:27Z</time>
      </trkpt>
      <trkpt lat="24.881246974691749" lon="121.534741027280688">
        <ele>112</ele>
        <time>2025-05-30T02:01:32Z</time>
      </trkpt>
      <trkpt lat="24.881245968863368" lon="121.534727029502392">
        <ele>112</ele>
        <time>2025-05-30T02:01:36Z</time>
      </trkpt>
      <trkpt lat="24.881233982741833" lon="121.534735998138785">
        <ele>112</ele>
        <time>2025-05-30T02:01:44Z</time>
      </trkpt>
      <trkpt lat="24.88122995942831" lon="121.534728035330772">
        <ele>112</ele>
        <time>2025-05-30T02:01:48Z</time>
      </trkpt>
      <trkpt lat="24.881218979135156" lon="121.534735998138785">
        <ele>114</ele>
        <time>2025-05-30T02:01:54Z</time>
      </trkpt>
      <trkpt lat="24.881216967478395" lon="121.534719988703728">
        <ele>115</ele>
        <time>2025-05-30T02:01:58Z</time>
      </trkpt>
      <trkpt lat="24.881215961650014" lon="121.534706996753812">
        <ele>114</ele>
        <time>2025-05-30T02:02:02Z</time>
      </trkpt>
      <trkpt lat="24.881221996620297" lon="121.534698028117418">
        <ele>115</ele>
        <time>2025-05-30T02:02:07Z</time>
      </trkpt>
      <trkpt lat="24.881231971085072" lon="121.534699033945799">
        <ele>115</ele>
        <time>2025-05-30T02:02:13Z</time>
      </trkpt>
      <trkpt lat="24.881241023540497" lon="121.534700961783528">
        <ele>115</ele>
        <time>2025-05-30T02:02:17Z</time>
      </trkpt>
      <trkpt lat="24.881246974691749" lon="121.534708002582192">
        <ele>114</ele>
        <time>2025-05-30T02:02:20Z</time>
      </trkpt>
      <trkpt lat="24.881256027147174" lon="121.534712025895715">
        <ele>114</ele>
        <time>2025-05-30T02:02:27Z</time>
      </trkpt>
      <trkpt lat="24.881257032975554" lon="121.53472401201725">
        <ele>114</ele>
        <time>2025-05-30T02:02:34Z</time>
      </trkpt>
      <trkpt lat="24.881246974691749" lon="121.534719988703728">
        <ele>114</ele>
        <time>2025-05-30T02:02:53Z</time>
      </trkpt>
      <trkpt lat="24.881231971085072" lon="121.53472401201725">
        <ele>114</ele>
        <time>2025-05-30T02:02:57Z</time>
      </trkpt>
      <trkpt lat="24.881215039640665" lon="121.534726023674011">
        <ele>115</ele>
        <time>2025-05-30T02:03:01Z</time>
      </trkpt>
      <trkpt lat="24.881210010498762" lon="121.534715965390205">
        <ele>115</ele>
        <time>2025-05-30T02:03:05Z</time>
      </trkpt>
      <trkpt lat="24.881202969700098" lon="121.534700039774179">
        <ele>114</ele>
        <time>2025-05-30T02:03:08Z</time>
      </trkpt>
      <trkpt lat="24.881186038255692" lon="121.534694004803896">
        <ele>113</ele>
        <time>2025-05-30T02:03:11Z</time>
      </trkpt>
      <trkpt lat="24.881175979971886" lon="121.53468101285398">
        <ele>113</ele>
        <time>2025-05-30T02:03:15Z</time>
      </trkpt>
      <trkpt lat="24.881158964708447" lon="121.534686964005232">
        <ele>114</ele>
        <time>2025-05-30T02:03:19Z</time>
      </trkpt>
      <trkpt lat="24.881145972758532" lon="121.534685036167502">
        <ele>114</ele>
        <time>2025-05-30T02:03:23Z</time>
      </trkpt>
      <trkpt lat="24.881131974980235" lon="121.534692998975515">
        <ele>114</ele>
        <time>2025-05-30T02:03:27Z</time>
      </trkpt>
      <trkpt lat="24.881135998293757" lon="121.534683024510741">
        <ele>114</ele>
        <time>2025-05-30T02:03:31Z</time>
      </trkpt>
      <trkpt lat="24.881144966930151" lon="121.534677995368838">
        <ele>114</ele>
        <time>2025-05-30T02:03:36Z</time>
      </trkpt>
      <trkpt lat="24.881135998293757" lon="121.534669026732445">
        <ele>115</ele>
        <time>2025-05-30T02:03:42Z</time>
      </trkpt>
      <trkpt lat="24.8811199888587" lon="121.534649999812245">
        <ele>115</ele>
        <time>2025-05-30T02:03:46Z</time>
      </trkpt>
      <trkpt lat="24.881096016615629" lon="121.534637007862329">
        <ele>115</ele>
        <time>2025-05-30T02:03:50Z</time>
      </trkpt>
      <trkpt lat="24.881083024665713" lon="121.534619992598891">
        <ele>115</ele>
        <time>2025-05-30T02:03:54Z</time>
      </trkpt>
      <trkpt lat="24.881067015230656" lon="121.534598032012582">
        <ele>117</ele>
        <time>2025-05-30T02:03:58Z</time>
      </trkpt>
      <trkpt lat="24.881061986088753" lon="121.534585962072015">
        <ele>116</ele>
        <time>2025-05-30T02:04:02Z</time>
      </trkpt>
      <trkpt lat="24.881052011623979" lon="121.534575987607241">
        <ele>115</ele>
        <time>2025-05-30T02:04:06Z</time>
      </trkpt>
      <trkpt lat="24.881041031330824" lon="121.534570958465338">
        <ele>115</ele>
        <time>2025-05-30T02:04:10Z</time>
      </trkpt>
      <trkpt lat="24.881047988310456" lon="121.534580010920763">
        <ele>115</ele>
        <time>2025-05-30T02:04:17Z</time>
      </trkpt>
      <trkpt lat="24.881039019674063" lon="121.534575987607241">
        <ele>114</ele>
        <time>2025-05-30T02:04:36Z</time>
      </trkpt>
      <trkpt lat="24.881028961390257" lon="121.534572970122099">
        <ele>113</ele>
        <time>2025-05-30T02:04:40Z</time>
      </trkpt>
      <trkpt lat="24.881022004410625" lon="121.534562995657325">
        <ele>114</ele>
        <time>2025-05-30T02:04:44Z</time>
      </trkpt>
      <trkpt lat="24.881016975268722" lon="121.534550003707409">
        <ele>114</ele>
        <time>2025-05-30T02:04:48Z</time>
      </trkpt>
      <trkpt lat="24.881004989147186" lon="121.534557966515422">
        <ele>116</ele>
        <time>2025-05-30T02:04:58Z</time>
      </trkpt>
      <trkpt lat="24.880998032167554" lon="121.534550003707409">
        <ele>118</ele>
        <time>2025-05-30T02:05:11Z</time>
      </trkpt>
      <trkpt lat="24.88099199719727" lon="121.534541035071015">
        <ele>117</ele>
        <time>2025-05-30T02:05:19Z</time>
      </trkpt>
      <trkpt lat="24.880983028560877" lon="121.53453198261559">
        <ele>116</ele>
        <time>2025-05-30T02:05:23Z</time>
      </trkpt>
      <trkpt lat="24.880972970277071" lon="121.53453097678721">
        <ele>113</ele>
        <time>2025-05-30T02:05:27Z</time>
      </trkpt>
      <trkpt lat="24.880962995812297" lon="121.534519996494055">
        <ele>112</ele>
        <time>2025-05-30T02:05:31Z</time>
      </trkpt>
      <trkpt lat="24.880957966670394" lon="121.534511027857661">
        <ele>112</ele>
        <time>2025-05-30T02:05:36Z</time>
      </trkpt>
      <trkpt lat="24.880967019125819" lon="121.534507004544139">
        <ele>112</ele>
        <time>2025-05-30T02:05:40Z</time>
      </trkpt>
      <trkpt lat="24.880975987762213" lon="121.534502981230617">
        <ele>112</ele>
        <time>2025-05-30T02:05:54Z</time>
      </trkpt>
      <trkpt lat="24.88096903078258" lon="121.534493006765842">
        <ele>113</ele>
        <time>2025-05-30T02:06:12Z</time>
      </trkpt>
      <trkpt lat="24.880960984155536" lon="121.534479008987546">
        <ele>113</ele>
        <time>2025-05-30T02:06:16Z</time>
      </trkpt>
      <trkpt lat="24.880951009690762" lon="121.534484038129449">
        <ele>113</ele>
        <time>2025-05-30T02:06:21Z</time>
      </trkpt>
      <trkpt lat="24.880943968892097" lon="121.534472974017262">
        <ele>112</ele>
        <time>2025-05-30T02:06:26Z</time>
      </trkpt>
      <trkpt lat="24.880935000255704" lon="121.534478003159165">
        <ele>112</ele>
        <time>2025-05-30T02:06:31Z</time>
      </trkpt>
      <trkpt lat="24.880919996649027" lon="121.534471968188882">
        <ele>111</ele>
        <time>2025-05-30T02:06:34Z</time>
      </trkpt>
      <trkpt lat="24.880917984992266" lon="121.534461993724108">
        <ele>111</ele>
        <time>2025-05-30T02:06:39Z</time>
      </trkpt>
      <trkpt lat="24.880914967507124" lon="121.534447995945811">
        <ele>112</ele>
        <time>2025-05-30T02:06:48Z</time>
      </trkpt>
      <trkpt lat="24.880921002477407" lon="121.534440033137798">
        <ele>111</ele>
        <time>2025-05-30T02:07:06Z</time>
      </trkpt>
      <trkpt lat="24.880912033841014" lon="121.534441960975528">
        <ele>111</ele>
        <time>2025-05-30T02:07:14Z</time>
      </trkpt>
      <trkpt lat="24.880900969728827" lon="121.53444598428905">
        <ele>112</ele>
        <time>2025-05-30T02:07:18Z</time>
      </trkpt>
      <trkpt lat="24.880892001092434" lon="121.534452019259334">
        <ele>111</ele>
        <time>2025-05-30T02:07:25Z</time>
      </trkpt>
      <trkpt lat="24.880867023020983" lon="121.534455036744475">
        <ele>111</ele>
        <time>2025-05-30T02:07:29Z</time>
      </trkpt>
      <trkpt lat="24.880857970565557" lon="121.534427963197231">
        <ele>111</ele>
        <time>2025-05-30T02:07:33Z</time>
      </trkpt>
      <trkpt lat="24.880867023020983" lon="121.534430980682373">
        <ele>111</ele>
        <time>2025-05-30T02:07:37Z</time>
      </trkpt>
      <trkpt lat="24.88086299970746" lon="121.534415977075696">
        <ele>111</ele>
        <time>2025-05-30T02:07:41Z</time>
      </trkpt>
      <trkpt lat="24.880857970565557" lon="121.534406002610922">
        <ele>111</ele>
        <time>2025-05-30T02:07:45Z</time>
      </trkpt>
      <trkpt lat="24.880858976393938" lon="121.534395022317767">
        <ele>112</ele>
        <time>2025-05-30T02:07:50Z</time>
      </trkpt>
      <trkpt lat="24.880835004150867" lon="121.534394016489387">
        <ele>112</ele>
        <time>2025-05-30T02:07:54Z</time>
      </trkpt>
      <trkpt lat="24.880827041342854" lon="121.534387981519103">
        <ele>112</ele>
        <time>2025-05-30T02:07:59Z</time>
      </trkpt>
      <trkpt lat="24.880822012200952" lon="121.534374989569187">
        <ele>112</ele>
        <time>2025-05-30T02:08:03Z</time>
      </trkpt>
      <trkpt lat="24.880811031907797" lon="121.53435998596251">
        <ele>112</ele>
        <time>2025-05-30T02:08:07Z</time>
      </trkpt>
      <trkpt lat="24.880821006372571" lon="121.534345988184214">
        <ele>113</ele>
        <time>2025-05-30T02:08:11Z</time>
      </trkpt>
      <trkpt lat="24.880821006372571" lon="121.534332996234298">
        <ele>112</ele>
        <time>2025-05-30T02:08:18Z</time>
      </trkpt>
      <trkpt lat="24.880814971402287" lon="121.534324027597904">
        <ele>113</ele>
        <time>2025-05-30T02:08:24Z</time>
      </trkpt>
      <trkpt lat="24.88079896196723" lon="121.534328972920775">
        <ele>112</ele>
        <time>2025-05-30T02:08:28Z</time>
      </trkpt>
      <trkpt lat="24.880800973623991" lon="121.534339031204581">
        <ele>111</ele>
        <time>2025-05-30T02:08:32Z</time>
      </trkpt>
      <trkpt lat="24.880813965573907" lon="121.534338025376201">
        <ele>112</ele>
        <time>2025-05-30T02:08:36Z</time>
      </trkpt>
      <trkpt lat="24.880807008594275" lon="121.534317992627621">
        <ele>111</ele>
        <time>2025-05-30T02:08:40Z</time>
      </trkpt>
      <trkpt lat="24.880795022472739" lon="121.534306006506085">
        <ele>111</ele>
        <time>2025-05-30T02:08:43Z</time>
      </trkpt>
      <trkpt lat="24.88079896196723" lon="121.534288991242647">
        <ele>111</ele>
        <time>2025-05-30T02:08:47Z</time>
      </trkpt>
      <trkpt lat="24.880787981674075" lon="121.534281028434634">
        <ele>111</ele>
        <time>2025-05-30T02:08:51Z</time>
      </trkpt>
      <trkpt lat="24.880780018866062" lon="121.534271975979209">
        <ele>112</ele>
        <time>2025-05-30T02:08:56Z</time>
      </trkpt>
      <trkpt lat="24.880770966410637" lon="121.534268036484718">
        <ele>112</ele>
        <time>2025-05-30T02:09:02Z</time>
      </trkpt>
      <trkpt lat="24.88075696863234" lon="121.534268958494067">
        <ele>113</ele>
        <time>2025-05-30T02:09:07Z</time>
      </trkpt>
      <trkpt lat="24.880747999995947" lon="121.534260995686054">
        <ele>112</ele>
        <time>2025-05-30T02:09:11Z</time>
      </trkpt>
      <trkpt lat="24.880750011652708" lon="121.5342500153929">
        <ele>113</ele>
        <time>2025-05-30T02:09:19Z</time>
      </trkpt>
      <trkpt lat="24.880751017481089" lon="121.534237023442984">
        <ele>113</ele>
        <time>2025-05-30T02:09:24Z</time>
      </trkpt>
      <trkpt lat="24.88075302913785" lon="121.534225037321448">
        <ele>113</ele>
        <time>2025-05-30T02:09:28Z</time>
      </trkpt>
      <trkpt lat="24.88075403496623" lon="121.534212967380881">
        <ele>114</ele>
        <time>2025-05-30T02:09:32Z</time>
      </trkpt>
      <trkpt lat="24.880742970854044" lon="121.534200981259346">
        <ele>113</ele>
        <time>2025-05-30T02:09:36Z</time>
      </trkpt>
      <trkpt lat="24.880755040794611" lon="121.534191006794572">
        <ele>112</ele>
        <time>2025-05-30T02:09:40Z</time>
      </trkpt>
      <trkpt lat="24.880755040794611" lon="121.534180026501417">
        <ele>113</ele>
        <time>2025-05-30T02:09:45Z</time>
      </trkpt>
      <trkpt lat="24.880740959197283" lon="121.534182038158178">
        <ele>113</ele>
        <time>2025-05-30T02:09:49Z</time>
      </trkpt>
      <trkpt lat="24.88075302913785" lon="121.534188995137811">
        <ele>115</ele>
        <time>2025-05-30T02:10:03Z</time>
      </trkpt>
      <trkpt lat="24.880759986117482" lon="121.534196035936475">
        <ele>116</ele>
        <time>2025-05-30T02:10:12Z</time>
      </trkpt>
      <trkpt lat="24.880749005824327" lon="121.534197041764855">
        <ele>116</ele>
        <time>2025-05-30T02:10:17Z</time>
      </trkpt>
      <trkpt lat="24.880735008046031" lon="121.534177009016275">
        <ele>115</ele>
        <time>2025-05-30T02:10:21Z</time>
      </trkpt>
      <trkpt lat="24.880722016096115" lon="121.534160999581218">
        <ele>115</ele>
        <time>2025-05-30T02:10:25Z</time>
      </trkpt>
      <trkpt lat="24.880723021924496" lon="121.534141972661018">
        <ele>114</ele>
        <time>2025-05-30T02:10:29Z</time>
      </trkpt>
      <trkpt lat="24.880729978904128" lon="121.534108025953174">
        <ele>114</ele>
        <time>2025-05-30T02:10:33Z</time>
      </trkpt>
      <trkpt lat="24.880707012489438" lon="121.534096039831638">
        <ele>114</ele>
        <time>2025-05-30T02:10:37Z</time>
      </trkpt>
      <trkpt lat="24.880692008882761" lon="121.534087993204594">
        <ele>114</ele>
        <time>2025-05-30T02:10:42Z</time>
      </trkpt>
      <trkpt lat="24.880686979740858" lon="121.534072989597917">
        <ele>114</ele>
        <time>2025-05-30T02:10:46Z</time>
      </trkpt>
      <trkpt lat="24.880679016932845" lon="121.534062009304762">
        <ele>115</ele>
        <time>2025-05-30T02:10:50Z</time>
      </trkpt>
      <trkpt lat="24.880674993619323" lon="121.534048011526465">
        <ele>116</ele>
        <time>2025-05-30T02:10:53Z</time>
      </trkpt>
      <trkpt lat="24.880671976134181" lon="121.534030996263027">
        <ele>115</ele>
        <time>2025-05-30T02:10:57Z</time>
      </trkpt>
      <trkpt lat="24.880696032196283" lon="121.534018004313111">
        <ele>115</ele>
        <time>2025-05-30T02:11:01Z</time>
      </trkpt>
      <trkpt lat="24.880706006661057" lon="121.534009035676718">
        <ele>116</ele>
        <time>2025-05-30T02:11:05Z</time>
      </trkpt>
      <trkpt lat="24.880696032196283" lon="121.534010041505098">
        <ele>117</ele>
        <time>2025-05-30T02:11:18Z</time>
      </trkpt>
      <trkpt lat="24.88071002997458" lon="121.534006018191576">
        <ele>116</ele>
        <time>2025-05-30T02:11:23Z</time>
      </trkpt>
      <trkpt lat="24.880715981125832" lon="121.533998977392912">
        <ele>116</ele>
        <time>2025-05-30T02:11:29Z</time>
      </trkpt>
      <trkpt lat="24.880689997226" lon="121.533997971564531">
        <ele>116</ele>
        <time>2025-05-30T02:11:33Z</time>
      </trkpt>
      <trkpt lat="24.880689997226" lon="121.533985985442996">
        <ele>116</ele>
        <time>2025-05-30T02:11:37Z</time>
      </trkpt>
      <trkpt lat="24.880685973912477" lon="121.533963019028306">
        <ele>115</ele>
        <time>2025-05-30T02:11:41Z</time>
      </trkpt>
      <trkpt lat="24.880694020539522" lon="121.53395002707839">
        <ele>117</ele>
        <time>2025-05-30T02:11:45Z</time>
      </trkpt>
      <trkpt lat="24.880702989175916" lon="121.533923959359527">
        <ele>118</ele>
        <time>2025-05-30T02:11:49Z</time>
      </trkpt>
      <trkpt lat="24.880714975297451" lon="121.53390996158123">
        <ele>117</ele>
        <time>2025-05-30T02:11:53Z</time>
      </trkpt>
      <trkpt lat="24.880698965862393" lon="121.53390996158123">
        <ele>118</ele>
        <time>2025-05-30T02:11:57Z</time>
      </trkpt>
      <trkpt lat="24.880689997226" lon="121.533914990723133">
        <ele>119</ele>
        <time>2025-05-30T02:12:01Z</time>
      </trkpt>
      <trkpt lat="24.880679016932845" lon="121.533895963802934">
        <ele>119</ele>
        <time>2025-05-30T02:12:05Z</time>
      </trkpt>
      <trkpt lat="24.8806709703058" lon="121.533888000994921">
        <ele>119</ele>
        <time>2025-05-30T02:12:09Z</time>
      </trkpt>
      <trkpt lat="24.880682034417987" lon="121.533877020701766">
        <ele>119</ele>
        <time>2025-05-30T02:12:13Z</time>
      </trkpt>
      <trkpt lat="24.880697038024664" lon="121.533854976296425">
        <ele>119</ele>
        <time>2025-05-30T02:12:17Z</time>
      </trkpt>
      <trkpt lat="24.880683040246367" lon="121.533846007660031">
        <ele>120</ele>
        <time>2025-05-30T02:12:21Z</time>
      </trkpt>
      <trkpt lat="24.880681028589606" lon="121.533836033195257">
        <ele>120</ele>
        <time>2025-05-30T02:12:25Z</time>
      </trkpt>
      <trkpt lat="24.88066803663969" lon="121.533829998224974">
        <ele>119</ele>
        <time>2025-05-30T02:12:29Z</time>
      </trkpt>
      <trkpt lat="24.880657978355885" lon="121.533823041245341">
        <ele>119</ele>
        <time>2025-05-30T02:12:33Z</time>
      </trkpt>
      <trkpt lat="24.880665019154549" lon="121.533811977133155">
        <ele>118</ele>
        <time>2025-05-30T02:12:38Z</time>
      </trkpt>
      <trkpt lat="24.880671976134181" lon="121.533794039860368">
        <ele>119</ele>
        <time>2025-05-30T02:12:42Z</time>
      </trkpt>
      <trkpt lat="24.880663007497787" lon="121.533796973526478">
        <ele>119</ele>
        <time>2025-05-30T02:12:47Z</time>
      </trkpt>
      <trkpt lat="24.880677005276084" lon="121.533793034031987">
        <ele>118</ele>
        <time>2025-05-30T02:12:52Z</time>
      </trkpt>
      <trkpt lat="24.880692008882761" lon="121.53377995826304">
        <ele>119</ele>
        <time>2025-05-30T02:12:56Z</time>
      </trkpt>
      <trkpt lat="24.880698965862393" lon="121.533770989626646">
        <ele>120</ele>
        <time>2025-05-30T02:12:59Z</time>
      </trkpt>
      <trkpt lat="24.88075403496623" lon="121.533751040697098">
        <ele>120</ele>
        <time>2025-05-30T02:13:03Z</time>
      </trkpt>
      <trkpt lat="24.880740959197283" lon="121.53375699184835">
        <ele>120</ele>
        <time>2025-05-30T02:13:10Z</time>
      </trkpt>
      <trkpt lat="24.88071396946907" lon="121.533761015161872">
        <ele>120</ele>
        <time>2025-05-30T02:13:14Z</time>
      </trkpt>
      <trkpt lat="24.880697960034013" lon="121.533766966313124">
        <ele>120</ele>
        <time>2025-05-30T02:13:18Z</time>
      </trkpt>
      <trkpt lat="24.880708018317819" lon="121.533762020990252">
        <ele>120</ele>
        <time>2025-05-30T02:13:22Z</time>
      </trkpt>
      <trkpt lat="24.880726961418986" lon="121.533750034868717">
        <ele>121</ele>
        <time>2025-05-30T02:13:27Z</time>
      </trkpt>
      <trkpt lat="24.880750011652708" lon="121.533739976584911">
        <ele>121</ele>
        <time>2025-05-30T02:13:30Z</time>
      </trkpt>
      <trkpt lat="24.880761997774243" lon="121.533725978806615">
        <ele>121</ele>
        <time>2025-05-30T02:13:34Z</time>
      </trkpt>
      <trkpt lat="24.88073299638927" lon="121.53373503126204">
        <ele>122</ele>
        <time>2025-05-30T02:13:37Z</time>
      </trkpt>
      <trkpt lat="24.880723021924496" lon="121.53373402543366">
        <ele>122</ele>
        <time>2025-05-30T02:13:40Z</time>
      </trkpt>
      <trkpt lat="24.880689997226" lon="121.533747017383575">
        <ele>122</ele>
        <time>2025-05-30T02:13:44Z</time>
      </trkpt>
      <trkpt lat="24.880654038861394" lon="121.53375799767673">
        <ele>123</ele>
        <time>2025-05-30T02:13:48Z</time>
      </trkpt>
      <trkpt lat="24.880697038024664" lon="121.533743999898434">
        <ele>120</ele>
        <time>2025-05-30T02:13:52Z</time>
      </trkpt>
      <trkpt lat="24.880724027752876" lon="121.533727990463376">
        <ele>122</ele>
        <time>2025-05-30T02:13:56Z</time>
      </trkpt>
      <trkpt lat="24.880709024146199" lon="121.533731007948518">
        <ele>122</ele>
        <time>2025-05-30T02:14:00Z</time>
      </trkpt>
      <trkpt lat="24.880716986954212" lon="121.533738970756531">
        <ele>123</ele>
        <time>2025-05-30T02:14:04Z</time>
      </trkpt>
      <trkpt lat="24.880727967247367" lon="121.533738970756531">
        <ele>123</ele>
        <time>2025-05-30T02:14:08Z</time>
      </trkpt>
      <trkpt lat="24.880715981125832" lon="121.533746011555195">
        <ele>123</ele>
        <time>2025-05-30T02:14:12Z</time>
      </trkpt>
      <trkpt lat="24.880708018317819" lon="121.533753974363208">
        <ele>124</ele>
        <time>2025-05-30T02:14:19Z</time>
      </trkpt>
      <trkpt lat="24.880717992782593" lon="121.533752968534827">
        <ele>126</ele>
        <time>2025-05-30T02:14:28Z</time>
      </trkpt>
      <trkpt lat="24.880743976682425" lon="121.533738970756531">
        <ele>126</ele>
        <time>2025-05-30T02:14:32Z</time>
      </trkpt>
      <trkpt lat="24.880758980289102" lon="121.53373503126204">
        <ele>126</ele>
        <time>2025-05-30T02:14:41Z</time>
      </trkpt>
      <trkpt lat="24.880743976682425" lon="121.533725978806615">
        <ele>125</ele>
        <time>2025-05-30T02:14:51Z</time>
      </trkpt>
      <trkpt lat="24.880736013874412" lon="121.533731007948518">
        <ele>126</ele>
        <time>2025-05-30T02:14:57Z</time>
      </trkpt>
      <trkpt lat="24.880725033581257" lon="121.53373402543366">
        <ele>125</ele>
        <time>2025-05-30T02:15:01Z</time>
      </trkpt>
      <trkpt lat="24.880715981125832" lon="121.533728996291757">
        <ele>124</ele>
        <time>2025-05-30T02:15:08Z</time>
      </trkpt>
      <trkpt lat="24.880727967247367" lon="121.533725978806615">
        <ele>123</ele>
        <time>2025-05-30T02:15:13Z</time>
      </trkpt>
      <trkpt lat="24.88075302913785" lon="121.533705024048686">
        <ele>123</ele>
        <time>2025-05-30T02:15:17Z</time>
      </trkpt>
      <trkpt lat="24.880768032744527" lon="121.53369203209877">
        <ele>124</ele>
        <time>2025-05-30T02:15:21Z</time>
      </trkpt>
      <trkpt lat="24.88075403496623" lon="121.533687002956867">
        <ele>125</ele>
        <time>2025-05-30T02:15:27Z</time>
      </trkpt>
      <trkpt lat="24.880771972239017" lon="121.533675016835332">
        <ele>125</ele>
        <time>2025-05-30T02:15:31Z</time>
      </trkpt>
      <trkpt lat="24.880760991945863" lon="121.533675016835332">
        <ele>125</ele>
        <time>2025-05-30T02:15:35Z</time>
      </trkpt>
      <trkpt lat="24.880738025531173" lon="121.533676022663713">
        <ele>126</ele>
        <time>2025-05-30T02:15:39Z</time>
      </trkpt>
      <trkpt lat="24.880747999995947" lon="121.533675016835332">
        <ele>126</ele>
        <time>2025-05-30T02:15:42Z</time>
      </trkpt>
      <trkpt lat="24.880769038572907" lon="121.533695971593261">
        <ele>135</ele>
        <time>2025-05-30T02:16:37Z</time>
      </trkpt>
      <trkpt lat="24.880764009431005" lon="121.533705024048686">
        <ele>134</ele>
        <time>2025-05-30T02:16:44Z</time>
      </trkpt>
      <trkpt lat="24.880769960582256" lon="121.53371499851346">
        <ele>134</ele>
        <time>2025-05-30T02:16:48Z</time>
      </trkpt>
      <trkpt lat="24.880787981674075" lon="121.533719021826982">
        <ele>133</ele>
        <time>2025-05-30T02:16:58Z</time>
      </trkpt>
      <trkpt lat="24.88079602830112" lon="121.533785993233323">
        <ele>140</ele>
        <time>2025-05-30T02:17:36Z</time>
      </trkpt>
      <trkpt lat="24.880790999159217" lon="121.533773001283407">
        <ele>140</ele>
        <time>2025-05-30T02:17:41Z</time>
      </trkpt>
      <trkpt lat="24.88079602830112" lon="121.533732013776898">
        <ele>138</ele>
        <time>2025-05-30T02:17:45Z</time>
      </trkpt>
      <trkpt lat="24.880787981674075" lon="121.533717010170221">
        <ele>136</ele>
        <time>2025-05-30T02:17:49Z</time>
      </trkpt>
      <trkpt lat="24.880790999159217" lon="121.533703012391925">
        <ele>133</ele>
        <time>2025-05-30T02:17:53Z</time>
      </trkpt>
      <trkpt lat="24.880788987502456" lon="121.533689014613628">
        <ele>132</ele>
        <time>2025-05-30T02:17:57Z</time>
      </trkpt>
      <trkpt lat="24.880774989724159" lon="121.533690020442009">
        <ele>131</ele>
        <time>2025-05-30T02:18:01Z</time>
      </trkpt>
      <trkpt lat="24.880749005824327" lon="121.533683985471725">
        <ele>127</ele>
        <time>2025-05-30T02:18:08Z</time>
      </trkpt>
      <trkpt lat="24.880758980289102" lon="121.533673005178571">
        <ele>129</ele>
        <time>2025-05-30T02:18:22Z</time>
      </trkpt>
      <trkpt lat="24.880747999995947" lon="121.53367199935019">
        <ele>129</ele>
        <time>2025-05-30T02:18:33Z</time>
      </trkpt>
      <trkpt lat="24.880750011652708" lon="121.533682979643345">
        <ele>129</ele>
        <time>2025-05-30T02:18:41Z</time>
      </trkpt>
      <trkpt lat="24.880758980289102" lon="121.533679040148854">
        <ele>129</ele>
        <time>2025-05-30T02:18:46Z</time>
      </trkpt>
      <trkpt lat="24.880770966410637" lon="121.533684991300106">
        <ele>129</ele>
        <time>2025-05-30T02:18:50Z</time>
      </trkpt>
      <trkpt lat="24.88077700138092" lon="121.533674011006951">
        <ele>128</ele>
        <time>2025-05-30T02:18:55Z</time>
      </trkpt>
      <trkpt lat="24.880781024694443" lon="121.533664958551526">
        <ele>128</ele>
        <time>2025-05-30T02:19:07Z</time>
      </trkpt>
      <trkpt lat="24.88077700138092" lon="121.533655989915133">
        <ele>126</ele>
        <time>2025-05-30T02:19:22Z</time>
      </trkpt>
      <trkpt lat="24.880770966410637" lon="121.533662024885416">
        <ele>127</ele>
        <time>2025-05-30T02:19:27Z</time>
      </trkpt>
      <trkpt lat="24.880759986117482" lon="121.533655989915133">
        <ele>127</ele>
        <time>2025-05-30T02:19:33Z</time>
      </trkpt>
      <trkpt lat="24.880750011652708" lon="121.53365096077323">
        <ele>128</ele>
        <time>2025-05-30T02:20:04Z</time>
      </trkpt>
      <trkpt lat="24.880740959197283" lon="121.533641992136836">
        <ele>127</ele>
        <time>2025-05-30T02:20:10Z</time>
      </trkpt>
      <trkpt lat="24.880757974460721" lon="121.53364802710712">
        <ele>126</ele>
        <time>2025-05-30T02:20:30Z</time>
      </trkpt>
      <trkpt lat="24.880767026916146" lon="121.533652972429991">
        <ele>127</ele>
        <time>2025-05-30T02:20:37Z</time>
      </trkpt>
      <trkpt lat="24.88075696863234" lon="121.53365196660161">
        <ele>127</ele>
        <time>2025-05-30T02:20:41Z</time>
      </trkpt>
      <trkpt lat="24.880747999995947" lon="121.533639980480075">
        <ele>126</ele>
        <time>2025-05-30T02:21:11Z</time>
      </trkpt>
      <trkpt lat="24.880737019702792" lon="121.533641992136836">
        <ele>126</ele>
        <time>2025-05-30T02:21:41Z</time>
      </trkpt>
      <trkpt lat="24.88073299638927" lon="121.53365196660161">
        <ele>124</ele>
        <time>2025-05-30T02:21:48Z</time>
      </trkpt>
      <trkpt lat="24.880742970854044" lon="121.53364802710712">
        <ele>126</ele>
        <time>2025-05-30T02:22:00Z</time>
      </trkpt>
      <trkpt lat="24.880755040794611" lon="121.533644003793597">
        <ele>124</ele>
        <time>2025-05-30T02:22:08Z</time>
      </trkpt>
      <trkpt lat="24.880747999995947" lon="121.53365096077323">
        <ele>126</ele>
        <time>2025-05-30T02:22:28Z</time>
      </trkpt>
      <trkpt lat="24.880760991945863" lon="121.533659007400274">
        <ele>127</ele>
        <time>2025-05-30T02:22:45Z</time>
      </trkpt>
      <trkpt lat="24.880768032744527" lon="121.533666970208287">
        <ele>127</ele>
        <time>2025-05-30T02:22:53Z</time>
      </trkpt>
      <trkpt lat="24.88075696863234" lon="121.533661019057035">
        <ele>129</ele>
        <time>2025-05-30T02:23:07Z</time>
      </trkpt>
      <trkpt lat="24.880731990560889" lon="121.533641992136836">
        <ele>129</ele>
        <time>2025-05-30T02:23:11Z</time>
      </trkpt>
      <trkpt lat="24.880744982510805" lon="121.533636962994933">
        <ele>127</ele>
        <time>2025-05-30T02:23:15Z</time>
      </trkpt>
      <trkpt lat="24.880779013037682" lon="121.533615002408624">
        <ele>129</ele>
        <time>2025-05-30T02:23:19Z</time>
      </trkpt>
      <trkpt lat="24.880790999159217" lon="121.533618019893765">
        <ele>127</ele>
        <time>2025-05-30T02:23:25Z</time>
      </trkpt>
      <trkpt lat="24.880811031907797" lon="121.533624976873398">
        <ele>127</ele>
        <time>2025-05-30T02:23:29Z</time>
      </trkpt>
      <trkpt lat="24.880812037736177" lon="121.533613996580243">
        <ele>125</ele>
        <time>2025-05-30T02:23:35Z</time>
      </trkpt>
      <trkpt lat="24.880786975845695" lon="121.533616008237004">
        <ele>124</ele>
        <time>2025-05-30T02:23:39Z</time>
      </trkpt>
      <trkpt lat="24.8807970341295" lon="121.533603016287088">
        <ele>128</ele>
        <time>2025-05-30T02:23:43Z</time>
      </trkpt>
      <trkpt lat="24.880806002765894" lon="121.533594969660044">
        <ele>129</ele>
        <time>2025-05-30T02:23:47Z</time>
      </trkpt>
      <trkpt lat="24.880813965573907" lon="121.533604022115469">
        <ele>127</ele>
        <time>2025-05-30T02:23:59Z</time>
      </trkpt>
      <trkpt lat="24.880804996937513" lon="121.53360603377223">
        <ele>126</ele>
        <time>2025-05-30T02:24:07Z</time>
      </trkpt>
      <trkpt lat="24.880822012200952" lon="121.533599998801947">
        <ele>126</ele>
        <time>2025-05-30T02:24:12Z</time>
      </trkpt>
      <trkpt lat="24.880812959745526" lon="121.533589018508792">
        <ele>124</ele>
        <time>2025-05-30T02:24:16Z</time>
      </trkpt>
      <trkpt lat="24.88079896196723" lon="121.533590024337173">
        <ele>122</ele>
        <time>2025-05-30T02:24:20Z</time>
      </trkpt>
      <trkpt lat="24.880793010815978" lon="121.533578038215637">
        <ele>124</ele>
        <time>2025-05-30T02:24:25Z</time>
      </trkpt>
      <trkpt lat="24.880788987502456" lon="121.533567979931831">
        <ele>123</ele>
        <time>2025-05-30T02:24:39Z</time>
      </trkpt>
      <trkpt lat="24.880798039957881" lon="121.533566974103451">
        <ele>124</ele>
        <time>2025-05-30T02:24:48Z</time>
      </trkpt>
      <trkpt lat="24.880804996937513" lon="121.533577032387257">
        <ele>127</ele>
        <time>2025-05-30T02:24:56Z</time>
      </trkpt>
      <trkpt lat="24.880807008594275" lon="121.533588012680411">
        <ele>130</ele>
        <time>2025-05-30T02:25:10Z</time>
      </trkpt>
      <trkpt lat="24.880798039957881" lon="121.533580971881747">
        <ele>129</ele>
        <time>2025-05-30T02:25:23Z</time>
      </trkpt>
      <trkpt lat="24.880808014422655" lon="121.533576026558876">
        <ele>129</ele>
        <time>2025-05-30T02:25:31Z</time>
      </trkpt>
      <trkpt lat="24.880816983059049" lon="121.53356596827507">
        <ele>129</ele>
        <time>2025-05-30T02:25:35Z</time>
      </trkpt>
      <trkpt lat="24.880806002765894" lon="121.533570997416973">
        <ele>131</ele>
        <time>2025-05-30T02:25:44Z</time>
      </trkpt>
      <trkpt lat="24.880804996937513" lon="121.533582983538508">
        <ele>135</ele>
        <time>2025-05-30T02:26:03Z</time>
      </trkpt>
      <trkpt lat="24.880809020251036" lon="121.533593041822314">
        <ele>135</ele>
        <time>2025-05-30T02:26:07Z</time>
      </trkpt>
      <trkpt lat="24.880816983059049" lon="121.533587006852031">
        <ele>135</ele>
        <time>2025-05-30T02:26:13Z</time>
      </trkpt>
      <trkpt lat="24.880804996937513" lon="121.533578038215637">
        <ele>136</ele>
        <time>2025-05-30T02:26:17Z</time>
      </trkpt>
      <trkpt lat="24.880827041342854" lon="121.533578038215637">
        <ele>134</ele>
        <time>2025-05-30T02:26:21Z</time>
      </trkpt>
      <trkpt lat="24.880822012200952" lon="121.533588012680411">
        <ele>134</ele>
        <time>2025-05-30T02:26:25Z</time>
      </trkpt>
      <trkpt lat="24.880827963352203" lon="121.533579966053367">
        <ele>133</ele>
        <time>2025-05-30T02:26:30Z</time>
      </trkpt>
      <trkpt lat="24.880808014422655" lon="121.533559011295438">
        <ele>135</ele>
        <time>2025-05-30T02:26:34Z</time>
      </trkpt>
      <trkpt lat="24.880767026916146" lon="121.533576026558876">
        <ele>135</ele>
        <time>2025-05-30T02:26:38Z</time>
      </trkpt>
      <trkpt lat="24.880740037187934" lon="121.533564040437341">
        <ele>136</ele>
        <time>2025-05-30T02:26:42Z</time>
      </trkpt>
      <trkpt lat="24.88071396946907" lon="121.533567979931831">
        <ele>136</ele>
        <time>2025-05-30T02:26:46Z</time>
      </trkpt>
      <trkpt lat="24.880724027752876" lon="121.533561022952199">
        <ele>136</ele>
        <time>2025-05-30T02:26:50Z</time>
      </trkpt>
      <trkpt lat="24.880717992782593" lon="121.533549958840013">
        <ele>136</ele>
        <time>2025-05-30T02:26:54Z</time>
      </trkpt>
      <trkpt lat="24.88071002997458" lon="121.533533027395606">
        <ele>137</ele>
        <time>2025-05-30T02:26:58Z</time>
      </trkpt>
      <trkpt lat="24.880706006661057" lon="121.533521041274071">
        <ele>137</ele>
        <time>2025-05-30T02:27:05Z</time>
      </trkpt>
      <trkpt lat="24.880708018317819" lon="121.533509977161884">
        <ele>136</ele>
        <time>2025-05-30T02:27:09Z</time>
      </trkpt>
      <trkpt lat="24.880726961418986" lon="121.533508971333504">
        <ele>135</ele>
        <time>2025-05-30T02:27:13Z</time>
      </trkpt>
      <trkpt lat="24.88073299638927" lon="121.533491034060717">
        <ele>136</ele>
        <time>2025-05-30T02:27:17Z</time>
      </trkpt>
      <trkpt lat="24.880781024694443" lon="121.533472007140517">
        <ele>134</ele>
        <time>2025-05-30T02:27:21Z</time>
      </trkpt>
      <trkpt lat="24.880779013037682" lon="121.533459015190601">
        <ele>134</ele>
        <time>2025-05-30T02:27:25Z</time>
      </trkpt>
      <trkpt lat="24.880788987502456" lon="121.533461026847363">
        <ele>135</ele>
        <time>2025-05-30T02:27:29Z</time>
      </trkpt>
      <trkpt lat="24.880787981674075" lon="121.533449962735176">
        <ele>136</ele>
        <time>2025-05-30T02:27:34Z</time>
      </trkpt>
      <trkpt lat="24.880788987502456" lon="121.53343303129077">
        <ele>135</ele>
        <time>2025-05-30T02:27:39Z</time>
      </trkpt>
      <trkpt lat="24.880795022472739" lon="121.533420961350203">
        <ele>136</ele>
        <time>2025-05-30T02:27:43Z</time>
      </trkpt>
      <trkpt lat="24.880787981674075" lon="121.533408975228667">
        <ele>135</ele>
        <time>2025-05-30T02:27:47Z</time>
      </trkpt>
      <trkpt lat="24.880767026916146" lon="121.533418027684093">
        <ele>137</ele>
        <time>2025-05-30T02:27:51Z</time>
      </trkpt>
      <trkpt lat="24.880771972239017" lon="121.533400006592274">
        <ele>136</ele>
        <time>2025-05-30T02:27:57Z</time>
      </trkpt>
      <trkpt lat="24.880782030522823" lon="121.533396989107132">
        <ele>136</ele>
        <time>2025-05-30T02:28:01Z</time>
      </trkpt>
      <trkpt lat="24.880785970017314" lon="121.533377040177584">
        <ele>135</ele>
        <time>2025-05-30T02:28:05Z</time>
      </trkpt>
      <trkpt lat="24.880782030522823" lon="121.533361030742526">
        <ele>136</ele>
        <time>2025-05-30T02:28:09Z</time>
      </trkpt>
      <trkpt lat="24.880786975845695" lon="121.533348960801959">
        <ele>135</ele>
        <time>2025-05-30T02:28:14Z</time>
      </trkpt>
      <trkpt lat="24.880778007209301" lon="121.533337980508804">
        <ele>134</ele>
        <time>2025-05-30T02:28:19Z</time>
      </trkpt>
      <trkpt lat="24.880765015259385" lon="121.533343009650707">
        <ele>135</ele>
        <time>2025-05-30T02:28:23Z</time>
      </trkpt>
      <trkpt lat="24.880768032744527" lon="121.533333035185933">
        <ele>134</ele>
        <time>2025-05-30T02:28:28Z</time>
      </trkpt>
      <trkpt lat="24.880758980289102" lon="121.53332800604403">
        <ele>135</ele>
        <time>2025-05-30T02:28:32Z</time>
      </trkpt>
      <trkpt lat="24.880769960582256" lon="121.53332800604403">
        <ele>134</ele>
        <time>2025-05-30T02:28:38Z</time>
      </trkpt>
      <trkpt lat="24.880755040794611" lon="121.533313002437353">
        <ele>134</ele>
        <time>2025-05-30T02:28:45Z</time>
      </trkpt>
      <trkpt lat="24.88073299638927" lon="121.533324988558888">
        <ele>137</ele>
        <time>2025-05-30T02:28:49Z</time>
      </trkpt>
      <trkpt lat="24.880729978904128" lon="121.533335968852043">
        <ele>137</ele>
        <time>2025-05-30T02:28:59Z</time>
      </trkpt>
      <trkpt lat="24.880726039409637" lon="121.53334703296423">
        <ele>136</ele>
        <time>2025-05-30T02:29:07Z</time>
      </trkpt>
      <trkpt lat="24.880735008046031" lon="121.533348960801959">
        <ele>135</ele>
        <time>2025-05-30T02:29:12Z</time>
      </trkpt>
      <trkpt lat="24.880730984732509" lon="121.533361030742526">
        <ele>134</ele>
        <time>2025-05-30T02:29:22Z</time>
      </trkpt>
      <trkpt lat="24.880738025531173" lon="121.533351978287101">
        <ele>133</ele>
        <time>2025-05-30T02:29:30Z</time>
      </trkpt>
      <trkpt lat="24.880743976682425" lon="121.533344015479088">
        <ele>132</ele>
        <time>2025-05-30T02:29:34Z</time>
      </trkpt>
      <trkpt lat="24.880739031359553" lon="121.533334041014314">
        <ele>132</ele>
        <time>2025-05-30T02:29:39Z</time>
      </trkpt>
      <trkpt lat="24.880735008046031" lon="121.533321971073747">
        <ele>131</ele>
        <time>2025-05-30T02:29:45Z</time>
      </trkpt>
      <trkpt lat="24.880725033581257" lon="121.533323982730508">
        <ele>131</ele>
        <time>2025-05-30T02:29:53Z</time>
      </trkpt>
      <trkpt lat="24.880721010267735" lon="121.533313002437353">
        <ele>131</ele>
        <time>2025-05-30T02:29:57Z</time>
      </trkpt>
      <trkpt lat="24.880706006661057" lon="121.533301016315818">
        <ele>130</ele>
        <time>2025-05-30T02:30:01Z</time>
      </trkpt>
      <trkpt lat="24.880688991397619" lon="121.53330403380096">
        <ele>131</ele>
        <time>2025-05-30T02:30:06Z</time>
      </trkpt>
      <trkpt lat="24.880689997226" lon="121.533316019922495">
        <ele>131</ele>
        <time>2025-05-30T02:30:10Z</time>
      </trkpt>
      <trkpt lat="24.880688991397619" lon="121.533290036022663">
        <ele>131</ele>
        <time>2025-05-30T02:30:14Z</time>
      </trkpt>
      <trkpt lat="24.880683040246367" lon="121.533296993002295">
        <ele>131</ele>
        <time>2025-05-30T02:30:18Z</time>
      </trkpt>
      <trkpt lat="24.880665019154549" lon="121.533288024365902">
        <ele>131</ele>
        <time>2025-05-30T02:30:22Z</time>
      </trkpt>
      <trkpt lat="24.880653033033013" lon="121.533289030194283">
        <ele>133</ele>
        <time>2025-05-30T02:30:32Z</time>
      </trkpt>
      <trkpt lat="24.880641968920827" lon="121.5332639683038">
        <ele>133</ele>
        <time>2025-05-30T02:30:36Z</time>
      </trkpt>
      <trkpt lat="24.880629982799292" lon="121.533254999667406">
        <ele>133</ele>
        <time>2025-05-30T02:30:40Z</time>
      </trkpt>
      <trkpt lat="24.880616990849376" lon="121.533245025202632">
        <ele>132</ele>
        <time>2025-05-30T02:30:44Z</time>
      </trkpt>
      <trkpt lat="24.88060500472784" lon="121.533235972747207">
        <ele>131</ele>
        <time>2025-05-30T02:30:48Z</time>
      </trkpt>
      <trkpt lat="24.880599975585938" lon="121.533214012160897">
        <ele>127</ele>
        <time>2025-05-30T02:31:08Z</time>
      </trkpt>
      <trkpt lat="24.880590001121163" lon="121.53322096914053">
        <ele>129</ele>
        <time>2025-05-30T02:31:14Z</time>
      </trkpt>
      <trkpt lat="24.880570974200964" lon="121.533235972747207">
        <ele>129</ele>
        <time>2025-05-30T02:31:18Z</time>
      </trkpt>
      <trkpt lat="24.88056200556457" lon="121.533247958868742">
        <ele>130</ele>
        <time>2025-05-30T02:31:22Z</time>
      </trkpt>
      <trkpt lat="24.880557982251048" lon="121.533225998282433">
        <ele>130</ele>
        <time>2025-05-30T02:31:26Z</time>
      </trkpt>
      <trkpt lat="24.880557982251048" lon="121.533213006332517">
        <ele>130</ele>
        <time>2025-05-30T02:31:29Z</time>
      </trkpt>
      <trkpt lat="24.880558988079429" lon="121.533200014382601">
        <ele>130</ele>
        <time>2025-05-30T02:31:33Z</time>
      </trkpt>
      <trkpt lat="24.880550019443035" lon="121.533205965533853">
        <ele>132</ele>
        <time>2025-05-30T02:31:44Z</time>
      </trkpt>
      <trkpt lat="24.880544990301132" lon="121.533190961927176">
        <ele>129</ele>
        <time>2025-05-30T02:31:50Z</time>
      </trkpt>
      <trkpt lat="24.880543984472752" lon="121.533173024654388">
        <ele>129</ele>
        <time>2025-05-30T02:31:54Z</time>
      </trkpt>
      <trkpt lat="24.880533004179597" lon="121.533173024654388">
        <ele>131</ele>
        <time>2025-05-30T02:32:01Z</time>
      </trkpt>
      <trkpt lat="24.880516994744539" lon="121.533165983855724">
        <ele>131</ele>
        <time>2025-05-30T02:32:05Z</time>
      </trkpt>
      <trkpt lat="24.880521018058062" lon="121.533147040754557">
        <ele>130</ele>
        <time>2025-05-30T02:32:09Z</time>
      </trkpt>
      <trkpt lat="24.880509031936526" lon="121.533149974420667">
        <ele>129</ele>
        <time>2025-05-30T02:32:13Z</time>
      </trkpt>
      <trkpt lat="24.880499979481101" lon="121.53315600939095">
        <ele>129</ele>
        <time>2025-05-30T02:32:19Z</time>
      </trkpt>
      <trkpt lat="24.880488999187946" lon="121.533151986077428">
        <ele>127</ele>
        <time>2025-05-30T02:32:23Z</time>
      </trkpt>
      <trkpt lat="24.880483970046043" lon="121.533129019662738">
        <ele>128</ele>
        <time>2025-05-30T02:32:27Z</time>
      </trkpt>
      <trkpt lat="24.880482964217663" lon="121.5331120043993">
        <ele>129</ele>
        <time>2025-05-30T02:32:30Z</time>
      </trkpt>
      <trkpt lat="24.880490005016327" lon="121.533095994964242">
        <ele>129</ele>
        <time>2025-05-30T02:32:34Z</time>
      </trkpt>
      <trkpt lat="24.880472989752889" lon="121.533089959993958">
        <ele>130</ele>
        <time>2025-05-30T02:32:38Z</time>
      </trkpt>
      <trkpt lat="24.880459997802973" lon="121.533099012449384">
        <ele>129</ele>
        <time>2025-05-30T02:32:42Z</time>
      </trkpt>
      <trkpt lat="24.880442982539535" lon="121.533104963600636">
        <ele>130</ele>
        <time>2025-05-30T02:32:46Z</time>
      </trkpt>
      <trkpt lat="24.88043300807476" lon="121.533094989135861">
        <ele>130</ele>
        <time>2025-05-30T02:32:50Z</time>
      </trkpt>
      <trkpt lat="24.880441976711154" lon="121.53308903798461">
        <ele>130</ele>
        <time>2025-05-30T02:32:57Z</time>
      </trkpt>
      <trkpt lat="24.88043200224638" lon="121.533121978864074">
        <ele>131</ele>
        <time>2025-05-30T02:33:01Z</time>
      </trkpt>
      <trkpt lat="24.880434013903141" lon="121.5330929774791">
        <ele>130</ele>
        <time>2025-05-30T02:33:05Z</time>
      </trkpt>
      <trkpt lat="24.880434013903141" lon="121.533059030771255">
        <ele>129</ele>
        <time>2025-05-30T02:33:09Z</time>
      </trkpt>
      <trkpt lat="24.880430996417999" lon="121.53304897248745">
        <ele>129</ele>
        <time>2025-05-30T02:33:14Z</time>
      </trkpt>
      <trkpt lat="24.880424039438367" lon="121.533033968880773">
        <ele>128</ele>
        <time>2025-05-30T02:33:18Z</time>
      </trkpt>
      <trkpt lat="24.880428984761238" lon="121.533012008294463">
        <ele>126</ele>
        <time>2025-05-30T02:33:22Z</time>
      </trkpt>
      <trkpt lat="24.880434013903141" lon="121.533001028001308">
        <ele>126</ele>
        <time>2025-05-30T02:33:29Z</time>
      </trkpt>
      <trkpt lat="24.880436025559902" lon="121.532976971939206">
        <ele>125</ele>
        <time>2025-05-30T02:33:32Z</time>
      </trkpt>
      <trkpt lat="24.880425967276096" lon="121.532976971939206">
        <ele>125</ele>
        <time>2025-05-30T02:33:36Z</time>
      </trkpt>
      <trkpt lat="24.880414986982942" lon="121.532987030223012">
        <ele>125</ele>
        <time>2025-05-30T02:33:40Z</time>
      </trkpt>
      <trkpt lat="24.880404006689787" lon="121.53298300690949">
        <ele>123</ele>
        <time>2025-05-30T02:33:46Z</time>
      </trkpt>
      <trkpt lat="24.880394032225013" lon="121.53298300690949">
        <ele>125</ele>
        <time>2025-05-30T02:33:52Z</time>
      </trkpt>
      <trkpt lat="24.880394032225013" lon="121.532972026616335">
        <ele>130</ele>
        <time>2025-05-30T02:34:19Z</time>
      </trkpt>
      <trkpt lat="24.88040903583169" lon="121.532966997474432">
        <ele>129</ele>
        <time>2025-05-30T02:34:36Z</time>
      </trkpt>
      <trkpt lat="24.880413981154561" lon="121.532945036888123">
        <ele>129</ele>
        <time>2025-05-30T02:34:40Z</time>
      </trkpt>
      <trkpt lat="24.880423033609986" lon="121.532939001917839">
        <ele>129</ele>
        <time>2025-05-30T02:34:44Z</time>
      </trkpt>
      <trkpt lat="24.880407024174929" lon="121.532939001917839">
        <ele>128</ele>
        <time>2025-05-30T02:34:48Z</time>
      </trkpt>
      <trkpt lat="24.880396965891123" lon="121.532954005524516">
        <ele>129</ele>
        <time>2025-05-30T02:34:52Z</time>
      </trkpt>
      <trkpt lat="24.880393026396632" lon="121.532943025231361">
        <ele>129</ele>
        <time>2025-05-30T02:34:58Z</time>
      </trkpt>
      <trkpt lat="24.880380034446716" lon="121.5329410135746">
        <ele>131</ele>
        <time>2025-05-30T02:35:02Z</time>
      </trkpt>
      <trkpt lat="24.880371987819672" lon="121.532950988039374">
        <ele>132</ele>
        <time>2025-05-30T02:35:06Z</time>
      </trkpt>
      <trkpt lat="24.880381962284446" lon="121.532937996089458">
        <ele>131</ele>
        <time>2025-05-30T02:35:10Z</time>
      </trkpt>
      <trkpt lat="24.880391014739871" lon="121.532928021624684">
        <ele>130</ele>
        <time>2025-05-30T02:35:14Z</time>
      </trkpt>
      <trkpt lat="24.880400989204645" lon="121.53291997499764">
        <ele>130</ele>
        <time>2025-05-30T02:35:18Z</time>
      </trkpt>
      <trkpt lat="24.880381962284446" lon="121.532931961119175">
        <ele>127</ele>
        <time>2025-05-30T02:35:22Z</time>
      </trkpt>
      <trkpt lat="24.880395038053393" lon="121.53291997499764">
        <ele>133</ele>
        <time>2025-05-30T02:35:26Z</time>
      </trkpt>
      <trkpt lat="24.880385985597968" lon="121.532935984432697">
        <ele>135</ele>
        <time>2025-05-30T02:35:30Z</time>
      </trkpt>
      <trkpt lat="24.880395960062742" lon="121.532913018018007">
        <ele>130</ele>
        <time>2025-05-30T02:35:34Z</time>
      </trkpt>
      <trkpt lat="24.880385985597968" lon="121.532917963340878">
        <ele>128</ele>
        <time>2025-05-30T02:35:38Z</time>
      </trkpt>
      <trkpt lat="24.880406018346548" lon="121.53291704133153">
        <ele>128</ele>
        <time>2025-05-30T02:35:41Z</time>
      </trkpt>
      <trkpt lat="24.880425967276096" lon="121.532915029674768">
        <ele>129</ele>
        <time>2025-05-30T02:35:45Z</time>
      </trkpt>
      <trkpt lat="24.880416998639703" lon="121.532911006361246">
        <ele>129</ele>
        <time>2025-05-30T02:35:51Z</time>
      </trkpt>
      <trkpt lat="24.880407024174929" lon="121.532907988876104">
        <ele>129</ele>
        <time>2025-05-30T02:35:55Z</time>
      </trkpt>
      <trkpt lat="24.880397971719503" lon="121.532900026068091">
        <ele>130</ele>
        <time>2025-05-30T02:36:00Z</time>
      </trkpt>
      <trkpt lat="24.880383973941207" lon="121.53289801441133">
        <ele>129</ele>
        <time>2025-05-30T02:36:05Z</time>
      </trkpt>
      <trkpt lat="24.880375005304813" lon="121.532894996926188">
        <ele>129</ele>
        <time>2025-05-30T02:36:10Z</time>
      </trkpt>
      <trkpt lat="24.88039000891149" lon="121.532892985269427">
        <ele>129</ele>
        <time>2025-05-30T02:36:14Z</time>
      </trkpt>
      <trkpt lat="24.880380034446716" lon="121.532887034118176">
        <ele>128</ele>
        <time>2025-05-30T02:36:18Z</time>
      </trkpt>
      <trkpt lat="24.880361007526517" lon="121.532882004976273">
        <ele>127</ele>
        <time>2025-05-30T02:36:22Z</time>
      </trkpt>
      <trkpt lat="24.880358995869756" lon="121.532872030511498">
        <ele>126</ele>
        <time>2025-05-30T02:36:36Z</time>
      </trkpt>
      <trkpt lat="24.880366958677769" lon="121.532867001369596">
        <ele>127</ele>
        <time>2025-05-30T02:36:45Z</time>
      </trkpt>
      <trkpt lat="24.880365030840039" lon="121.532856021076441">
        <ele>127</ele>
        <time>2025-05-30T02:36:53Z</time>
      </trkpt>
      <trkpt lat="24.880361007526517" lon="121.532843029126525">
        <ele>127</ele>
        <time>2025-05-30T02:36:58Z</time>
      </trkpt>
      <trkpt lat="24.880354972556233" lon="121.53283498249948">
        <ele>127</ele>
        <time>2025-05-30T02:37:07Z</time>
      </trkpt>
      <trkpt lat="24.880342986434698" lon="121.532832970842719">
        <ele>127</ele>
        <time>2025-05-30T02:37:13Z</time>
      </trkpt>
      <trkpt lat="24.880329994484782" lon="121.532830959185958">
        <ele>128</ele>
        <time>2025-05-30T02:37:20Z</time>
      </trkpt>
      <trkpt lat="24.880318008363247" lon="121.532828025519848">
        <ele>129</ele>
        <time>2025-05-30T02:37:26Z</time>
      </trkpt>
      <trkpt lat="24.880309961736202" lon="121.532821990549564">
        <ele>129</ele>
        <time>2025-05-30T02:37:30Z</time>
      </trkpt>
      <trkpt lat="24.880309961736202" lon="121.532802963629365">
        <ele>129</ele>
        <time>2025-05-30T02:37:34Z</time>
      </trkpt>
      <trkpt lat="24.880300993099809" lon="121.532778991386294">
        <ele>129</ele>
        <time>2025-05-30T02:37:38Z</time>
      </trkpt>
      <trkpt lat="24.880266040563583" lon="121.532764993607998">
        <ele>129</ele>
        <time>2025-05-30T02:37:42Z</time>
      </trkpt>
      <trkpt lat="24.880256988108158" lon="121.532758036628366">
        <ele>130</ele>
        <time>2025-05-30T02:37:46Z</time>
      </trkpt>
      <trkpt lat="24.880252964794636" lon="121.532739009708166">
        <ele>129</ele>
        <time>2025-05-30T02:37:53Z</time>
      </trkpt>
      <trkpt lat="24.880266040563583" lon="121.532738003879786">
        <ele>127</ele>
        <time>2025-05-30T02:37:58Z</time>
      </trkpt>
      <trkpt lat="24.880255982279778" lon="121.532732974737883">
        <ele>127</ele>
        <time>2025-05-30T02:38:04Z</time>
      </trkpt>
      <trkpt lat="24.88023997284472" lon="121.532719982787967">
        <ele>127</ele>
        <time>2025-05-30T02:38:08Z</time>
      </trkpt>
      <trkpt lat="24.880229998379946" lon="121.532709002494812">
        <ele>127</ele>
        <time>2025-05-30T02:38:12Z</time>
      </trkpt>
      <trkpt lat="24.880221029743552" lon="121.532703973352909">
        <ele>127</ele>
        <time>2025-05-30T02:38:16Z</time>
      </trkpt>
      <trkpt lat="24.880211977288127" lon="121.53270598500967">
        <ele>126</ele>
        <time>2025-05-30T02:38:20Z</time>
      </trkpt>
      <trkpt lat="24.880203008651733" lon="121.532709002494812">
        <ele>126</ele>
        <time>2025-05-30T02:38:25Z</time>
      </trkpt>
      <trkpt lat="24.88019404001534" lon="121.532701039686799">
        <ele>124</ele>
        <time>2025-05-30T02:38:49Z</time>
      </trkpt>
      <trkpt lat="24.880188005045056" lon="121.532693998888135">
        <ele>126</ele>
        <time>2025-05-30T02:38:56Z</time>
      </trkpt>
      <trkpt lat="24.880179036408663" lon="121.532687041908503">
        <ele>128</ele>
        <time>2025-05-30T02:39:05Z</time>
      </trkpt>
      <trkpt lat="24.88017501309514" lon="121.532676983624697">
        <ele>128</ele>
        <time>2025-05-30T02:39:25Z</time>
      </trkpt>
      <trkpt lat="24.880163026973605" lon="121.532678995281458">
        <ele>128</ele>
        <time>2025-05-30T02:39:34Z</time>
      </trkpt>
      <trkpt lat="24.880150035023689" lon="121.532672038301826">
        <ele>128</ele>
        <time>2025-05-30T02:39:41Z</time>
      </trkpt>
      <trkpt lat="24.880136959254742" lon="121.532659968361259">
        <ele>128</ele>
        <time>2025-05-30T02:39:44Z</time>
      </trkpt>
      <trkpt lat="24.880136037245393" lon="121.532643036916852">
        <ele>129</ele>
        <time>2025-05-30T02:39:48Z</time>
      </trkpt>
      <trkpt lat="24.880123967304826" lon="121.532648988068104">
        <ele>129</ele>
        <time>2025-05-30T02:39:53Z</time>
      </trkpt>
      <trkpt lat="24.880125978961587" lon="121.532638007774949">
        <ele>130</ele>
        <time>2025-05-30T02:39:57Z</time>
      </trkpt>
      <trkpt lat="24.880114998668432" lon="121.532643958926201">
        <ele>130</ele>
        <time>2025-05-30T02:40:01Z</time>
      </trkpt>
      <trkpt lat="24.880106030032039" lon="121.532648988068104">
        <ele>134</ele>
        <time>2025-05-30T02:40:07Z</time>
      </trkpt>
      <trkpt lat="24.8800890147686" lon="121.532629961147904">
        <ele>135</ele>
        <time>2025-05-30T02:40:11Z</time>
      </trkpt>
      <trkpt lat="24.880075016990304" lon="121.532623004168272">
        <ele>137</ele>
        <time>2025-05-30T02:40:15Z</time>
      </trkpt>
      <trkpt lat="24.880064036697149" lon="121.532614035531878">
        <ele>136</ele>
        <time>2025-05-30T02:40:19Z</time>
      </trkpt>
      <trkpt lat="24.880050038918853" lon="121.532624009996653">
        <ele>140</ele>
        <time>2025-05-30T02:40:31Z</time>
      </trkpt>
      <trkpt lat="24.880044003948569" lon="121.532605988904834">
        <ele>140</ele>
        <time>2025-05-30T02:40:38Z</time>
      </trkpt>
      <trkpt lat="24.880037968978286" lon="121.532615963369608">
        <ele>141</ele>
        <time>2025-05-30T02:40:42Z</time>
      </trkpt>
      <trkpt lat="24.880033023655415" lon="121.532605988904834">
        <ele>140</ele>
        <time>2025-05-30T02:40:46Z</time>
      </trkpt>
      <trkpt lat="24.880033023655415" lon="121.532594002783298">
        <ele>139</ele>
        <time>2025-05-30T02:40:51Z</time>
      </trkpt>
      <trkpt lat="24.880023971199989" lon="121.532598026096821">
        <ele>139</ele>
        <time>2025-05-30T02:40:55Z</time>
      </trkpt>
      <trkpt lat="24.880018020048738" lon="121.532614035531878">
        <ele>139</ele>
        <time>2025-05-30T02:40:59Z</time>
      </trkpt>
      <trkpt lat="24.880007039755583" lon="121.532623004168272">
        <ele>140</ele>
        <time>2025-05-30T02:41:03Z</time>
      </trkpt>
      <trkpt lat="24.880010979250073" lon="121.532610012218356">
        <ele>140</ele>
        <time>2025-05-30T02:41:07Z</time>
      </trkpt>
      <trkpt lat="24.880001004785299" lon="121.532609006389976">
        <ele>140</ele>
        <time>2025-05-30T02:41:11Z</time>
      </trkpt>
      <trkpt lat="24.879996981471777" lon="121.53259601444006">
        <ele>142</ele>
        <time>2025-05-30T02:41:17Z</time>
      </trkpt>
      <trkpt lat="24.879989018663764" lon="121.532600959762931">
        <ele>144</ele>
        <time>2025-05-30T02:41:26Z</time>
      </trkpt>
      <trkpt lat="24.879983989521861" lon="121.532611018046737">
        <ele>144</ele>
        <time>2025-05-30T02:41:30Z</time>
      </trkpt>
      <trkpt lat="24.879989018663764" lon="121.532621998339891">
        <ele>144</ele>
        <time>2025-05-30T02:41:37Z</time>
      </trkpt>
      <trkpt lat="24.87998298369348" lon="121.532644964754581">
        <ele>143</ele>
        <time>2025-05-30T02:41:41Z</time>
      </trkpt>
      <trkpt lat="24.879978038370609" lon="121.532635996118188">
        <ele>142</ele>
        <time>2025-05-30T02:41:45Z</time>
      </trkpt>
      <trkpt lat="24.879969991743565" lon="121.532642031088471">
        <ele>142</ele>
        <time>2025-05-30T02:41:51Z</time>
      </trkpt>
      <trkpt lat="24.879962028935552" lon="121.532646976411343">
        <ele>144</ele>
        <time>2025-05-30T02:41:57Z</time>
      </trkpt>
      <trkpt lat="24.879954988136888" lon="121.532631972804666">
        <ele>144</ele>
        <time>2025-05-30T02:42:01Z</time>
      </trkpt>
      <trkpt lat="24.879949036985636" lon="121.532620992511511">
        <ele>143</ele>
        <time>2025-05-30T02:42:06Z</time>
      </trkpt>
      <trkpt lat="24.879946019500494" lon="121.532610012218356">
        <ele>142</ele>
        <time>2025-05-30T02:42:11Z</time>
      </trkpt>
      <trkpt lat="24.879937972873449" lon="121.532599031925201">
        <ele>142</ele>
        <time>2025-05-30T02:42:21Z</time>
      </trkpt>
      <trkpt lat="24.87995901145041" lon="121.532629039138556">
        <ele>140</ele>
        <time>2025-05-30T02:42:25Z</time>
      </trkpt>
      <trkpt lat="24.879949036985636" lon="121.532632978633046">
        <ele>136</ele>
        <time>2025-05-30T02:42:43Z</time>
      </trkpt>
      <trkpt lat="24.879944007843733" lon="121.532621998339891">
        <ele>137</ele>
        <time>2025-05-30T02:42:47Z</time>
      </trkpt>
      <trkpt lat="24.879930010065436" lon="121.532630966976285">
        <ele>138</ele>
        <time>2025-05-30T02:42:52Z</time>
      </trkpt>
      <trkpt lat="24.879918023943901" lon="121.532632978633046">
        <ele>139</ele>
        <time>2025-05-30T02:42:56Z</time>
      </trkpt>
      <trkpt lat="24.879906037822366" lon="121.532620992511511">
        <ele>140</ele>
        <time>2025-05-30T02:43:02Z</time>
      </trkpt>
      <trkpt lat="24.879893967881799" lon="121.532626021653414">
        <ele>140</ele>
        <time>2025-05-30T02:43:07Z</time>
      </trkpt>
      <trkpt lat="24.879900002852082" lon="121.532601965591311">
        <ele>141</ele>
        <time>2025-05-30T02:43:11Z</time>
      </trkpt>
      <trkpt lat="24.87991701811552" lon="121.532589979469776">
        <ele>143</ele>
        <time>2025-05-30T02:43:15Z</time>
      </trkpt>
      <trkpt lat="24.879906037822366" lon="121.532586039975286">
        <ele>144</ele>
        <time>2025-05-30T02:43:22Z</time>
      </trkpt>
      <trkpt lat="24.879897991195321" lon="121.53257598169148">
        <ele>142</ele>
        <time>2025-05-30T02:43:26Z</time>
      </trkpt>
      <trkpt lat="24.879906037822366" lon="121.532557038590312">
        <ele>142</ele>
        <time>2025-05-30T02:43:30Z</time>
      </trkpt>
      <trkpt lat="24.879900002852082" lon="121.532543040812016">
        <ele>138</ele>
        <time>2025-05-30T02:43:34Z</time>
      </trkpt>
      <trkpt lat="24.879893967881799" lon="121.532558966428041">
        <ele>134</ele>
        <time>2025-05-30T02:43:52Z</time>
      </trkpt>
      <trkpt lat="24.879881981760263" lon="121.532559972256422">
        <ele>136</ele>
        <time>2025-05-30T02:44:00Z</time>
      </trkpt>
      <trkpt lat="24.879891034215689" lon="121.532557960599661">
        <ele>148</ele>
        <time>2025-05-30T02:44:09Z</time>
      </trkpt>
      <trkpt lat="24.879901008680463" lon="121.53255402110517">
        <ele>146</ele>
        <time>2025-05-30T02:44:13Z</time>
      </trkpt>
      <trkpt lat="24.879892040044069" lon="121.532557038590312">
        <ele>142</ele>
        <time>2025-05-30T02:44:17Z</time>
      </trkpt>
      <trkpt lat="24.879883993417025" lon="121.532562989741564">
        <ele>142</ele>
        <time>2025-05-30T02:44:21Z</time>
      </trkpt>
      <trkpt lat="24.879877036437392" lon="121.532569024711847">
        <ele>139</ele>
        <time>2025-05-30T02:44:25Z</time>
      </trkpt>
      <trkpt lat="24.879867983981967" lon="121.532557038590312">
        <ele>138</ele>
        <time>2025-05-30T02:44:38Z</time>
      </trkpt>
      <trkpt lat="24.879869995638728" lon="121.532546980306506">
        <ele>139</ele>
        <time>2025-05-30T02:44:42Z</time>
      </trkpt>
      <trkpt lat="24.87987301312387" lon="121.532557038590312">
        <ele>136</ele>
        <time>2025-05-30T02:44:51Z</time>
      </trkpt>
      <trkpt lat="24.879864966496825" lon="121.532551003620028">
        <ele>134</ele>
        <time>2025-05-30T02:45:05Z</time>
      </trkpt>
      <trkpt lat="24.879866978153586" lon="121.532541029155254">
        <ele>133</ele>
        <time>2025-05-30T02:45:14Z</time>
      </trkpt>
      <trkpt lat="24.879877036437392" lon="121.532543962821364">
        <ele>134</ele>
        <time>2025-05-30T02:45:21Z</time>
      </trkpt>
      <trkpt lat="24.879866978153586" lon="121.532540023326874">
        <ele>134</ele>
        <time>2025-05-30T02:45:49Z</time>
      </trkpt>
      <trkpt lat="24.879855997860432" lon="121.532540023326874">
        <ele>134</ele>
        <time>2025-05-30T02:45:59Z</time>
      </trkpt>
      <trkpt lat="24.879855997860432" lon="121.532528959214687">
        <ele>134</ele>
        <time>2025-05-30T02:46:02Z</time>
      </trkpt>
      <trkpt lat="24.879836970940232" lon="121.532543962821364">
        <ele>134</ele>
        <time>2025-05-30T02:46:06Z</time>
      </trkpt>
      <trkpt lat="24.879829008132219" lon="121.532549997791648">
        <ele>135</ele>
        <time>2025-05-30T02:46:10Z</time>
      </trkpt>
      <trkpt lat="24.879817022010684" lon="121.532549997791648">
        <ele>135</ele>
        <time>2025-05-30T02:46:14Z</time>
      </trkpt>
      <trkpt lat="24.879807969555259" lon="121.532561983913183">
        <ele>135</ele>
        <time>2025-05-30T02:46:18Z</time>
      </trkpt>
      <trkpt lat="24.879792965948582" lon="121.532552009448409">
        <ele>137</ele>
        <time>2025-05-30T02:46:27Z</time>
      </trkpt>
      <trkpt lat="24.879785003140569" lon="121.532545974478126">
        <ele>136</ele>
        <time>2025-05-30T02:46:38Z</time>
      </trkpt>
      <trkpt lat="24.87978802062571" lon="121.532515967264771">
        <ele>137</ele>
        <time>2025-05-30T02:46:42Z</time>
      </trkpt>
      <trkpt lat="24.87978701479733" lon="121.532498029991984">
        <ele>137</ele>
        <time>2025-05-30T02:46:46Z</time>
      </trkpt>
      <trkpt lat="24.879781985655427" lon="121.532485960051417">
        <ele>136</ele>
        <time>2025-05-30T02:46:50Z</time>
      </trkpt>
      <trkpt lat="24.879779973998666" lon="121.532466011121869">
        <ele>136</ele>
        <time>2025-05-30T02:46:54Z</time>
      </trkpt>
      <trkpt lat="24.879775028675795" lon="121.532456036657095">
        <ele>135</ele>
        <time>2025-05-30T02:46:59Z</time>
      </trkpt>
      <trkpt lat="24.879777962341905" lon="121.532443966716528">
        <ele>134</ele>
        <time>2025-05-30T02:47:03Z</time>
      </trkpt>
      <trkpt lat="24.879774022847414" lon="121.532432986423373">
        <ele>132</ele>
        <time>2025-05-30T02:47:10Z</time>
      </trkpt>
      <trkpt lat="24.879765976220369" lon="121.53242502361536">
        <ele>132</ele>
        <time>2025-05-30T02:47:15Z</time>
      </trkpt>
      <trkpt lat="24.879757007583976" lon="121.532422006130219">
        <ele>133</ele>
        <time>2025-05-30T02:47:21Z</time>
      </trkpt>
      <trkpt lat="24.87974401563406" lon="121.532426029443741">
        <ele>133</ele>
        <time>2025-05-30T02:47:25Z</time>
      </trkpt>
      <trkpt lat="24.879731023684144" lon="121.532426029443741">
        <ele>131</ele>
        <time>2025-05-30T02:47:29Z</time>
      </trkpt>
      <trkpt lat="24.879720965400338" lon="121.53242401778698">
        <ele>131</ele>
        <time>2025-05-30T02:47:33Z</time>
      </trkpt>
      <trkpt lat="24.879706967622042" lon="121.532417982816696">
        <ele>131</ele>
        <time>2025-05-30T02:47:37Z</time>
      </trkpt>
      <trkpt lat="24.879697998985648" lon="121.532413959503174">
        <ele>131</ele>
        <time>2025-05-30T02:47:42Z</time>
      </trkpt>
      <trkpt lat="24.879688024520874" lon="121.532413037493825">
        <ele>133</ele>
        <time>2025-05-30T02:47:56Z</time>
      </trkpt>
      <trkpt lat="24.879675032570958" lon="121.532413959503174">
        <ele>133</ele>
        <time>2025-05-30T02:48:00Z</time>
      </trkpt>
      <trkpt lat="24.879665980115533" lon="121.532421000301838">
        <ele>134</ele>
        <time>2025-05-30T02:48:03Z</time>
      </trkpt>
      <trkpt lat="24.879666985943913" lon="121.532405996695161">
        <ele>132</ele>
        <time>2025-05-30T02:48:07Z</time>
      </trkpt>
      <trkpt lat="24.879660028964281" lon="121.532399961724877">
        <ele>130</ele>
        <time>2025-05-30T02:48:11Z</time>
      </trkpt>
      <trkpt lat="24.87965801730752" lon="121.532384036108851">
        <ele>130</ele>
        <time>2025-05-30T02:48:15Z</time>
      </trkpt>
      <trkpt lat="24.879647037014365" lon="121.532356040552258">
        <ele>133</ele>
        <time>2025-05-30T02:48:19Z</time>
      </trkpt>
      <trkpt lat="24.879652988165617" lon="121.532346988096833">
        <ele>134</ele>
        <time>2025-05-30T02:48:23Z</time>
      </trkpt>
      <trkpt lat="24.879662040621042" lon="121.532345982268453">
        <ele>134</ele>
        <time>2025-05-30T02:48:27Z</time>
      </trkpt>
      <trkpt lat="24.879662040621042" lon="121.532333996146917">
        <ele>134</ele>
        <time>2025-05-30T02:48:31Z</time>
      </trkpt>
      <trkpt lat="24.879653993993998" lon="121.532326033338904">
        <ele>133</ele>
        <time>2025-05-30T02:48:38Z</time>
      </trkpt>
      <trkpt lat="24.879663968458772" lon="121.532325027510524">
        <ele>133</ele>
        <time>2025-05-30T02:48:42Z</time>
      </trkpt>
      <trkpt lat="24.879674026742578" lon="121.532309018075466">
        <ele>134</ele>
        <time>2025-05-30T02:48:46Z</time>
      </trkpt>
      <trkpt lat="24.879653993993998" lon="121.532290996983647">
        <ele>134</ele>
        <time>2025-05-30T02:48:50Z</time>
      </trkpt>
      <trkpt lat="24.879657011479139" lon="121.532279010862112">
        <ele>134</ele>
        <time>2025-05-30T02:48:54Z</time>
      </trkpt>
      <trkpt lat="24.879639996215701" lon="121.532270964235067">
        <ele>134</ele>
        <time>2025-05-30T02:48:58Z</time>
      </trkpt>
      <trkpt lat="24.879630021750927" lon="121.532270964235067">
        <ele>134</ele>
        <time>2025-05-30T02:49:02Z</time>
      </trkpt>
      <trkpt lat="24.879633961245418" lon="121.532261995598674">
        <ele>134</ele>
        <time>2025-05-30T02:49:08Z</time>
      </trkpt>
      <trkpt lat="24.879643013700843" lon="121.532254032790661">
        <ele>133</ele>
        <time>2025-05-30T02:49:15Z</time>
      </trkpt>
      <trkpt lat="24.879631027579308" lon="121.532245986163616">
        <ele>131</ele>
        <time>2025-05-30T02:49:21Z</time>
      </trkpt>
      <trkpt lat="24.879620969295502" lon="121.532257972285151">
        <ele>132</ele>
        <time>2025-05-30T02:49:25Z</time>
      </trkpt>
      <trkpt lat="24.879617029801011" lon="121.532229976728559">
        <ele>131</ele>
        <time>2025-05-30T02:49:29Z</time>
      </trkpt>
      <trkpt lat="24.879631027579308" lon="121.532241962850094">
        <ele>131</ele>
        <time>2025-05-30T02:49:33Z</time>
      </trkpt>
      <trkpt lat="24.879621975123882" lon="121.532226959243417">
        <ele>130</ele>
        <time>2025-05-30T02:49:37Z</time>
      </trkpt>
      <trkpt lat="24.879600014537573" lon="121.532201981171966">
        <ele>130</ele>
        <time>2025-05-30T02:49:41Z</time>
      </trkpt>
      <trkpt lat="24.879575958475471" lon="121.532180020585656">
        <ele>131</ele>
        <time>2025-05-30T02:49:45Z</time>
      </trkpt>
      <trkpt lat="24.879561960697174" lon="121.532151019200683">
        <ele>132</ele>
        <time>2025-05-30T02:49:49Z</time>
      </trkpt>
      <trkpt lat="24.879542011767626" lon="121.532139033079147">
        <ele>132</ele>
        <time>2025-05-30T02:49:53Z</time>
      </trkpt>
      <trkpt lat="24.879532037302852" lon="121.532138027250767">
        <ele>133</ele>
        <time>2025-05-30T02:50:01Z</time>
      </trkpt>
      <trkpt lat="24.879532037302852" lon="121.532125035300851">
        <ele>134</ele>
        <time>2025-05-30T02:50:05Z</time>
      </trkpt>
      <trkpt lat="24.879532037302852" lon="121.532114977017045">
        <ele>134</ele>
        <time>2025-05-30T02:50:17Z</time>
      </trkpt>
      <trkpt lat="24.879527008160949" lon="121.532101985067129">
        <ele>133</ele>
        <time>2025-05-30T02:50:21Z</time>
      </trkpt>
      <trkpt lat="24.879516027867794" lon="121.53210299089551">
        <ele>134</ele>
        <time>2025-05-30T02:50:25Z</time>
      </trkpt>
      <trkpt lat="24.879501024261117" lon="121.532098967581987">
        <ele>135</ele>
        <time>2025-05-30T02:50:29Z</time>
      </trkpt>
      <trkpt lat="24.879479985684156" lon="121.53212302364409">
        <ele>135</ele>
        <time>2025-05-30T02:50:33Z</time>
      </trkpt>
      <trkpt lat="24.879478979855776" lon="121.53210299089551">
        <ele>135</ele>
        <time>2025-05-30T02:50:37Z</time>
      </trkpt>
      <trkpt lat="24.879494989290833" lon="121.532070972025394">
        <ele>135</ele>
        <time>2025-05-30T02:50:41Z</time>
      </trkpt>
      <trkpt lat="24.879474034532905" lon="121.532054040580988">
        <ele>136</ele>
        <time>2025-05-30T02:50:45Z</time>
      </trkpt>
      <trkpt lat="24.879467999562621" lon="121.532036019489169">
        <ele>136</ele>
        <time>2025-05-30T02:50:49Z</time>
      </trkpt>
      <trkpt lat="24.879458025097847" lon="121.532030990347266">
        <ele>136</ele>
        <time>2025-05-30T02:50:53Z</time>
      </trkpt>
      <trkpt lat="24.879446960985661" lon="121.532025961205363">
        <ele>136</ele>
        <time>2025-05-30T02:50:57Z</time>
      </trkpt>
      <trkpt lat="24.879461964592338" lon="121.532023027539253">
        <ele>135</ele>
        <time>2025-05-30T02:51:02Z</time>
      </trkpt>
      <trkpt lat="24.879467999562621" lon="121.532015986740589">
        <ele>134</ele>
        <time>2025-05-30T02:51:06Z</time>
      </trkpt>
      <trkpt lat="24.879456013441086" lon="121.532005006447434">
        <ele>135</ele>
        <time>2025-05-30T02:51:11Z</time>
      </trkpt>
      <trkpt lat="24.879454001784325" lon="121.531992014497519">
        <ele>134</ele>
        <time>2025-05-30T02:51:14Z</time>
      </trkpt>
      <trkpt lat="24.879462970420718" lon="121.531983967870474">
        <ele>135</ele>
        <time>2025-05-30T02:51:18Z</time>
      </trkpt>
      <trkpt lat="24.879474034532905" lon="121.531985979527235">
        <ele>136</ele>
        <time>2025-05-30T02:51:24Z</time>
      </trkpt>
      <trkpt lat="24.879479985684156" lon="121.53199402615428">
        <ele>136</ele>
        <time>2025-05-30T02:51:31Z</time>
      </trkpt>
      <trkpt lat="24.879478979855776" lon="121.532008023932576">
        <ele>139</ele>
        <time>2025-05-30T02:51:49Z</time>
      </trkpt>
      <trkpt lat="24.87946598790586" lon="121.532007018104196">
        <ele>142</ele>
        <time>2025-05-30T02:52:04Z</time>
      </trkpt>
      <trkpt lat="24.879471017047763" lon="121.531970975920558">
        <ele>143</ele>
        <time>2025-05-30T02:52:08Z</time>
      </trkpt>
      <trkpt lat="24.879464982077479" lon="121.531950021162629">
        <ele>143</ele>
        <time>2025-05-30T02:52:11Z</time>
      </trkpt>
      <trkpt lat="24.879444027319551" lon="121.531943986192346">
        <ele>143</ele>
        <time>2025-05-30T02:52:15Z</time>
      </trkpt>
      <trkpt lat="24.879416031762958" lon="121.53195102699101">
        <ele>143</ele>
        <time>2025-05-30T02:52:19Z</time>
      </trkpt>
      <trkpt lat="24.879388036206365" lon="121.531958989799023">
        <ele>143</ele>
        <time>2025-05-30T02:52:23Z</time>
      </trkpt>
      <trkpt lat="24.879388958215714" lon="121.531941974535584">
        <ele>146</ele>
        <time>2025-05-30T02:52:28Z</time>
      </trkpt>
      <trkpt lat="24.879378983750939" lon="121.531936023384333">
        <ele>147</ele>
        <time>2025-05-30T02:52:32Z</time>
      </trkpt>
      <trkpt lat="24.879356017336249" lon="121.531953038647771">
        <ele>148</ele>
        <time>2025-05-30T02:52:36Z</time>
      </trkpt>
      <trkpt lat="24.879345037043095" lon="121.531949015334249">
        <ele>150</ele>
        <time>2025-05-30T02:52:42Z</time>
      </trkpt>
      <trkpt lat="24.87933699041605" lon="121.531940968707204">
        <ele>151</ele>
        <time>2025-05-30T02:52:46Z</time>
      </trkpt>
      <trkpt lat="24.879328021779656" lon="121.531943986192346">
        <ele>152</ele>
        <time>2025-05-30T02:52:50Z</time>
      </trkpt>
      <trkpt lat="24.879330033436418" lon="121.531933005899191">
        <ele>153</ele>
        <time>2025-05-30T02:53:00Z</time>
      </trkpt>
      <trkpt lat="24.879333972930908" lon="121.531924037262797">
        <ele>152</ele>
        <time>2025-05-30T02:53:06Z</time>
      </trkpt>
      <trkpt lat="24.879341013729572" lon="121.531915990635753">
        <ele>152</ele>
        <time>2025-05-30T02:53:14Z</time>
      </trkpt>
      <trkpt lat="24.879345037043095" lon="121.531925965100527">
        <ele>155</ele>
        <time>2025-05-30T02:53:23Z</time>
      </trkpt>
      <trkpt lat="24.879342019557953" lon="121.531914984807372">
        <ele>151</ele>
        <time>2025-05-30T02:53:30Z</time>
      </trkpt>
      <trkpt lat="24.87933699041605" lon="121.531926970928907">
        <ele>153</ele>
        <time>2025-05-30T02:53:38Z</time>
      </trkpt>
      <trkpt lat="24.879327015951276" lon="121.531936023384333">
        <ele>154</ele>
        <time>2025-05-30T02:53:50Z</time>
      </trkpt>
      <trkpt lat="24.879331039264798" lon="121.531926970928907">
        <ele>154</ele>
        <time>2025-05-30T02:53:56Z</time>
      </trkpt>
      <trkpt lat="24.87933699041605" lon="121.531914984807372">
        <ele>152</ele>
        <time>2025-05-30T02:54:01Z</time>
      </trkpt>
      <trkpt lat="24.879345959052444" lon="121.53190802782774">
        <ele>144</ele>
        <time>2025-05-30T02:54:17Z</time>
      </trkpt>
      <trkpt lat="24.879335984587669" lon="121.531910039484501">
        <ele>153</ele>
        <time>2025-05-30T02:54:33Z</time>
      </trkpt>
      <trkpt lat="24.879337996244431" lon="121.531896963715553">
        <ele>150</ele>
        <time>2025-05-30T02:54:38Z</time>
      </trkpt>
      <trkpt lat="24.879329027608037" lon="121.531900987029076">
        <ele>147</ele>
        <time>2025-05-30T02:54:42Z</time>
      </trkpt>
      <trkpt lat="24.879316035658121" lon="121.531922025606036">
        <ele>150</ele>
        <time>2025-05-30T02:54:46Z</time>
      </trkpt>
      <trkpt lat="24.879318969324231" lon="121.53191196732223">
        <ele>145</ele>
        <time>2025-05-30T02:54:52Z</time>
      </trkpt>
      <trkpt lat="24.879308994859457" lon="121.531912973150611">
        <ele>144</ele>
        <time>2025-05-30T02:54:56Z</time>
      </trkpt>
      <trkpt lat="24.879306983202696" lon="121.531900987029076">
        <ele>141</ele>
        <time>2025-05-30T02:55:01Z</time>
      </trkpt>
      <trkpt lat="24.879308994859457" lon="121.53188799507916">
        <ele>144</ele>
        <time>2025-05-30T02:55:06Z</time>
      </trkpt>
      <trkpt lat="24.879311006516218" lon="121.531873997300863">
        <ele>148</ele>
        <time>2025-05-30T02:55:10Z</time>
      </trkpt>
      <trkpt lat="24.879321986809373" lon="121.53186502866447">
        <ele>151</ele>
        <time>2025-05-30T02:55:17Z</time>
      </trkpt>
      <trkpt lat="24.879331039264798" lon="121.53186796233058">
        <ele>148</ele>
        <time>2025-05-30T02:55:21Z</time>
      </trkpt>
      <trkpt lat="24.879331961274147" lon="121.531881960108876">
        <ele>145</ele>
        <time>2025-05-30T02:55:42Z</time>
      </trkpt>
      <trkpt lat="24.879335984587669" lon="121.531870979815722">
        <ele>143</ele>
        <time>2025-05-30T02:55:46Z</time>
      </trkpt>
      <trkpt lat="24.879330033436418" lon="121.531882965937257">
        <ele>142</ele>
        <time>2025-05-30T02:55:58Z</time>
      </trkpt>
      <trkpt lat="24.879327015951276" lon="121.531869973987341">
        <ele>139</ele>
        <time>2025-05-30T02:56:03Z</time>
      </trkpt>
      <trkpt lat="24.879322992637753" lon="121.531852958723903">
        <ele>141</ele>
        <time>2025-05-30T02:56:07Z</time>
      </trkpt>
      <trkpt lat="24.879328021779656" lon="121.531841978430748">
        <ele>140</ele>
        <time>2025-05-30T02:56:11Z</time>
      </trkpt>
      <trkpt lat="24.879340007901192" lon="121.531838960945606">
        <ele>142</ele>
        <time>2025-05-30T02:56:19Z</time>
      </trkpt>
      <trkpt lat="24.879342019557953" lon="121.531824041157961">
        <ele>144</ele>
        <time>2025-05-30T02:56:26Z</time>
      </trkpt>
      <trkpt lat="24.879349982365966" lon="121.531835021451116">
        <ele>146</ele>
        <time>2025-05-30T02:56:30Z</time>
      </trkpt>
      <trkpt lat="24.879331961274147" lon="121.531814988702536">
        <ele>141</ele>
        <time>2025-05-30T02:56:34Z</time>
      </trkpt>
      <trkpt lat="24.879337996244431" lon="121.531786993145943">
        <ele>143</ele>
        <time>2025-05-30T02:56:38Z</time>
      </trkpt>
      <trkpt lat="24.879315029829741" lon="121.53178296983242">
        <ele>146</ele>
        <time>2025-05-30T02:56:42Z</time>
      </trkpt>
      <trkpt lat="24.879298014566302" lon="121.531778024509549">
        <ele>150</ele>
        <time>2025-05-30T02:56:46Z</time>
      </trkpt>
      <trkpt lat="24.879285022616386" lon="121.531744999811053">
        <ele>148</ele>
        <time>2025-05-30T02:56:50Z</time>
      </trkpt>
      <trkpt lat="24.879270019009709" lon="121.531723039224744">
        <ele>149</ele>
        <time>2025-05-30T02:56:54Z</time>
      </trkpt>
      <trkpt lat="24.879263984039426" lon="121.531699988991022">
        <ele>150</ele>
        <time>2025-05-30T02:56:58Z</time>
      </trkpt>
      <trkpt lat="24.879268007352948" lon="121.531684985384345">
        <ele>149</ele>
        <time>2025-05-30T02:57:02Z</time>
      </trkpt>
      <trkpt lat="24.879255015403032" lon="121.531677022576332">
        <ele>149</ele>
        <time>2025-05-30T02:57:06Z</time>
      </trkpt>
      <trkpt lat="24.879269013181329" lon="121.53167299926281">
        <ele>150</ele>
        <time>2025-05-30T02:57:10Z</time>
      </trkpt>
      <trkpt lat="24.879259960725904" lon="121.531686997041106">
        <ele>149</ele>
        <time>2025-05-30T02:57:17Z</time>
      </trkpt>
      <trkpt lat="24.879270019009709" lon="121.531688002869487">
        <ele>151</ele>
        <time>2025-05-30T02:57:22Z</time>
      </trkpt>
      <trkpt lat="24.879268007352948" lon="121.531704012304544">
        <ele>153</ele>
        <time>2025-05-30T02:57:31Z</time>
      </trkpt>
      <trkpt lat="24.879270019009709" lon="121.531689008697867">
        <ele>149</ele>
        <time>2025-05-30T02:57:36Z</time>
      </trkpt>
      <trkpt lat="24.879251997917891" lon="121.531690014526248">
        <ele>152</ele>
        <time>2025-05-30T02:57:40Z</time>
      </trkpt>
      <trkpt lat="24.879257027059793" lon="121.531677022576332">
        <ele>155</ele>
        <time>2025-05-30T02:57:44Z</time>
      </trkpt>
      <trkpt lat="24.879251997917891" lon="121.531688002869487">
        <ele>158</ele>
        <time>2025-05-30T02:57:48Z</time>
      </trkpt>
      <trkpt lat="24.879251997917891" lon="121.531675010919571">
        <ele>156</ele>
        <time>2025-05-30T02:57:54Z</time>
      </trkpt>
      <trkpt lat="24.879248980432749" lon="121.531659001484513">
        <ele>153</ele>
        <time>2025-05-30T02:57:59Z</time>
      </trkpt>
      <trkpt lat="24.879260966554284" lon="121.531648021191359">
        <ele>150</ele>
        <time>2025-05-30T02:58:03Z</time>
      </trkpt>
      <trkpt lat="24.879258032888174" lon="121.531628994271159">
        <ele>151</ele>
        <time>2025-05-30T02:58:09Z</time>
      </trkpt>
      <trkpt lat="24.879261972382665" lon="121.531643997877836">
        <ele>153</ele>
        <time>2025-05-30T02:58:13Z</time>
      </trkpt>
      <trkpt lat="24.879277981817722" lon="121.531646009534597">
        <ele>155</ele>
        <time>2025-05-30T02:58:17Z</time>
      </trkpt>
      <trkpt lat="24.879269013181329" lon="121.531656989827752">
        <ele>161</ele>
        <time>2025-05-30T02:58:24Z</time>
      </trkpt>
      <trkpt lat="24.879290973767638" lon="121.53163000009954">
        <ele>151</ele>
        <time>2025-05-30T02:58:28Z</time>
      </trkpt>
      <trkpt lat="24.879302037879825" lon="121.531612984836102">
        <ele>150</ele>
        <time>2025-05-30T02:58:32Z</time>
      </trkpt>
      <trkpt lat="24.87927102483809" lon="121.531596975401044">
        <ele>152</ele>
        <time>2025-05-30T02:58:36Z</time>
      </trkpt>
      <trkpt lat="24.879233976826072" lon="121.531589012593031">
        <ele>154</ele>
        <time>2025-05-30T02:58:40Z</time>
      </trkpt>
      <trkpt lat="24.879222996532917" lon="121.531582977622747">
        <ele>153</ele>
        <time>2025-05-30T02:58:44Z</time>
      </trkpt>
      <trkpt lat="24.879208998754621" lon="121.531583983451128">
        <ele>156</ele>
        <time>2025-05-30T02:58:49Z</time>
      </trkpt>
      <trkpt lat="24.879197012633085" lon="121.53158700093627">
        <ele>155</ele>
        <time>2025-05-30T02:58:55Z</time>
      </trkpt>
      <trkpt lat="24.879189971834421" lon="121.531594963744283">
        <ele>154</ele>
        <time>2025-05-30T02:58:59Z</time>
      </trkpt>
      <trkpt lat="24.879187038168311" lon="121.531604016199708">
        <ele>154</ele>
        <time>2025-05-30T02:59:04Z</time>
      </trkpt>
      <trkpt lat="24.879177985712886" lon="121.531600998714566">
        <ele>154</ele>
        <time>2025-05-30T02:59:09Z</time>
      </trkpt>
      <trkpt lat="24.879186032339931" lon="121.531589012593031">
        <ele>155</ele>
        <time>2025-05-30T02:59:16Z</time>
      </trkpt>
      <trkpt lat="24.87918796017766" lon="121.531611979007721">
        <ele>153</ele>
        <time>2025-05-30T02:59:26Z</time>
      </trkpt>
      <trkpt lat="24.879178991541266" lon="121.531600998714566">
        <ele>155</ele>
        <time>2025-05-30T02:59:30Z</time>
      </trkpt>
      <trkpt lat="24.879184020683169" lon="121.531592030078173">
        <ele>157</ele>
        <time>2025-05-30T02:59:35Z</time>
      </trkpt>
      <trkpt lat="24.879198018461466" lon="121.531574008986354">
        <ele>160</ele>
        <time>2025-05-30T02:59:41Z</time>
      </trkpt>
      <trkpt lat="24.879201035946608" lon="121.531552970409393">
        <ele>155</ele>
        <time>2025-05-30T02:59:47Z</time>
      </trkpt>
      <trkpt lat="24.879224002361298" lon="121.531536038964987">
        <ele>152</ele>
        <time>2025-05-30T02:59:51Z</time>
      </trkpt>
      <trkpt lat="24.879240011796355" lon="121.53152396902442">
        <ele>148</ele>
        <time>2025-05-30T02:59:55Z</time>
      </trkpt>
      <trkpt lat="24.879256021231413" lon="121.531504020094872">
        <ele>147</ele>
        <time>2025-05-30T02:59:59Z</time>
      </trkpt>
      <trkpt lat="24.879273036494851" lon="121.53148096986115">
        <ele>145</ele>
        <time>2025-05-30T03:00:03Z</time>
      </trkpt>
      <trkpt lat="24.879292985424399" lon="121.53147803619504">
        <ele>147</ele>
        <time>2025-05-30T03:00:07Z</time>
      </trkpt>
      <trkpt lat="24.879304971545935" lon="121.531478958204389">
        <ele>147</ele>
        <time>2025-05-30T03:00:12Z</time>
      </trkpt>
      <trkpt lat="24.879315029829741" lon="121.531476024538279">
        <ele>147</ele>
        <time>2025-05-30T03:00:16Z</time>
      </trkpt>
      <trkpt lat="24.879320980980992" lon="121.531467977911234">
        <ele>146</ele>
        <time>2025-05-30T03:00:23Z</time>
      </trkpt>
      <trkpt lat="24.87931402400136" lon="121.531456997618079">
        <ele>145</ele>
        <time>2025-05-30T03:00:30Z</time>
      </trkpt>
      <trkpt lat="24.879331961274147" lon="121.531461020931602">
        <ele>150</ele>
        <time>2025-05-30T03:00:34Z</time>
      </trkpt>
      <trkpt lat="24.879340007901192" lon="121.531469989567995">
        <ele>151</ele>
        <time>2025-05-30T03:00:49Z</time>
      </trkpt>
      <trkpt lat="24.879334978759289" lon="121.531454985961318">
        <ele>150</ele>
        <time>2025-05-30T03:00:58Z</time>
      </trkpt>
      <trkpt lat="24.879323998466134" lon="121.531439982354641">
        <ele>145</ele>
        <time>2025-05-30T03:01:02Z</time>
      </trkpt>
      <trkpt lat="24.879313018172979" lon="121.531435959041119">
        <ele>141</ele>
        <time>2025-05-30T03:01:06Z</time>
      </trkpt>
      <trkpt lat="24.879299020394683" lon="121.531431013718247">
        <ele>146</ele>
        <time>2025-05-30T03:01:22Z</time>
      </trkpt>
      <trkpt lat="24.879308994859457" lon="121.531435959041119">
        <ele>144</ele>
        <time>2025-05-30T03:01:29Z</time>
      </trkpt>
      <trkpt lat="24.879301032051444" lon="121.531431013718247">
        <ele>145</ele>
        <time>2025-05-30T03:01:35Z</time>
      </trkpt>
      <trkpt lat="24.879298014566302" lon="121.531440988183022">
        <ele>143</ele>
        <time>2025-05-30T03:02:07Z</time>
      </trkpt>
      <trkpt lat="24.879289967939258" lon="121.531445011496544">
        <ele>144</ele>
        <time>2025-05-30T03:02:43Z</time>
      </trkpt>
      <trkpt lat="24.879288040101528" lon="121.53145800344646">
        <ele>144</ele>
        <time>2025-05-30T03:02:53Z</time>
      </trkpt>
      <trkpt lat="24.87929399125278" lon="121.531475018709898">
        <ele>148</ele>
        <time>2025-05-30T03:02:57Z</time>
      </trkpt>
      <trkpt lat="24.879316035658121" lon="121.53148096986115">
        <ele>143</ele>
        <time>2025-05-30T03:03:19Z</time>
      </trkpt>
      <trkpt lat="24.879322992637753" lon="121.531464038416743">
        <ele>144</ele>
        <time>2025-05-30T03:03:25Z</time>
      </trkpt>
      <trkpt lat="24.879308994859457" lon="121.531470995396376">
        <ele>144</ele>
        <time>2025-05-30T03:03:29Z</time>
      </trkpt>
      <trkpt lat="24.879321986809373" lon="121.531467977911234">
        <ele>141</ele>
        <time>2025-05-30T03:03:48Z</time>
      </trkpt>
      <trkpt lat="24.879313018172979" lon="121.531472001224756">
        <ele>142</ele>
        <time>2025-05-30T03:03:53Z</time>
      </trkpt>
      <trkpt lat="24.879323998466134" lon="121.531474012881517">
        <ele>144</ele>
        <time>2025-05-30T03:04:05Z</time>
      </trkpt>
      <trkpt lat="24.879319975152612" lon="121.531482981517911">
        <ele>144</ele>
        <time>2025-05-30T03:04:19Z</time>
      </trkpt>
      <trkpt lat="24.879332967102528" lon="121.531485999003053">
        <ele>143</ele>
        <time>2025-05-30T03:05:14Z</time>
      </trkpt>
      <trkpt lat="24.879345037043095" lon="121.531494967639446">
        <ele>144</ele>
        <time>2025-05-30T03:05:18Z</time>
      </trkpt>
      <trkpt lat="24.879342019557953" lon="121.531505025923252">
        <ele>145</ele>
        <time>2025-05-30T03:05:24Z</time>
      </trkpt>
      <trkpt lat="24.879329027608037" lon="121.531509971246123">
        <ele>144</ele>
        <time>2025-05-30T03:05:40Z</time>
      </trkpt>
      <trkpt lat="24.879319975152612" lon="121.53150200843811">
        <ele>141</ele>
        <time>2025-05-30T03:05:48Z</time>
      </trkpt>
      <trkpt lat="24.87931402400136" lon="121.531494967639446">
        <ele>139</ele>
        <time>2025-05-30T03:05:53Z</time>
      </trkpt>
      <trkpt lat="24.879305977374315" lon="121.531487004831433">
        <ele>141</ele>
        <time>2025-05-30T03:06:10Z</time>
      </trkpt>
      <trkpt lat="24.879307989031076" lon="121.531475018709898">
        <ele>140</ele>
        <time>2025-05-30T03:06:16Z</time>
      </trkpt>
      <trkpt lat="24.879301032051444" lon="121.531468983739614">
        <ele>141</ele>
        <time>2025-05-30T03:06:21Z</time>
      </trkpt>
      <trkpt lat="24.879310000687838" lon="121.531474012881517">
        <ele>142</ele>
        <time>2025-05-30T03:06:24Z</time>
      </trkpt>
      <trkpt lat="24.879311006516218" lon="121.531494967639446">
        <ele>143</ele>
        <time>2025-05-30T03:07:07Z</time>
      </trkpt>
      <trkpt lat="24.879311006516218" lon="121.531460015103221">
        <ele>142</ele>
        <time>2025-05-30T03:07:11Z</time>
      </trkpt>
      <trkpt lat="24.879302959889174" lon="121.531453980132937">
        <ele>140</ele>
        <time>2025-05-30T03:07:16Z</time>
      </trkpt>
      <trkpt lat="24.879297008737922" lon="121.531447023153305">
        <ele>141</ele>
        <time>2025-05-30T03:07:20Z</time>
      </trkpt>
      <trkpt lat="24.879288962110877" lon="121.531423972919583">
        <ele>140</ele>
        <time>2025-05-30T03:07:24Z</time>
      </trkpt>
      <trkpt lat="24.879277981817722" lon="121.531427996233106">
        <ele>141</ele>
        <time>2025-05-30T03:07:38Z</time>
      </trkpt>
      <trkpt lat="24.879265995696187" lon="121.531417015939951">
        <ele>142</ele>
        <time>2025-05-30T03:07:42Z</time>
      </trkpt>
      <trkpt lat="24.879259038716555" lon="121.531405029818416">
        <ele>142</ele>
        <time>2025-05-30T03:07:46Z</time>
      </trkpt>
      <trkpt lat="24.879245962947607" lon="121.531392959877849">
        <ele>141</ele>
        <time>2025-05-30T03:07:50Z</time>
      </trkpt>
      <trkpt lat="24.879225008189678" lon="121.531383991241455">
        <ele>142</ele>
        <time>2025-05-30T03:07:54Z</time>
      </trkpt>
      <trkpt lat="24.879233976826072" lon="121.531378962099552">
        <ele>141</ele>
        <time>2025-05-30T03:07:58Z</time>
      </trkpt>
      <trkpt lat="24.879233976826072" lon="121.531366975978017">
        <ele>141</ele>
        <time>2025-05-30T03:08:06Z</time>
      </trkpt>
      <trkpt lat="24.879222996532917" lon="121.531374016776681">
        <ele>142</ele>
        <time>2025-05-30T03:08:09Z</time>
      </trkpt>
      <trkpt lat="24.879238000139594" lon="121.531344009563327">
        <ele>141</ele>
        <time>2025-05-30T03:08:13Z</time>
      </trkpt>
      <trkpt lat="24.879231965169311" lon="121.53135297819972">
        <ele>140</ele>
        <time>2025-05-30T03:08:18Z</time>
      </trkpt>
      <trkpt lat="24.87923095934093" lon="121.531340992078185">
        <ele>141</ele>
        <time>2025-05-30T03:08:46Z</time>
      </trkpt>
      <trkpt lat="24.879212016239762" lon="121.531320959329605">
        <ele>141</ele>
        <time>2025-05-30T03:08:50Z</time>
      </trkpt>
      <trkpt lat="24.879193995147943" lon="121.531322970986366">
        <ele>143</ele>
        <time>2025-05-30T03:08:54Z</time>
      </trkpt>
      <trkpt lat="24.879183014854789" lon="121.531307967379689">
        <ele>142</ele>
        <time>2025-05-30T03:08:58Z</time>
      </trkpt>
      <trkpt lat="24.879178991541266" lon="121.531285000964999">
        <ele>142</ele>
        <time>2025-05-30T03:09:02Z</time>
      </trkpt>
      <trkpt lat="24.879170022904873" lon="121.531288018450141">
        <ele>142</ele>
        <time>2025-05-30T03:09:09Z</time>
      </trkpt>
      <trkpt lat="24.879159964621067" lon="121.531277960166335">
        <ele>141</ele>
        <time>2025-05-30T03:09:17Z</time>
      </trkpt>
      <trkpt lat="24.879148984327912" lon="121.531292963773012">
        <ele>141</ele>
        <time>2025-05-30T03:09:21Z</time>
      </trkpt>
      <trkpt lat="24.879126017913222" lon="121.531297992914915">
        <ele>141</ele>
        <time>2025-05-30T03:09:25Z</time>
      </trkpt>
      <trkpt lat="24.879115037620068" lon="121.531296987086535">
        <ele>142</ele>
        <time>2025-05-30T03:09:32Z</time>
      </trkpt>
      <trkpt lat="24.879102967679501" lon="121.531288018450141">
        <ele>142</ele>
        <time>2025-05-30T03:09:36Z</time>
      </trkpt>
      <trkpt lat="24.879088969901204" lon="121.531281983479857">
        <ele>142</ele>
        <time>2025-05-30T03:09:42Z</time>
      </trkpt>
      <trkpt lat="24.879082012921572" lon="121.531269997358322">
        <ele>140</ele>
        <time>2025-05-30T03:09:50Z</time>
      </trkpt>
      <trkpt lat="24.87907899543643" lon="121.531260022893548">
        <ele>140</ele>
        <time>2025-05-30T03:09:56Z</time>
      </trkpt>
      <trkpt lat="24.879080001264811" lon="121.531245019286871">
        <ele>138</ele>
        <time>2025-05-30T03:10:02Z</time>
      </trkpt>
      <trkpt lat="24.87907899543643" lon="121.531231021508574">
        <ele>139</ele>
        <time>2025-05-30T03:10:06Z</time>
      </trkpt>
      <trkpt lat="24.879061980172992" lon="121.531215012073517">
        <ele>143</ele>
        <time>2025-05-30T03:10:10Z</time>
      </trkpt>
      <trkpt lat="24.879070026800036" lon="121.531206965446472">
        <ele>141</ele>
        <time>2025-05-30T03:10:14Z</time>
      </trkpt>
      <trkpt lat="24.879081007093191" lon="121.531215012073517">
        <ele>142</ele>
        <time>2025-05-30T03:10:21Z</time>
      </trkpt>
      <trkpt lat="24.879071032628417" lon="121.531210988759995">
        <ele>139</ele>
        <time>2025-05-30T03:10:26Z</time>
      </trkpt>
      <trkpt lat="24.879066003486514" lon="121.53120000846684">
        <ele>140</ele>
        <time>2025-05-30T03:10:32Z</time>
      </trkpt>
      <trkpt lat="24.879055023193359" lon="121.531202020123601">
        <ele>139</ele>
        <time>2025-05-30T03:10:42Z</time>
      </trkpt>
      <trkpt lat="24.879046976566315" lon="121.531207971274853">
        <ele>140</ele>
        <time>2025-05-30T03:10:48Z</time>
      </trkpt>
      <trkpt lat="24.879038007929921" lon="121.53120000846684">
        <ele>140</ele>
        <time>2025-05-30T03:10:53Z</time>
      </trkpt>
      <trkpt lat="24.879033984616399" lon="121.531187016516924">
        <ele>138</ele>
        <time>2025-05-30T03:10:59Z</time>
      </trkpt>
      <trkpt lat="24.879024010151625" lon="121.531182993203402">
        <ele>137</ele>
        <time>2025-05-30T03:11:03Z</time>
      </trkpt>
      <trkpt lat="24.879011018201709" lon="121.531177964061499">
        <ele>139</ele>
        <time>2025-05-30T03:11:14Z</time>
      </trkpt>
      <trkpt lat="24.87901596352458" lon="121.531162960454822">
        <ele>138</ele>
        <time>2025-05-30T03:11:18Z</time>
      </trkpt>
      <trkpt lat="24.879006994888186" lon="121.531160026788712">
        <ele>137</ele>
        <time>2025-05-30T03:11:30Z</time>
      </trkpt>
      <trkpt lat="24.879003977403045" lon="121.531149968504906">
        <ele>136</ele>
        <time>2025-05-30T03:11:42Z</time>
      </trkpt>
      <trkpt lat="24.879001965746284" lon="121.53113697655499">
        <ele>136</ele>
        <time>2025-05-30T03:11:48Z</time>
      </trkpt>
      <trkpt lat="24.878996014595032" lon="121.531128007918596">
        <ele>137</ele>
        <time>2025-05-30T03:11:55Z</time>
      </trkpt>
      <trkpt lat="24.878991991281509" lon="121.531138988211751">
        <ele>138</ele>
        <time>2025-05-30T03:11:59Z</time>
      </trkpt>
      <trkpt lat="24.878983022645116" lon="121.531147034838796">
        <ele>138</ele>
        <time>2025-05-30T03:12:06Z</time>
      </trkpt>
      <trkpt lat="24.878974976018071" lon="121.531152985990047">
        <ele>138</ele>
        <time>2025-05-30T03:12:10Z</time>
      </trkpt>
      <trkpt lat="24.878963995724916" lon="121.531147034838796">
        <ele>138</ele>
        <time>2025-05-30T03:12:13Z</time>
      </trkpt>
      <trkpt lat="24.878951003775001" lon="121.531144017353654">
        <ele>137</ele>
        <time>2025-05-30T03:12:17Z</time>
      </trkpt>
      <trkpt lat="24.878934994339943" lon="121.531142005696893">
        <ele>135</ele>
        <time>2025-05-30T03:12:21Z</time>
      </trkpt>
      <trkpt lat="24.878917979076505" lon="121.531145023182034">
        <ele>135</ele>
        <time>2025-05-30T03:12:24Z</time>
      </trkpt>
      <trkpt lat="24.878898030146956" lon="121.531142005696893">
        <ele>136</ele>
        <time>2025-05-30T03:12:28Z</time>
      </trkpt>
      <trkpt lat="24.878869028761983" lon="121.531148962676525">
        <ele>137</ele>
        <time>2025-05-30T03:12:32Z</time>
      </trkpt>
      <trkpt lat="24.878856958821416" lon="121.531133037060499">
        <ele>136</ele>
        <time>2025-05-30T03:12:36Z</time>
      </trkpt>
      <trkpt lat="24.878845978528261" lon="121.531128007918596">
        <ele>135</ele>
        <time>2025-05-30T03:12:40Z</time>
      </trkpt>
      <trkpt lat="24.87884103320539" lon="121.531117027625442">
        <ele>136</ele>
        <time>2025-05-30T03:12:43Z</time>
      </trkpt>
      <trkpt lat="24.878834998235106" lon="121.531105041503906">
        <ele>135</ele>
        <time>2025-05-30T03:12:47Z</time>
      </trkpt>
      <trkpt lat="24.878832986578345" lon="121.531090037897229">
        <ele>135</ele>
        <time>2025-05-30T03:12:51Z</time>
      </trkpt>
      <trkpt lat="24.878828963264823" lon="121.531068999320269">
        <ele>134</ele>
        <time>2025-05-30T03:12:55Z</time>
      </trkpt>
      <trkpt lat="24.878828963264823" lon="121.531057013198733">
        <ele>135</ele>
        <time>2025-05-30T03:12:59Z</time>
      </trkpt>
      <trkpt lat="24.878812031820416" lon="121.531038992106915">
        <ele>137</ele>
        <time>2025-05-30T03:13:03Z</time>
      </trkpt>
      <trkpt lat="24.878819994628429" lon="121.531018959358335">
        <ele>137</ele>
        <time>2025-05-30T03:13:07Z</time>
      </trkpt>
      <trkpt lat="24.878816977143288" lon="121.53100898489356">
        <ele>138</ele>
        <time>2025-05-30T03:13:12Z</time>
      </trkpt>
      <trkpt lat="24.878811025992036" lon="121.530979983508587">
        <ele>138</ele>
        <time>2025-05-30T03:13:16Z</time>
      </trkpt>
      <trkpt lat="24.878809014335275" lon="121.530967997387052">
        <ele>138</ele>
        <time>2025-05-30T03:13:20Z</time>
      </trkpt>
      <trkpt lat="24.878802979364991" lon="121.530938996002078">
        <ele>140</ele>
        <time>2025-05-30T03:13:24Z</time>
      </trkpt>
      <trkpt lat="24.878795016556978" lon="121.530927009880543">
        <ele>142</ele>
        <time>2025-05-30T03:13:28Z</time>
      </trkpt>
      <trkpt lat="24.878791999071836" lon="121.530908988788724">
        <ele>143</ele>
        <time>2025-05-30T03:13:32Z</time>
      </trkpt>
      <trkpt lat="24.878787975758314" lon="121.530897002667189">
        <ele>146</ele>
        <time>2025-05-30T03:13:38Z</time>
      </trkpt>
      <trkpt lat="24.878786969929934" lon="121.530885016545653">
        <ele>147</ele>
        <time>2025-05-30T03:13:42Z</time>
      </trkpt>
      <trkpt lat="24.878785964101553" lon="121.530874958261847">
        <ele>148</ele>
        <time>2025-05-30T03:13:47Z</time>
      </trkpt>
      <trkpt lat="24.878784958273172" lon="121.530863977968693">
        <ele>149</ele>
        <time>2025-05-30T03:13:51Z</time>
      </trkpt>
      <trkpt lat="24.878782024607062" lon="121.530852997675538">
        <ele>150</ele>
        <time>2025-05-30T03:13:59Z</time>
      </trkpt>
      <trkpt lat="24.878775989636779" lon="121.530842017382383">
        <ele>150</ele>
        <time>2025-05-30T03:14:07Z</time>
      </trkpt>
      <trkpt lat="24.878768026828766" lon="121.530834976583719">
        <ele>151</ele>
        <time>2025-05-30T03:14:12Z</time>
      </trkpt>
      <trkpt lat="24.87875796854496" lon="121.530834976583719">
        <ele>151</ele>
        <time>2025-05-30T03:14:21Z</time>
      </trkpt>
      <trkpt lat="24.878748999908566" lon="121.530841011554003">
        <ele>150</ele>
        <time>2025-05-30T03:14:26Z</time>
      </trkpt>
      <trkpt lat="24.878740031272173" lon="121.530841011554003">
        <ele>151</ele>
        <time>2025-05-30T03:14:30Z</time>
      </trkpt>
      <trkpt lat="24.878733996301889" lon="121.530830031260848">
        <ele>151</ele>
        <time>2025-05-30T03:14:34Z</time>
      </trkpt>
      <trkpt lat="24.878724021837115" lon="121.530821984633803">
        <ele>153</ele>
        <time>2025-05-30T03:14:38Z</time>
      </trkpt>
      <trkpt lat="24.878733996301889" lon="121.530807986855507">
        <ele>152</ele>
        <time>2025-05-30T03:14:42Z</time>
      </trkpt>
      <trkpt lat="24.878727039322257" lon="121.530794994905591">
        <ele>153</ele>
        <time>2025-05-30T03:14:45Z</time>
      </trkpt>
      <trkpt lat="24.878713963553309" lon="121.530788959935308">
        <ele>153</ele>
        <time>2025-05-30T03:14:49Z</time>
      </trkpt>
      <trkpt lat="24.878715975210071" lon="121.530775967985392">
        <ele>153</ele>
        <time>2025-05-30T03:14:55Z</time>
      </trkpt>
      <trkpt lat="24.878718992695212" lon="121.530754007399082">
        <ele>152</ele>
        <time>2025-05-30T03:14:59Z</time>
      </trkpt>
      <trkpt lat="24.878713963553309" lon="121.530744032934308">
        <ele>154</ele>
        <time>2025-05-30T03:15:03Z</time>
      </trkpt>
      <trkpt lat="24.878708012402058" lon="121.530735986307263">
        <ele>153</ele>
        <time>2025-05-30T03:15:08Z</time>
      </trkpt>
      <trkpt lat="24.878709018230438" lon="121.530718971043825">
        <ele>154</ele>
        <time>2025-05-30T03:15:14Z</time>
      </trkpt>
      <trkpt lat="24.878698959946632" lon="121.530718971043825">
        <ele>154</ele>
        <time>2025-05-30T03:15:19Z</time>
      </trkpt>
      <trkpt lat="24.878690997138619" lon="121.530725006014109">
        <ele>154</ele>
        <time>2025-05-30T03:15:33Z</time>
      </trkpt>
      <trkpt lat="24.878680016845465" lon="121.530716037377715">
        <ele>155</ele>
        <time>2025-05-30T03:15:40Z</time>
      </trkpt>
      <trkpt lat="24.878692002967" lon="121.530717965215445">
        <ele>148</ele>
        <time>2025-05-30T03:15:48Z</time>
      </trkpt>
      <trkpt lat="24.878689991310239" lon="121.53070799075067">
        <ele>150</ele>
        <time>2025-05-30T03:16:02Z</time>
      </trkpt>
      <trkpt lat="24.878685967996716" lon="121.530697010457516">
        <ele>151</ele>
        <time>2025-05-30T03:16:16Z</time>
      </trkpt>
      <trkpt lat="24.878685967996716" lon="121.53068502433598">
        <ele>150</ele>
        <time>2025-05-30T03:16:50Z</time>
      </trkpt>
      <trkpt lat="24.878674987703562" lon="121.530668009072542">
        <ele>149</ele>
        <time>2025-05-30T03:16:55Z</time>
      </trkpt>
      <trkpt lat="24.878666019067168" lon="121.530679995194077">
        <ele>146</ele>
        <time>2025-05-30T03:16:59Z</time>
      </trkpt>
      <trkpt lat="24.878659984096885" lon="121.530671026557684">
        <ele>144</ele>
        <time>2025-05-30T03:17:15Z</time>
      </trkpt>
      <trkpt lat="24.878645986318588" lon="121.530662979930639">
        <ele>144</ele>
        <time>2025-05-30T03:17:21Z</time>
      </trkpt>
      <trkpt lat="24.878640035167336" lon="121.530650993809104">
        <ele>143</ele>
        <time>2025-05-30T03:17:32Z</time>
      </trkpt>
      <trkpt lat="24.878646992146969" lon="121.530659040436149">
        <ele>143</ele>
        <time>2025-05-30T03:17:38Z</time>
      </trkpt>
      <trkpt lat="24.878664007410407" lon="121.530650993809104">
        <ele>143</ele>
        <time>2025-05-30T03:17:42Z</time>
      </trkpt>
      <trkpt lat="24.878674987703562" lon="121.53064495883882">
        <ele>143</ele>
        <time>2025-05-30T03:17:46Z</time>
      </trkpt>
      <trkpt lat="24.878674987703562" lon="121.530634984374046">
        <ele>145</ele>
        <time>2025-05-30T03:17:51Z</time>
      </trkpt>
      <trkpt lat="24.878666019067168" lon="121.530630039051175">
        <ele>145</ele>
        <time>2025-05-30T03:17:57Z</time>
      </trkpt>
      <trkpt lat="24.878660989925265" lon="121.530617969110608">
        <ele>147</ele>
        <time>2025-05-30T03:18:05Z</time>
      </trkpt>
      <trkpt lat="24.878656966611743" lon="121.530607994645834">
        <ele>146</ele>
        <time>2025-05-30T03:18:09Z</time>
      </trkpt>
      <trkpt lat="24.878656966611743" lon="121.53059802018106">
        <ele>147</ele>
        <time>2025-05-30T03:18:14Z</time>
      </trkpt>
      <trkpt lat="24.878650009632111" lon="121.530590979382396">
        <ele>146</ele>
        <time>2025-05-30T03:18:25Z</time>
      </trkpt>
      <trkpt lat="24.878643974661827" lon="121.530583016574383">
        <ele>147</ele>
        <time>2025-05-30T03:18:33Z</time>
      </trkpt>
      <trkpt lat="24.878654032945633" lon="121.530584022402763">
        <ele>144</ele>
        <time>2025-05-30T03:18:43Z</time>
      </trkpt>
      <trkpt lat="24.878654032945633" lon="121.530573964118958">
        <ele>145</ele>
        <time>2025-05-30T03:18:49Z</time>
      </trkpt>
      <trkpt lat="24.87864900380373" lon="121.530562983825803">
        <ele>143</ele>
        <time>2025-05-30T03:19:11Z</time>
      </trkpt>
      <trkpt lat="24.878650009632111" lon="121.530553009361029">
        <ele>143</ele>
        <time>2025-05-30T03:19:15Z</time>
      </trkpt>
      <trkpt lat="24.878646992146969" lon="121.530542029067874">
        <ele>144</ele>
        <time>2025-05-30T03:19:19Z</time>
      </trkpt>
      <trkpt lat="24.878643974661827" lon="121.530532976612449">
        <ele>145</ele>
        <time>2025-05-30T03:19:24Z</time>
      </trkpt>
      <trkpt lat="24.878646992146969" lon="121.530520990490913">
        <ele>145</ele>
        <time>2025-05-30T03:19:31Z</time>
      </trkpt>
      <trkpt lat="24.878646992146969" lon="121.530509004369378">
        <ele>145</ele>
        <time>2025-05-30T03:19:35Z</time>
      </trkpt>
      <trkpt lat="24.878646992146969" lon="121.53049299493432">
        <ele>145</ele>
        <time>2025-05-30T03:19:39Z</time>
      </trkpt>
      <trkpt lat="24.878639029338956" lon="121.530478997156024">
        <ele>146</ele>
        <time>2025-05-30T03:19:43Z</time>
      </trkpt>
      <trkpt lat="24.878629976883531" lon="121.530471034348011">
        <ele>146</ele>
        <time>2025-05-30T03:19:56Z</time>
      </trkpt>
      <trkpt lat="24.878626959398389" lon="121.530457958579063">
        <ele>145</ele>
        <time>2025-05-30T03:20:00Z</time>
      </trkpt>
      <trkpt lat="24.878630982711911" lon="121.530447984114289">
        <ele>145</ele>
        <time>2025-05-30T03:20:10Z</time>
      </trkpt>
      <trkpt lat="24.87862603738904" lon="121.530440021306276">
        <ele>148</ele>
        <time>2025-05-30T03:20:18Z</time>
      </trkpt>
      <trkpt lat="24.878615979105234" lon="121.530444966629148">
        <ele>148</ele>
        <time>2025-05-30T03:20:34Z</time>
      </trkpt>
      <trkpt lat="24.878613967448473" lon="121.530428035184741">
        <ele>149</ele>
        <time>2025-05-30T03:20:37Z</time>
      </trkpt>
      <trkpt lat="24.878615979105234" lon="121.530400961637497">
        <ele>147</ele>
        <time>2025-05-30T03:20:40Z</time>
      </trkpt>
      <trkpt lat="24.878607010468841" lon="121.530400039628148">
        <ele>146</ele>
        <time>2025-05-30T03:20:46Z</time>
      </trkpt>
      <trkpt lat="24.878593012690544" lon="121.530395010486245">
        <ele>146</ele>
        <time>2025-05-30T03:20:50Z</time>
      </trkpt>
      <trkpt lat="24.878598963841796" lon="121.530385036021471">
        <ele>148</ele>
        <time>2025-05-30T03:20:56Z</time>
      </trkpt>
      <trkpt lat="24.878593012690544" lon="121.530376989394426">
        <ele>149</ele>
        <time>2025-05-30T03:21:05Z</time>
      </trkpt>
      <trkpt lat="24.878586977720261" lon="121.530385036021471">
        <ele>151</ele>
        <time>2025-05-30T03:22:01Z</time>
      </trkpt>
      <trkpt lat="24.87858303822577" lon="121.530394004657865">
        <ele>147</ele>
        <time>2025-05-30T03:22:35Z</time>
      </trkpt>
      <trkpt lat="24.878572979941964" lon="121.530395010486245">
        <ele>144</ele>
        <time>2025-05-30T03:23:15Z</time>
      </trkpt>
      <trkpt lat="24.878553031012416" lon="121.530413031578064">
        <ele>149</ele>
        <time>2025-05-30T03:23:37Z</time>
      </trkpt>
      <trkpt lat="24.878565017133951" lon="121.530394004657865">
        <ele>149</ele>
        <time>2025-05-30T03:23:41Z</time>
      </trkpt>
      <trkpt lat="24.878566022962332" lon="121.530381012707949">
        <ele>151</ele>
        <time>2025-05-30T03:23:45Z</time>
      </trkpt>
      <trkpt lat="24.878569040447474" lon="121.530370032414794">
        <ele>151</ele>
        <time>2025-05-30T03:23:50Z</time>
      </trkpt>
      <trkpt lat="24.878571974113584" lon="121.530358968302608">
        <ele>152</ele>
        <time>2025-05-30T03:23:54Z</time>
      </trkpt>
      <trkpt lat="24.878551019355655" lon="121.530375983566046">
        <ele>151</ele>
        <time>2025-05-30T03:23:58Z</time>
      </trkpt>
      <trkpt lat="24.878553031012416" lon="121.530357962474227">
        <ele>149</ele>
        <time>2025-05-30T03:24:02Z</time>
      </trkpt>
      <trkpt lat="24.878550013527274" lon="121.530346982181072">
        <ele>148</ele>
        <time>2025-05-30T03:24:07Z</time>
      </trkpt>
      <trkpt lat="24.878539033234119" lon="121.53034002520144">
        <ele>147</ele>
        <time>2025-05-30T03:24:11Z</time>
      </trkpt>
      <trkpt lat="24.878535009920597" lon="121.530328961089253">
        <ele>147</ele>
        <time>2025-05-30T03:24:15Z</time>
      </trkpt>
      <trkpt lat="24.878528974950314" lon="121.530322004109621">
        <ele>147</ele>
        <time>2025-05-30T03:24:23Z</time>
      </trkpt>
      <trkpt lat="24.878519000485539" lon="121.530316974967718">
        <ele>147</ele>
        <time>2025-05-30T03:24:33Z</time>
      </trkpt>
      <trkpt lat="24.878517994657159" lon="121.530307000502944">
        <ele>147</ele>
        <time>2025-05-30T03:24:38Z</time>
      </trkpt>
      <trkpt lat="24.878511037677526" lon="121.53029995970428">
        <ele>149</ele>
        <time>2025-05-30T03:24:49Z</time>
      </trkpt>
      <trkpt lat="24.878503996878862" lon="121.530291996896267">
        <ele>147</ele>
        <time>2025-05-30T03:24:53Z</time>
      </trkpt>
      <trkpt lat="24.878493016585708" lon="121.530287973582745">
        <ele>148</ele>
        <time>2025-05-30T03:24:57Z</time>
      </trkpt>
      <trkpt lat="24.878480024635792" lon="121.530288979411125">
        <ele>149</ele>
        <time>2025-05-30T03:25:01Z</time>
      </trkpt>
      <trkpt lat="24.878476001322269" lon="121.530275987461209">
        <ele>146</ele>
        <time>2025-05-30T03:25:13Z</time>
      </trkpt>
      <trkpt lat="24.878467032685876" lon="121.530265007168055">
        <ele>146</ele>
        <time>2025-05-30T03:25:17Z</time>
      </trkpt>
      <trkpt lat="24.878453034907579" lon="121.530267018824816">
        <ele>145</ele>
        <time>2025-05-30T03:25:21Z</time>
      </trkpt>
      <trkpt lat="24.87843400798738" lon="121.530267018824816">
        <ele>144</ele>
        <time>2025-05-30T03:25:26Z</time>
      </trkpt>
      <trkpt lat="24.8784139752388" lon="121.530272969976068">
        <ele>146</ele>
        <time>2025-05-30T03:25:30Z</time>
      </trkpt>
      <trkpt lat="24.878385979682207" lon="121.530271964147687">
        <ele>145</ele>
        <time>2025-05-30T03:25:34Z</time>
      </trkpt>
      <trkpt lat="24.878374999389052" lon="121.530281016603112">
        <ele>146</ele>
        <time>2025-05-30T03:25:38Z</time>
      </trkpt>
      <trkpt lat="24.878364019095898" lon="121.530291996896267">
        <ele>144</ele>
        <time>2025-05-30T03:25:42Z</time>
      </trkpt>
      <trkpt lat="24.878362007439137" lon="121.530281016603112">
        <ele>141</ele>
        <time>2025-05-30T03:25:50Z</time>
      </trkpt>
      <trkpt lat="24.878351027145982" lon="121.530283028259873">
        <ele>140</ele>
        <time>2025-05-30T03:25:54Z</time>
      </trkpt>
      <trkpt lat="24.878341974690557" lon="121.530285961925983">
        <ele>140</ele>
        <time>2025-05-30T03:25:58Z</time>
      </trkpt>
      <trkpt lat="24.878332000225782" lon="121.530274981632829">
        <ele>140</ele>
        <time>2025-05-30T03:26:02Z</time>
      </trkpt>
      <trkpt lat="24.878322025761008" lon="121.530282022431493">
        <ele>139</ele>
        <time>2025-05-30T03:26:06Z</time>
      </trkpt>
      <trkpt lat="24.878311967477202" lon="121.530293002724648">
        <ele>141</ele>
        <time>2025-05-30T03:26:10Z</time>
      </trkpt>
      <trkpt lat="24.878300987184048" lon="121.530291996896267">
        <ele>142</ele>
        <time>2025-05-30T03:26:17Z</time>
      </trkpt>
      <trkpt lat="24.878294030204415" lon="121.53030096553266">
        <ele>142</ele>
        <time>2025-05-30T03:26:25Z</time>
      </trkpt>
      <trkpt lat="24.878283971920609" lon="121.53029702603817">
        <ele>141</ele>
        <time>2025-05-30T03:26:31Z</time>
      </trkpt>
      <trkpt lat="24.878275003284216" lon="121.530301971361041">
        <ele>141</ele>
        <time>2025-05-30T03:26:35Z</time>
      </trkpt>
      <trkpt lat="24.878266034647822" lon="121.530294008553028">
        <ele>141</ele>
        <time>2025-05-30T03:26:39Z</time>
      </trkpt>
      <trkpt lat="24.878255976364017" lon="121.530288979411125">
        <ele>141</ele>
        <time>2025-05-30T03:26:45Z</time>
      </trkpt>
      <trkpt lat="24.878248013556004" lon="121.530295014381409">
        <ele>142</ele>
        <time>2025-05-30T03:26:49Z</time>
      </trkpt>
      <trkpt lat="24.878238039091229" lon="121.530287973582745">
        <ele>143</ele>
        <time>2025-05-30T03:26:58Z</time>
      </trkpt>
      <trkpt lat="24.878240972757339" lon="121.530274981632829">
        <ele>142</ele>
        <time>2025-05-30T03:27:05Z</time>
      </trkpt>
      <trkpt lat="24.878230998292565" lon="121.530275987461209">
        <ele>140</ele>
        <time>2025-05-30T03:27:11Z</time>
      </trkpt>
      <trkpt lat="24.878233009949327" lon="121.530286967754364">
        <ele>140</ele>
        <time>2025-05-30T03:27:17Z</time>
      </trkpt>
      <trkpt lat="24.878233009949327" lon="121.530326027423143">
        <ele>142</ele>
        <time>2025-05-30T03:27:25Z</time>
      </trkpt>
      <trkpt lat="24.878215994685888" lon="121.530312029644847">
        <ele>143</ele>
        <time>2025-05-30T03:27:29Z</time>
      </trkpt>
      <trkpt lat="24.878201996907592" lon="121.530309012159705">
        <ele>143</ele>
        <time>2025-05-30T03:27:35Z</time>
      </trkpt>
      <trkpt lat="24.878199985250831" lon="121.53031999245286">
        <ele>145</ele>
        <time>2025-05-30T03:27:43Z</time>
      </trkpt>
      <trkpt lat="24.878197973594069" lon="121.530309012159705">
        <ele>144</ele>
        <time>2025-05-30T03:27:48Z</time>
      </trkpt>
      <trkpt lat="24.878191016614437" lon="121.530299037694931">
        <ele>144</ele>
        <time>2025-05-30T03:27:52Z</time>
      </trkpt>
      <trkpt lat="24.878182969987392" lon="121.530283028259873">
        <ele>144</ele>
        <time>2025-05-30T03:27:57Z</time>
      </trkpt>
      <trkpt lat="24.878207026049495" lon="121.530275987461209">
        <ele>143</ele>
        <time>2025-05-30T03:28:01Z</time>
      </trkpt>
      <trkpt lat="24.878194034099579" lon="121.530309012159705">
        <ele>145</ele>
        <time>2025-05-30T03:28:05Z</time>
      </trkpt>
      <trkpt lat="24.878181964159012" lon="121.530289985239506">
        <ele>145</ele>
        <time>2025-05-30T03:28:09Z</time>
      </trkpt>
      <trkpt lat="24.87817601300776" lon="121.53027699328959">
        <ele>144</ele>
        <time>2025-05-30T03:28:13Z</time>
      </trkpt>
      <trkpt lat="24.878172995522618" lon="121.530256038531661">
        <ele>145</ele>
        <time>2025-05-30T03:28:17Z</time>
      </trkpt>
      <trkpt lat="24.878164026886225" lon="121.530253021046519">
        <ele>145</ele>
        <time>2025-05-30T03:28:26Z</time>
      </trkpt>
      <trkpt lat="24.878154974430799" lon="121.530250003561378">
        <ele>146</ele>
        <time>2025-05-30T03:28:30Z</time>
      </trkpt>
      <trkpt lat="24.878152040764689" lon="121.530239023268223">
        <ele>146</ele>
        <time>2025-05-30T03:28:34Z</time>
      </trkpt>
      <trkpt lat="24.878138964995742" lon="121.53023399412632">
        <ele>147</ele>
        <time>2025-05-30T03:28:39Z</time>
      </trkpt>
      <trkpt lat="24.878136031329632" lon="121.530224019661546">
        <ele>148</ele>
        <time>2025-05-30T03:29:00Z</time>
      </trkpt>
      <trkpt lat="24.878121027722955" lon="121.53021496720612">
        <ele>148</ele>
        <time>2025-05-30T03:29:14Z</time>
      </trkpt>
      <trkpt lat="24.87811298109591" lon="121.53021102771163">
        <ele>146</ele>
        <time>2025-05-30T03:29:25Z</time>
      </trkpt>
      <trkpt lat="24.878103006631136" lon="121.530208010226488">
        <ele>146</ele>
        <time>2025-05-30T03:29:58Z</time>
      </trkpt>
      <trkpt lat="24.878093032166362" lon="121.530209016054869">
        <ele>146</ele>
        <time>2025-05-30T03:30:03Z</time>
      </trkpt>
      <trkpt lat="24.878088003024459" lon="121.530216978862882">
        <ele>146</ele>
        <time>2025-05-30T03:30:08Z</time>
      </trkpt>
      <trkpt lat="24.878078028559685" lon="121.53021396137774">
        <ele>146</ele>
        <time>2025-05-30T03:30:16Z</time>
      </trkpt>
      <trkpt lat="24.878067970275879" lon="121.53021396137774">
        <ele>146</ele>
        <time>2025-05-30T03:30:23Z</time>
      </trkpt>
      <trkpt lat="24.878059001639485" lon="121.530201975256205">
        <ele>146</ele>
        <time>2025-05-30T03:30:27Z</time>
      </trkpt>
      <trkpt lat="24.878050033003092" lon="121.530198035761714">
        <ele>147</ele>
        <time>2025-05-30T03:30:33Z</time>
      </trkpt>
      <trkpt lat="24.878041986376047" lon="121.530194012448192">
        <ele>147</ele>
        <time>2025-05-30T03:30:37Z</time>
      </trkpt>
      <trkpt lat="24.878033017739654" lon="121.530188983306289">
        <ele>149</ele>
        <time>2025-05-30T03:30:41Z</time>
      </trkpt>
      <trkpt lat="24.878020025789738" lon="121.530184037983418">
        <ele>149</ele>
        <time>2025-05-30T03:30:45Z</time>
      </trkpt>
      <trkpt lat="24.877998987212777" lon="121.530176997184753">
        <ele>147</ele>
        <time>2025-05-30T03:30:49Z</time>
      </trkpt>
      <trkpt lat="24.877979038283229" lon="121.530179008841515">
        <ele>149</ele>
        <time>2025-05-30T03:30:53Z</time>
      </trkpt>
      <trkpt lat="24.877952970564365" lon="121.530162999406457">
        <ele>149</ele>
        <time>2025-05-30T03:30:57Z</time>
      </trkpt>
      <trkpt lat="24.877941990271211" lon="121.530150007456541">
        <ele>150</ele>
        <time>2025-05-30T03:31:01Z</time>
      </trkpt>
      <trkpt lat="24.877930004149675" lon="121.530141960829496">
        <ele>150</ele>
        <time>2025-05-30T03:31:04Z</time>
      </trkpt>
      <trkpt lat="24.877922041341662" lon="121.530139027163386">
        <ele>149</ele>
        <time>2025-05-30T03:31:07Z</time>
      </trkpt>
      <trkpt lat="24.877923969179392" lon="121.5301279630512">
        <ele>146</ele>
        <time>2025-05-30T03:31:12Z</time>
      </trkpt>
      <trkpt lat="24.877923969179392" lon="121.530117988586426">
        <ele>145</ele>
        <time>2025-05-30T03:31:15Z</time>
      </trkpt>
      <trkpt lat="24.877916006371379" lon="121.530102984979749">
        <ele>144</ele>
        <time>2025-05-30T03:31:27Z</time>
      </trkpt>
      <trkpt lat="24.877917012199759" lon="121.530092004686594">
        <ele>142</ele>
        <time>2025-05-30T03:31:33Z</time>
      </trkpt>
      <trkpt lat="24.877922041341662" lon="121.530074989423156">
        <ele>140</ele>
        <time>2025-05-30T03:31:38Z</time>
      </trkpt>
      <trkpt lat="24.877931009978056" lon="121.530077001079917">
        <ele>136</ele>
        <time>2025-05-30T03:31:42Z</time>
      </trkpt>
      <trkpt lat="24.877928998321295" lon="121.530067026615143">
        <ele>138</ele>
        <time>2025-05-30T03:31:50Z</time>
      </trkpt>
      <trkpt lat="24.877922963351011" lon="121.530056968331337">
        <ele>139</ele>
        <time>2025-05-30T03:31:58Z</time>
      </trkpt>
      <trkpt lat="24.877917012199759" lon="121.530047999694943">
        <ele>140</ele>
        <time>2025-05-30T03:32:02Z</time>
      </trkpt>
      <trkpt lat="24.87791801802814" lon="121.530057974159718">
        <ele>137</ele>
        <time>2025-05-30T03:33:18Z</time>
      </trkpt>
      <trkpt lat="24.877928998321295" lon="121.530057974159718">
        <ele>140</ele>
        <time>2025-05-30T03:33:41Z</time>
      </trkpt>
      <trkpt lat="24.877919023856521" lon="121.530058979988098">
        <ele>141</ele>
        <time>2025-05-30T03:33:46Z</time>
      </trkpt>
      <trkpt lat="24.877913994714618" lon="121.530069038271904">
        <ele>141</ele>
        <time>2025-05-30T03:33:50Z</time>
      </trkpt>
      <trkpt lat="24.877907959744334" lon="121.530059985816479">
        <ele>142</ele>
        <time>2025-05-30T03:33:54Z</time>
      </trkpt>
      <trkpt lat="24.877916006371379" lon="121.530046993866563">
        <ele>142</ele>
        <time>2025-05-30T03:33:58Z</time>
      </trkpt>
      <trkpt lat="24.877925980836153" lon="121.530047999694943">
        <ele>144</ele>
        <time>2025-05-30T03:34:06Z</time>
      </trkpt>
      <trkpt lat="24.877923969179392" lon="121.530032996088266">
        <ele>145</ele>
        <time>2025-05-30T03:34:14Z</time>
      </trkpt>
      <trkpt lat="24.877932015806437" lon="121.530012041330338">
        <ele>142</ele>
        <time>2025-05-30T03:34:18Z</time>
      </trkpt>
      <trkpt lat="24.877931009978056" lon="121.529999971389771">
        <ele>142</ele>
        <time>2025-05-30T03:34:23Z</time>
      </trkpt>
      <trkpt lat="24.87794098444283" lon="121.529994020238519">
        <ele>143</ele>
        <time>2025-05-30T03:34:37Z</time>
      </trkpt>
      <trkpt lat="24.87794098444283" lon="121.529983039945364">
        <ele>144</ele>
        <time>2025-05-30T03:34:44Z</time>
      </trkpt>
      <trkpt lat="24.877946013584733" lon="121.529973987489939">
        <ele>143</ele>
        <time>2025-05-30T03:34:48Z</time>
      </trkpt>
      <trkpt lat="24.877953976392746" lon="121.529965018853545">
        <ele>143</ele>
        <time>2025-05-30T03:34:53Z</time>
      </trkpt>
      <trkpt lat="24.877947019413114" lon="121.529951021075249">
        <ele>143</ele>
        <time>2025-05-30T03:34:57Z</time>
      </trkpt>
      <trkpt lat="24.87794098444283" lon="121.529931994155049">
        <ele>143</ele>
        <time>2025-05-30T03:35:01Z</time>
      </trkpt>
      <trkpt lat="24.877928998321295" lon="121.529919002205133">
        <ele>144</ele>
        <time>2025-05-30T03:35:06Z</time>
      </trkpt>
      <trkpt lat="24.877927992492914" lon="121.529906010255218">
        <ele>144</ele>
        <time>2025-05-30T03:35:11Z</time>
      </trkpt>
      <trkpt lat="24.877933021634817" lon="121.529897041618824">
        <ele>142</ele>
        <time>2025-05-30T03:35:23Z</time>
      </trkpt>
      <trkpt lat="24.877941990271211" lon="121.529895029962063">
        <ele>141</ele>
        <time>2025-05-30T03:35:29Z</time>
      </trkpt>
      <trkpt lat="24.877945007756352" lon="121.529883965849876">
        <ele>141</ele>
        <time>2025-05-30T03:35:35Z</time>
      </trkpt>
      <trkpt lat="24.877955988049507" lon="121.529884971678257">
        <ele>141</ele>
        <time>2025-05-30T03:35:40Z</time>
      </trkpt>
      <trkpt lat="24.877967974171042" lon="121.52989100664854">
        <ele>140</ele>
        <time>2025-05-30T03:35:45Z</time>
      </trkpt>
      <trkpt lat="24.877990018576384" lon="121.529895029962063">
        <ele>140</ele>
        <time>2025-05-30T03:35:49Z</time>
      </trkpt>
      <trkpt lat="24.877979038283229" lon="121.52986804023385">
        <ele>140</ele>
        <time>2025-05-30T03:35:53Z</time>
      </trkpt>
      <trkpt lat="24.877971997484565" lon="121.529848007485271">
        <ele>140</ele>
        <time>2025-05-30T03:35:57Z</time>
      </trkpt>
      <trkpt lat="24.877974009141326" lon="121.529833003878593">
        <ele>140</ele>
        <time>2025-05-30T03:36:01Z</time>
      </trkpt>
      <trkpt lat="24.877981971949339" lon="121.5298240352422">
        <ele>141</ele>
        <time>2025-05-30T03:36:06Z</time>
      </trkpt>
      <trkpt lat="24.877978032454848" lon="121.529809031635523">
        <ele>142</ele>
        <time>2025-05-30T03:36:12Z</time>
      </trkpt>
      <trkpt lat="24.877971997484565" lon="121.529799979180098">
        <ele>144</ele>
        <time>2025-05-30T03:36:16Z</time>
      </trkpt>
      <trkpt lat="24.877988006919622" lon="121.529796961694956">
        <ele>144</ele>
        <time>2025-05-30T03:36:20Z</time>
      </trkpt>
      <trkpt lat="24.878011979162693" lon="121.52980400249362">
        <ele>144</ele>
        <time>2025-05-30T03:36:24Z</time>
      </trkpt>
      <trkpt lat="24.87800401635468" lon="121.529798973351717">
        <ele>144</ele>
        <time>2025-05-30T03:36:28Z</time>
      </trkpt>
      <trkpt lat="24.877994041889906" lon="121.529793022200465">
        <ele>143</ele>
        <time>2025-05-30T03:36:37Z</time>
      </trkpt>
      <trkpt lat="24.878005022183061" lon="121.529808025807142">
        <ele>142</ele>
        <time>2025-05-30T03:36:46Z</time>
      </trkpt>
      <trkpt lat="24.878000998869538" lon="121.529787993058562">
        <ele>142</ele>
        <time>2025-05-30T03:36:50Z</time>
      </trkpt>
      <trkpt lat="24.877999993041158" lon="121.529777012765408">
        <ele>142</ele>
        <time>2025-05-30T03:36:55Z</time>
      </trkpt>
      <trkpt lat="24.87800401635468" lon="121.529763014987111">
        <ele>142</ele>
        <time>2025-05-30T03:36:59Z</time>
      </trkpt>
      <trkpt lat="24.878006028011441" lon="121.529749017208815">
        <ele>142</ele>
        <time>2025-05-30T03:37:03Z</time>
      </trkpt>
      <trkpt lat="24.878010973334312" lon="121.529738958925009">
        <ele>144</ele>
        <time>2025-05-30T03:37:07Z</time>
      </trkpt>
      <trkpt lat="24.878023965284228" lon="121.529743988066912">
        <ele>144</ele>
        <time>2025-05-30T03:37:11Z</time>
      </trkpt>
      <trkpt lat="24.878025976940989" lon="121.529714986681938">
        <ele>145</ele>
        <time>2025-05-30T03:37:15Z</time>
      </trkpt>
      <trkpt lat="24.878028994426131" lon="121.529704006388783">
        <ele>145</ele>
        <time>2025-05-30T03:37:19Z</time>
      </trkpt>
      <trkpt lat="24.878037041053176" lon="121.529721021652222">
        <ele>143</ele>
        <time>2025-05-30T03:37:22Z</time>
      </trkpt>
      <trkpt lat="24.878043998032808" lon="121.529735019430518">
        <ele>147</ele>
        <time>2025-05-30T03:37:28Z</time>
      </trkpt>
      <trkpt lat="24.878042992204428" lon="121.529723033308983">
        <ele>147</ele>
        <time>2025-05-30T03:37:32Z</time>
      </trkpt>
      <trkpt lat="24.87804701551795" lon="121.529707023873925">
        <ele>145</ele>
        <time>2025-05-30T03:37:43Z</time>
      </trkpt>
      <trkpt lat="24.878051960840821" lon="121.529695959761739">
        <ele>145</ele>
        <time>2025-05-30T03:37:50Z</time>
      </trkpt>
      <trkpt lat="24.878053972497582" lon="121.529682967811823">
        <ele>145</ele>
        <time>2025-05-30T03:37:54Z</time>
      </trkpt>
      <trkpt lat="24.878051038831472" lon="121.529672993347049">
        <ele>144</ele>
        <time>2025-05-30T03:37:59Z</time>
      </trkpt>
      <trkpt lat="24.87804701551795" lon="121.529662013053894">
        <ele>143</ele>
        <time>2025-05-30T03:38:06Z</time>
      </trkpt>
      <trkpt lat="24.878038968890905" lon="121.529653966426849">
        <ele>144</ele>
        <time>2025-05-30T03:38:10Z</time>
      </trkpt>
      <trkpt lat="24.878033017739654" lon="121.529647009447217">
        <ele>144</ele>
        <time>2025-05-30T03:38:16Z</time>
      </trkpt>
      <trkpt lat="24.878041986376047" lon="121.529646003618836">
        <ele>145</ele>
        <time>2025-05-30T03:38:23Z</time>
      </trkpt>
      <trkpt lat="24.878039974719286" lon="121.529633011668921">
        <ele>145</ele>
        <time>2025-05-30T03:38:48Z</time>
      </trkpt>
      <trkpt lat="24.878050033003092" lon="121.529629994183779">
        <ele>143</ele>
        <time>2025-05-30T03:38:52Z</time>
      </trkpt>
      <trkpt lat="24.878060007467866" lon="121.529634017497301">
        <ele>146</ele>
        <time>2025-05-30T03:38:57Z</time>
      </trkpt>
      <trkpt lat="24.878056989982724" lon="121.529622031375766">
        <ele>147</ele>
        <time>2025-05-30T03:39:03Z</time>
      </trkpt>
      <trkpt lat="24.878051960840821" lon="121.529595963656902">
        <ele>147</ele>
        <time>2025-05-30T03:39:07Z</time>
      </trkpt>
      <trkpt lat="24.878059001639485" lon="121.529576014727354">
        <ele>148</ele>
        <time>2025-05-30T03:39:11Z</time>
      </trkpt>
      <trkpt lat="24.878079034388065" lon="121.529577020555735">
        <ele>148</ele>
        <time>2025-05-30T03:39:15Z</time>
      </trkpt>
      <trkpt lat="24.878094037994742" lon="121.529562016949058">
        <ele>148</ele>
        <time>2025-05-30T03:39:19Z</time>
      </trkpt>
      <trkpt lat="24.878111975267529" lon="121.529551958665252">
        <ele>148</ele>
        <time>2025-05-30T03:39:23Z</time>
      </trkpt>
      <trkpt lat="24.878122033551335" lon="121.529541984200478">
        <ele>149</ele>
        <time>2025-05-30T03:39:27Z</time>
      </trkpt>
      <trkpt lat="24.878109041601419" lon="121.529535027220845">
        <ele>150</ele>
        <time>2025-05-30T03:39:31Z</time>
      </trkpt>
      <trkpt lat="24.878117004409432" lon="121.529527986422181">
        <ele>149</ele>
        <time>2025-05-30T03:39:37Z</time>
      </trkpt>
      <trkpt lat="24.878115998581052" lon="121.529517006129026">
        <ele>149</ele>
        <time>2025-05-30T03:39:41Z</time>
      </trkpt>
      <trkpt lat="24.878122033551335" lon="121.529508037492633">
        <ele>152</ele>
        <time>2025-05-30T03:40:37Z</time>
      </trkpt>
      <trkpt lat="24.878131002187729" lon="121.529516000300646">
        <ele>155</ele>
        <time>2025-05-30T03:40:49Z</time>
      </trkpt>
      <trkpt lat="24.878140976652503" lon="121.529517006129026">
        <ele>153</ele>
        <time>2025-05-30T03:40:58Z</time>
      </trkpt>
      <trkpt lat="24.878137959167361" lon="121.529502002522349">
        <ele>155</ele>
        <time>2025-05-30T03:41:09Z</time>
      </trkpt>
      <trkpt lat="24.878128990530968" lon="121.529493033885956">
        <ele>154</ele>
        <time>2025-05-30T03:41:13Z</time>
      </trkpt>
      <trkpt lat="24.878119016066194" lon="121.529491022229195">
        <ele>154</ele>
        <time>2025-05-30T03:41:21Z</time>
      </trkpt>
      <trkpt lat="24.878110969439149" lon="121.529484987258911">
        <ele>153</ele>
        <time>2025-05-30T03:41:57Z</time>
      </trkpt>
      <trkpt lat="24.878100994974375" lon="121.529483981430531">
        <ele>152</ele>
        <time>2025-05-30T03:42:07Z</time>
      </trkpt>
      <trkpt lat="24.878100994974375" lon="121.529496973380446">
        <ele>152</ele>
        <time>2025-05-30T03:42:13Z</time>
      </trkpt>
      <trkpt lat="24.878097977489233" lon="121.529470989480615">
        <ele>152</ele>
        <time>2025-05-30T03:42:17Z</time>
      </trkpt>
      <trkpt lat="24.878108035773039" lon="121.529475012794137">
        <ele>154</ele>
        <time>2025-05-30T03:42:21Z</time>
      </trkpt>
      <trkpt lat="24.878109041601419" lon="121.529461015015841">
        <ele>151</ele>
        <time>2025-05-30T03:42:25Z</time>
      </trkpt>
      <trkpt lat="24.87811298109591" lon="121.529443999752402">
        <ele>150</ele>
        <time>2025-05-30T03:42:29Z</time>
      </trkpt>
      <trkpt lat="24.878107029944658" lon="121.529432013630867">
        <ele>150</ele>
        <time>2025-05-30T03:42:34Z</time>
      </trkpt>
      <trkpt lat="24.878110969439149" lon="121.529442993924022">
        <ele>150</ele>
        <time>2025-05-30T03:42:38Z</time>
      </trkpt>
      <trkpt lat="24.878115998581052" lon="121.529451962560415">
        <ele>151</ele>
        <time>2025-05-30T03:42:45Z</time>
      </trkpt>
      <trkpt lat="24.878128990530968" lon="121.529459003359079">
        <ele>150</ele>
        <time>2025-05-30T03:42:50Z</time>
      </trkpt>
      <trkpt lat="24.878136031329632" lon="121.529465960338712">
        <ele>151</ele>
        <time>2025-05-30T03:42:54Z</time>
      </trkpt>
      <trkpt lat="24.878143994137645" lon="121.529462020844221">
        <ele>150</ele>
        <time>2025-05-30T03:43:17Z</time>
      </trkpt>
      <trkpt lat="24.87815598025918" lon="121.529462020844221">
        <ele>150</ele>
        <time>2025-05-30T03:43:21Z</time>
      </trkpt>
      <trkpt lat="24.878171989694238" lon="121.52946000918746">
        <ele>150</ele>
        <time>2025-05-30T03:43:25Z</time>
      </trkpt>
      <trkpt lat="24.878163021057844" lon="121.529422961175442">
        <ele>151</ele>
        <time>2025-05-30T03:43:29Z</time>
      </trkpt>
      <trkpt lat="24.878182969987392" lon="121.529383985325694">
        <ele>151</ele>
        <time>2025-05-30T03:43:33Z</time>
      </trkpt>
      <trkpt lat="24.878187999129295" lon="121.529370993375778">
        <ele>151</ele>
        <time>2025-05-30T03:43:37Z</time>
      </trkpt>
      <trkpt lat="24.878201996907592" lon="121.529364958405495">
        <ele>151</ele>
        <time>2025-05-30T03:43:49Z</time>
      </trkpt>
      <trkpt lat="24.878225969150662" lon="121.529376022517681">
        <ele>151</ele>
        <time>2025-05-30T03:43:53Z</time>
      </trkpt>
      <trkpt lat="24.878221023827791" lon="121.529352972283959">
        <ele>151</ele>
        <time>2025-05-30T03:43:57Z</time>
      </trkpt>
      <trkpt lat="24.878238039091229" lon="121.529362024739385">
        <ele>151</ele>
        <time>2025-05-30T03:44:01Z</time>
      </trkpt>
      <trkpt lat="24.878252958878875" lon="121.529364958405495">
        <ele>151</ele>
        <time>2025-05-30T03:44:05Z</time>
      </trkpt>
      <trkpt lat="24.878258993849158" lon="121.529354983940721">
        <ele>151</ele>
        <time>2025-05-30T03:44:09Z</time>
      </trkpt>
      <trkpt lat="24.878268968313932" lon="121.529354983940721">
        <ele>152</ele>
        <time>2025-05-30T03:44:13Z</time>
      </trkpt>
      <trkpt lat="24.878304004669189" lon="121.529341991990805">
        <ele>153</ele>
        <time>2025-05-30T03:44:17Z</time>
      </trkpt>
      <trkpt lat="24.878330994397402" lon="121.529340986162424">
        <ele>154</ele>
        <time>2025-05-30T03:44:21Z</time>
      </trkpt>
      <trkpt lat="24.878359995782375" lon="121.529346015304327">
        <ele>155</ele>
        <time>2025-05-30T03:44:25Z</time>
      </trkpt>
      <trkpt lat="24.878377011045814" lon="121.52935397811234">
        <ele>157</ele>
        <time>2025-05-30T03:44:29Z</time>
      </trkpt>
      <trkpt lat="24.878396037966013" lon="121.529344003647566">
        <ele>158</ele>
        <time>2025-05-30T03:44:33Z</time>
      </trkpt>
      <trkpt lat="24.878400983288884" lon="121.529318019747734">
        <ele>158</ele>
        <time>2025-05-30T03:44:37Z</time>
      </trkpt>
      <trkpt lat="24.878415986895561" lon="121.529302010312676">
        <ele>159</ele>
        <time>2025-05-30T03:44:41Z</time>
      </trkpt>
      <trkpt lat="24.878436019644141" lon="121.529279965907335">
        <ele>161</ele>
        <time>2025-05-30T03:44:45Z</time>
      </trkpt>
      <trkpt lat="24.878450017422438" lon="121.529252976179123">
        <ele>162</ele>
        <time>2025-05-30T03:44:49Z</time>
      </trkpt>
      <trkpt lat="24.878455968573689" lon="121.529244007542729">
        <ele>166</ele>
        <time>2025-05-30T03:45:01Z</time>
      </trkpt>
      <trkpt lat="24.878448005765676" lon="121.529209977015853">
        <ele>166</ele>
        <time>2025-05-30T03:45:05Z</time>
      </trkpt>
      <trkpt lat="24.878468038514256" lon="121.529195979237556">
        <ele>165</ele>
        <time>2025-05-30T03:45:09Z</time>
      </trkpt>
      <trkpt lat="24.878483964130282" lon="121.529173012822866">
        <ele>165</ele>
        <time>2025-05-30T03:45:13Z</time>
      </trkpt>
      <trkpt lat="24.878487987443805" lon="121.529163038358092">
        <ele>165</ele>
        <time>2025-05-30T03:45:17Z</time>
      </trkpt>
      <trkpt lat="24.878479018807411" lon="121.529139988124371">
        <ele>164</ele>
        <time>2025-05-30T03:45:21Z</time>
      </trkpt>
      <trkpt lat="24.878492010757327" lon="121.529143005609512">
        <ele>164</ele>
        <time>2025-05-30T03:45:25Z</time>
      </trkpt>
      <trkpt lat="24.87849997356534" lon="121.529147028923035">
        <ele>165</ele>
        <time>2025-05-30T03:45:29Z</time>
      </trkpt>
      <trkpt lat="24.878512965515256" lon="121.529157003387809">
        <ele>166</ele>
        <time>2025-05-30T03:45:34Z</time>
      </trkpt>
      <trkpt lat="24.878519000485539" lon="121.529146023094654">
        <ele>167</ele>
        <time>2025-05-30T03:45:38Z</time>
      </trkpt>
      <trkpt lat="24.878523023799062" lon="121.529136970639229">
        <ele>164</ele>
        <time>2025-05-30T03:45:51Z</time>
      </trkpt>
      <trkpt lat="24.878515983000398" lon="121.529128002002835">
        <ele>164</ele>
        <time>2025-05-30T03:46:00Z</time>
      </trkpt>
      <trkpt lat="24.878506008535624" lon="121.529120039194822">
        <ele>167</ele>
        <time>2025-05-30T03:46:14Z</time>
      </trkpt>
      <trkpt lat="24.878501985222101" lon="121.529108975082636">
        <ele>166</ele>
        <time>2025-05-30T03:46:18Z</time>
      </trkpt>
      <trkpt lat="24.87849997356534" lon="121.529091959819198">
        <ele>165</ele>
        <time>2025-05-30T03:46:22Z</time>
      </trkpt>
      <trkpt lat="24.878502991050482" lon="121.529082991182804">
        <ele>168</ele>
        <time>2025-05-30T03:46:52Z</time>
      </trkpt>
      <trkpt lat="24.87849997356534" lon="121.529072010889649">
        <ele>169</ele>
        <time>2025-05-30T03:47:50Z</time>
      </trkpt>
      <trkpt lat="24.878491004928946" lon="121.529067987576127">
        <ele>162</ele>
        <time>2025-05-30T03:48:36Z</time>
      </trkpt>
      <trkpt lat="24.878482958301902" lon="121.529062036424875">
        <ele>161</ele>
        <time>2025-05-30T03:48:47Z</time>
      </trkpt>
      <trkpt lat="24.87847700715065" lon="121.529053989797831">
        <ele>162</ele>
        <time>2025-05-30T03:48:53Z</time>
      </trkpt>
      <trkpt lat="24.878483964130282" lon="121.529046026989818">
        <ele>163</ele>
        <time>2025-05-30T03:49:02Z</time>
      </trkpt>
      <trkpt lat="24.878476001322269" lon="121.529037980362773">
        <ele>161</ele>
        <time>2025-05-30T03:49:11Z</time>
      </trkpt>
      <trkpt lat="24.878469966351986" lon="121.529025994241238">
        <ele>160</ele>
        <time>2025-05-30T03:49:17Z</time>
      </trkpt>
      <trkpt lat="24.878474995493889" lon="121.529016019776464">
        <ele>161</ele>
        <time>2025-05-30T03:49:22Z</time>
      </trkpt>
      <trkpt lat="24.878482036292553" lon="121.529008978977799">
        <ele>161</ele>
        <time>2025-05-30T03:49:27Z</time>
      </trkpt>
      <trkpt lat="24.878488993272185" lon="121.529002021998167">
        <ele>163</ele>
        <time>2025-05-30T03:49:39Z</time>
      </trkpt>
      <trkpt lat="24.878484969958663" lon="121.528992969542742">
        <ele>162</ele>
        <time>2025-05-30T03:49:50Z</time>
      </trkpt>
      <trkpt lat="24.878474995493889" lon="121.52898701839149">
        <ele>164</ele>
        <time>2025-05-30T03:50:04Z</time>
      </trkpt>
      <trkpt lat="24.878469966351986" lon="121.528976038098335">
        <ele>165</ele>
        <time>2025-05-30T03:50:26Z</time>
      </trkpt>
      <trkpt lat="24.878460997715592" lon="121.528973020613194">
        <ele>163</ele>
        <time>2025-05-30T03:50:40Z</time>
      </trkpt>
      <trkpt lat="24.878458986058831" lon="121.528962962329388">
        <ele>165</ele>
        <time>2025-05-30T03:50:46Z</time>
      </trkpt>
      <trkpt lat="24.878446999937296" lon="121.528962040320039">
        <ele>167</ele>
        <time>2025-05-30T03:50:53Z</time>
      </trkpt>
      <trkpt lat="24.878433002158999" lon="121.528971008956432">
        <ele>166</ele>
        <time>2025-05-30T03:50:57Z</time>
      </trkpt>
      <trkpt lat="24.878433002158999" lon="121.528957011178136">
        <ele>165</ele>
        <time>2025-05-30T03:51:01Z</time>
      </trkpt>
      <trkpt lat="24.878431996330619" lon="121.528946030884981">
        <ele>165</ele>
        <time>2025-05-30T03:51:05Z</time>
      </trkpt>
      <trkpt lat="24.878422021865845" lon="121.528941001743078">
        <ele>161</ele>
        <time>2025-05-30T03:51:12Z</time>
      </trkpt>
      <trkpt lat="24.878407018259168" lon="121.528936978429556">
        <ele>162</ele>
        <time>2025-05-30T03:51:17Z</time>
      </trkpt>
      <trkpt lat="24.878408024087548" lon="121.528921974822879">
        <ele>157</ele>
        <time>2025-05-30T03:51:32Z</time>
      </trkpt>
      <trkpt lat="24.878398971632123" lon="121.528919041156769">
        <ele>156</ele>
        <time>2025-05-30T03:51:39Z</time>
      </trkpt>
      <trkpt lat="24.878390002995729" lon="121.528922980651259">
        <ele>156</ele>
        <time>2025-05-30T03:52:15Z</time>
      </trkpt>
      <trkpt lat="24.878377011045814" lon="121.52892398647964">
        <ele>157</ele>
        <time>2025-05-30T03:52:19Z</time>
      </trkpt>
      <trkpt lat="24.878382962197065" lon="121.528916023671627">
        <ele>159</ele>
        <time>2025-05-30T03:52:30Z</time>
      </trkpt>
      <trkpt lat="24.878387991338968" lon="121.528928009793162">
        <ele>162</ele>
        <time>2025-05-30T03:53:02Z</time>
      </trkpt>
      <trkpt lat="24.878379022702575" lon="121.528932033106685">
        <ele>163</ele>
        <time>2025-05-30T03:53:30Z</time>
      </trkpt>
      <trkpt lat="24.878369970247149" lon="121.528928009793162">
        <ele>163</ele>
        <time>2025-05-30T03:53:36Z</time>
      </trkpt>
      <trkpt lat="24.878365024924278" lon="121.528919041156769">
        <ele>163</ele>
        <time>2025-05-30T03:53:48Z</time>
      </trkpt>
      <trkpt lat="24.878363013267517" lon="121.528908982872963">
        <ele>161</ele>
        <time>2025-05-30T03:54:07Z</time>
      </trkpt>
      <trkpt lat="24.878353038802743" lon="121.528910994529724">
        <ele>161</ele>
        <time>2025-05-30T03:54:12Z</time>
      </trkpt>
      <trkpt lat="24.878344992175698" lon="121.528904959559441">
        <ele>161</ele>
        <time>2025-05-30T03:54:19Z</time>
      </trkpt>
      <trkpt lat="24.878340968862176" lon="121.528894985094666">
        <ele>162</ele>
        <time>2025-05-30T03:54:23Z</time>
      </trkpt>
      <trkpt lat="24.878332000225782" lon="121.528887022286654">
        <ele>161</ele>
        <time>2025-05-30T03:54:44Z</time>
      </trkpt>
      <trkpt lat="24.878321019932628" lon="121.528887022286654">
        <ele>161</ele>
        <time>2025-05-30T03:54:49Z</time>
      </trkpt>
      <trkpt lat="24.878314984962344" lon="121.528876964002848">
        <ele>161</ele>
        <time>2025-05-30T03:54:59Z</time>
      </trkpt>
      <trkpt lat="24.878307022154331" lon="121.528872018679976">
        <ele>159</ele>
        <time>2025-05-30T03:55:17Z</time>
      </trkpt>
      <trkpt lat="24.878296963870525" lon="121.528865983709693">
        <ele>159</ele>
        <time>2025-05-30T03:55:25Z</time>
      </trkpt>
      <trkpt lat="24.878295036032796" lon="121.528852991759777">
        <ele>159</ele>
        <time>2025-05-30T03:55:31Z</time>
      </trkpt>
      <trkpt lat="24.878291012719274" lon="121.528843017295003">
        <ele>158</ele>
        <time>2025-05-30T03:55:39Z</time>
      </trkpt>
      <trkpt lat="24.878287995234132" lon="121.528832959011197">
        <ele>158</ele>
        <time>2025-05-30T03:55:53Z</time>
      </trkpt>
      <trkpt lat="24.878286989405751" lon="121.528822984546423">
        <ele>159</ele>
        <time>2025-05-30T03:55:59Z</time>
      </trkpt>
      <trkpt lat="24.878281960263848" lon="121.528813010081649">
        <ele>159</ele>
        <time>2025-05-30T03:56:03Z</time>
      </trkpt>
      <trkpt lat="24.878267040476203" lon="121.52879498898983">
        <ele>159</ele>
        <time>2025-05-30T03:56:06Z</time>
      </trkpt>
      <trkpt lat="24.8782620113343" lon="121.528786020353436">
        <ele>160</ele>
        <time>2025-05-30T03:56:13Z</time>
      </trkpt>
      <trkpt lat="24.878253964707255" lon="121.528777973726392">
        <ele>160</ele>
        <time>2025-05-30T03:56:18Z</time>
      </trkpt>
      <trkpt lat="24.87824197858572" lon="121.528775962069631">
        <ele>160</ele>
        <time>2025-05-30T03:56:21Z</time>
      </trkpt>
      <trkpt lat="24.878233009949327" lon="121.528773028403521">
        <ele>159</ele>
        <time>2025-05-30T03:56:27Z</time>
      </trkpt>
      <trkpt lat="24.878217000514269" lon="121.52877202257514">
        <ele>159</ele>
        <time>2025-05-30T03:56:35Z</time>
      </trkpt>
      <trkpt lat="24.878209959715605" lon="121.528759030625224">
        <ele>160</ele>
        <time>2025-05-30T03:56:39Z</time>
      </trkpt>
      <trkpt lat="24.878199985250831" lon="121.528752995654941">
        <ele>160</ele>
        <time>2025-05-30T03:56:43Z</time>
      </trkpt>
      <trkpt lat="24.878186993300915" lon="121.528748972341418">
        <ele>159</ele>
        <time>2025-05-30T03:56:47Z</time>
      </trkpt>
      <trkpt lat="24.878180036321282" lon="121.528756013140082">
        <ele>159</ele>
        <time>2025-05-30T03:56:52Z</time>
      </trkpt>
      <trkpt lat="24.878160003572702" lon="121.528777973726392">
        <ele>158</ele>
        <time>2025-05-30T03:56:56Z</time>
      </trkpt>
      <trkpt lat="24.878152040764689" lon="121.528773028403521">
        <ele>158</ele>
        <time>2025-05-30T03:57:02Z</time>
      </trkpt>
      <trkpt lat="24.878139970824122" lon="121.528769005089998">
        <ele>157</ele>
        <time>2025-05-30T03:57:06Z</time>
      </trkpt>
      <trkpt lat="24.87813301384449" lon="121.528760958462954">
        <ele>156</ele>
        <time>2025-05-30T03:57:30Z</time>
      </trkpt>
      <trkpt lat="24.878140976652503" lon="121.528755007311702">
        <ele>156</ele>
        <time>2025-05-30T03:57:34Z</time>
      </trkpt>
      <trkpt lat="24.878136031329632" lon="121.528744027018547">
        <ele>156</ele>
        <time>2025-05-30T03:57:40Z</time>
      </trkpt>
      <trkpt lat="24.878124967217445" lon="121.528740003705025">
        <ele>153</ele>
        <time>2025-05-30T03:58:06Z</time>
      </trkpt>
      <trkpt lat="24.878115998581052" lon="121.528731035068631">
        <ele>153</ele>
        <time>2025-05-30T03:58:10Z</time>
      </trkpt>
      <trkpt lat="24.878109963610768" lon="121.528722988441586">
        <ele>153</ele>
        <time>2025-05-30T03:58:13Z</time>
      </trkpt>
      <trkpt lat="24.878100994974375" lon="121.528717037290335">
        <ele>156</ele>
        <time>2025-05-30T03:58:18Z</time>
      </trkpt>
      <trkpt lat="24.878094960004091" lon="121.528705973178148">
        <ele>157</ele>
        <time>2025-05-30T03:58:31Z</time>
      </trkpt>
      <trkpt lat="24.878086997196078" lon="121.528712008148432">
        <ele>159</ele>
        <time>2025-05-30T03:58:36Z</time>
      </trkpt>
      <trkpt lat="24.878076016902924" lon="121.528712008148432">
        <ele>160</ele>
        <time>2025-05-30T03:58:43Z</time>
      </trkpt>
      <trkpt lat="24.878065958619118" lon="121.528706979006529">
        <ele>161</ele>
        <time>2025-05-30T03:58:47Z</time>
      </trkpt>
      <trkpt lat="24.878056989982724" lon="121.528706979006529">
        <ele>161</ele>
        <time>2025-05-30T03:58:52Z</time>
      </trkpt>
      <trkpt lat="24.878049027174711" lon="121.528714019805193">
        <ele>161</ele>
        <time>2025-05-30T03:59:00Z</time>
      </trkpt>
      <trkpt lat="24.878038968890905" lon="121.528719970956445">
        <ele>160</ele>
        <time>2025-05-30T03:59:10Z</time>
      </trkpt>
      <trkpt lat="24.878033017739654" lon="121.52872902341187">
        <ele>160</ele>
        <time>2025-05-30T03:59:17Z</time>
      </trkpt>
      <trkpt lat="24.878024971112609" lon="121.528733968734741">
        <ele>160</ele>
        <time>2025-05-30T03:59:25Z</time>
      </trkpt>
      <trkpt lat="24.878014996647835" lon="121.528730029240251">
        <ele>159</ele>
        <time>2025-05-30T03:59:35Z</time>
      </trkpt>
      <trkpt lat="24.878007033839822" lon="121.528734974563122">
        <ele>161</ele>
        <time>2025-05-30T03:59:41Z</time>
      </trkpt>
      <trkpt lat="24.877988006919622" lon="121.528732962906361">
        <ele>161</ele>
        <time>2025-05-30T03:59:45Z</time>
      </trkpt>
      <trkpt lat="24.877978032454848" lon="121.528738997876644">
        <ele>162</ele>
        <time>2025-05-30T03:59:49Z</time>
      </trkpt>
      <trkpt lat="24.877969985827804" lon="121.528745032846928">
        <ele>161</ele>
        <time>2025-05-30T03:59:54Z</time>
      </trkpt>
      <trkpt lat="24.877959005534649" lon="121.528733968734741">
        <ele>161</ele>
        <time>2025-05-30T03:59:58Z</time>
      </trkpt>
      <trkpt lat="24.877954982221127" lon="121.528745032846928">
        <ele>162</ele>
        <time>2025-05-30T04:00:02Z</time>
      </trkpt>
      <trkpt lat="24.877968979999423" lon="121.528745032846928">
        <ele>161</ele>
        <time>2025-05-30T04:00:06Z</time>
      </trkpt>
      <trkpt lat="24.877974009141326" lon="121.528761964291334">
        <ele>161</ele>
        <time>2025-05-30T04:00:09Z</time>
      </trkpt>
      <trkpt lat="24.877982977777719" lon="121.528755007311702">
        <ele>161</ele>
        <time>2025-05-30T04:00:13Z</time>
      </trkpt>
      <trkpt lat="24.877974009141326" lon="121.528759030625224">
        <ele>160</ele>
        <time>2025-05-30T04:00:23Z</time>
      </trkpt>
      <trkpt lat="24.877970991656184" lon="121.528748972341418">
        <ele>159</ele>
        <time>2025-05-30T04:00:30Z</time>
      </trkpt>
      <trkpt lat="24.877951964735985" lon="121.528738997876644">
        <ele>162</ele>
        <time>2025-05-30T04:00:33Z</time>
      </trkpt>
      <trkpt lat="24.877948025241494" lon="121.528748972341418">
        <ele>162</ele>
        <time>2025-05-30T04:00:39Z</time>
      </trkpt>
      <trkpt lat="24.877946013584733" lon="121.528760958462954">
        <ele>160</ele>
        <time>2025-05-30T04:00:45Z</time>
      </trkpt>
      <trkpt lat="24.87794098444283" lon="121.528771016746759">
        <ele>162</ele>
        <time>2025-05-30T04:00:50Z</time>
      </trkpt>
      <trkpt lat="24.877938972786069" lon="121.528785014525056">
        <ele>162</ele>
        <time>2025-05-30T04:00:57Z</time>
      </trkpt>
      <trkpt lat="24.877931009978056" lon="121.528781997039914">
        <ele>162</ele>
        <time>2025-05-30T04:01:04Z</time>
      </trkpt>
      <trkpt lat="24.877925980836153" lon="121.528771016746759">
        <ele>163</ele>
        <time>2025-05-30T04:01:14Z</time>
      </trkpt>
      <trkpt lat="24.877928998321295" lon="121.528747966513038">
        <ele>163</ele>
        <time>2025-05-30T04:01:36Z</time>
      </trkpt>
      <trkpt lat="24.877936039119959" lon="121.528766993433237">
        <ele>165</ele>
        <time>2025-05-30T04:01:40Z</time>
      </trkpt>
      <trkpt lat="24.877927992492914" lon="121.528760036453605">
        <ele>164</ele>
        <time>2025-05-30T04:01:45Z</time>
      </trkpt>
      <trkpt lat="24.877934027463198" lon="121.528774034231901">
        <ele>162</ele>
        <time>2025-05-30T04:01:52Z</time>
      </trkpt>
      <trkpt lat="24.877928998321295" lon="121.528764981776476">
        <ele>165</ele>
        <time>2025-05-30T04:02:18Z</time>
      </trkpt>
      <trkpt lat="24.877937966957688" lon="121.528767999261618">
        <ele>164</ele>
        <time>2025-05-30T04:02:42Z</time>
      </trkpt>
      <trkpt lat="24.877926986664534" lon="121.528764981776476">
        <ele>163</ele>
        <time>2025-05-30T04:02:57Z</time>
      </trkpt>
      <trkpt lat="24.877922041341662" lon="121.528754001483321">
        <ele>163</ele>
        <time>2025-05-30T04:03:01Z</time>
      </trkpt>
      <trkpt lat="24.877911983057857" lon="121.528755007311702">
        <ele>162</ele>
        <time>2025-05-30T04:03:05Z</time>
      </trkpt>
      <trkpt lat="24.877910977229476" lon="121.528764981776476">
        <ele>162</ele>
        <time>2025-05-30T04:03:09Z</time>
      </trkpt>
      <trkpt lat="24.877920029684901" lon="121.528760958462954">
        <ele>159</ele>
        <time>2025-05-30T04:04:05Z</time>
      </trkpt>
      <trkpt lat="24.877911983057857" lon="121.528752995654941">
        <ele>162</ele>
        <time>2025-05-30T04:04:18Z</time>
      </trkpt>
      <trkpt lat="24.877913994714618" lon="121.528762970119715">
        <ele>163</ele>
        <time>2025-05-30T04:04:26Z</time>
      </trkpt>
      <trkpt lat="24.877919023856521" lon="121.52875198982656">
        <ele>162</ele>
        <time>2025-05-30T04:04:44Z</time>
      </trkpt>
      <trkpt lat="24.877915000542998" lon="121.528743021190166">
        <ele>161</ele>
        <time>2025-05-30T04:04:57Z</time>
      </trkpt>
      <trkpt lat="24.877910977229476" lon="121.528727011755109">
        <ele>161</ele>
        <time>2025-05-30T04:05:06Z</time>
      </trkpt>
      <trkpt lat="24.877920029684901" lon="121.528730029240251">
        <ele>162</ele>
        <time>2025-05-30T04:05:37Z</time>
      </trkpt>
      <trkpt lat="24.877926986664534" lon="121.528736986219883">
        <ele>162</ele>
        <time>2025-05-30T04:05:41Z</time>
      </trkpt>
      <trkpt lat="24.877933021634817" lon="121.528745032846928">
        <ele>162</ele>
        <time>2025-05-30T04:05:45Z</time>
      </trkpt>
      <trkpt lat="24.87794098444283" lon="121.528749978169799">
        <ele>161</ele>
        <time>2025-05-30T04:06:07Z</time>
      </trkpt>
      <trkpt lat="24.877930004149675" lon="121.528754001483321">
        <ele>160</ele>
        <time>2025-05-30T04:06:14Z</time>
      </trkpt>
      <trkpt lat="24.877919023856521" lon="121.528752995654941">
        <ele>160</ele>
        <time>2025-05-30T04:06:18Z</time>
      </trkpt>
      <trkpt lat="24.877903014421463" lon="121.528754001483321">
        <ele>161</ele>
        <time>2025-05-30T04:06:22Z</time>
      </trkpt>
      <trkpt lat="24.877907959744334" lon="121.528761964291334">
        <ele>161</ele>
        <time>2025-05-30T04:06:28Z</time>
      </trkpt>
      <trkpt lat="24.87791801802814" lon="121.528761964291334">
        <ele>163</ele>
        <time>2025-05-30T04:06:39Z</time>
      </trkpt>
      <trkpt lat="24.877910977229476" lon="121.528769005089998">
        <ele>161</ele>
        <time>2025-05-30T04:07:34Z</time>
      </trkpt>
      <trkpt lat="24.877892034128308" lon="121.528787026181817">
        <ele>162</ele>
        <time>2025-05-30T04:08:15Z</time>
      </trkpt>
      <trkpt lat="24.877885999158025" lon="121.528793983161449">
        <ele>164</ele>
        <time>2025-05-30T04:08:26Z</time>
      </trkpt>
      <trkpt lat="24.877895973622799" lon="121.52879498898983">
        <ele>162</ele>
        <time>2025-05-30T04:08:44Z</time>
      </trkpt>
      <trkpt lat="24.877898991107941" lon="121.528786020353436">
        <ele>161</ele>
        <time>2025-05-30T04:08:52Z</time>
      </trkpt>
      <trkpt lat="24.877905026078224" lon="121.528776967898011">
        <ele>162</ele>
        <time>2025-05-30T04:09:06Z</time>
      </trkpt>
      <trkpt lat="24.877906031906605" lon="121.528766993433237">
        <ele>162</ele>
        <time>2025-05-30T04:09:18Z</time>
      </trkpt>
      <trkpt lat="24.877909971401095" lon="121.528757018968463">
        <ele>161</ele>
        <time>2025-05-30T04:10:01Z</time>
      </trkpt>
      <trkpt lat="24.877911983057857" lon="121.528745032846928">
        <ele>163</ele>
        <time>2025-05-30T04:10:52Z</time>
      </trkpt>
      <trkpt lat="24.877905026078224" lon="121.528749978169799">
        <ele>159</ele>
        <time>2025-05-30T04:13:57Z</time>
      </trkpt>
      <trkpt lat="24.877904020249844" lon="121.528761964291334">
        <ele>160</ele>
        <time>2025-05-30T04:14:15Z</time>
      </trkpt>
      <trkpt lat="24.877907037734985" lon="121.528748972341418">
        <ele>159</ele>
        <time>2025-05-30T04:14:43Z</time>
      </trkpt>
      <trkpt lat="24.877909971401095" lon="121.528760036453605">
        <ele>161</ele>
        <time>2025-05-30T04:15:41Z</time>
      </trkpt>
      <trkpt lat="24.877911983057857" lon="121.528770010918379">
        <ele>162</ele>
        <time>2025-05-30T04:15:49Z</time>
      </trkpt>
      <trkpt lat="24.877921035513282" lon="121.528766993433237">
        <ele>162</ele>
        <time>2025-05-30T04:16:16Z</time>
      </trkpt>
      <trkpt lat="24.877925980836153" lon="121.528756013140082">
        <ele>162</ele>
        <time>2025-05-30T04:16:56Z</time>
      </trkpt>
      <trkpt lat="24.877915000542998" lon="121.52875198982656">
        <ele>162</ele>
        <time>2025-05-30T04:17:08Z</time>
      </trkpt>
      <trkpt lat="24.877908965572715" lon="121.528740003705025">
        <ele>164</ele>
        <time>2025-05-30T04:17:12Z</time>
      </trkpt>
      <trkpt lat="24.877910977229476" lon="121.528752995654941">
        <ele>163</ele>
        <time>2025-05-30T04:17:15Z</time>
      </trkpt>
      <trkpt lat="24.877919023856521" lon="121.528760036453605">
        <ele>163</ele>
        <time>2025-05-30T04:17:21Z</time>
      </trkpt>
      <trkpt lat="24.877925980836153" lon="121.528767999261618">
        <ele>162</ele>
        <time>2025-05-30T04:17:34Z</time>
      </trkpt>
      <trkpt lat="24.877926986664534" lon="121.528778979554772">
        <ele>162</ele>
        <time>2025-05-30T04:17:44Z</time>
      </trkpt>
      <trkpt lat="24.877935033291578" lon="121.528785014525056">
        <ele>163</ele>
        <time>2025-05-30T04:17:52Z</time>
      </trkpt>
      <trkpt lat="24.877933021634817" lon="121.528775040060282">
        <ele>163</ele>
        <time>2025-05-30T04:17:56Z</time>
      </trkpt>
      <trkpt lat="24.877936961129308" lon="121.528759030625224">
        <ele>162</ele>
        <time>2025-05-30T04:18:02Z</time>
      </trkpt>
      <trkpt lat="24.877930004149675" lon="121.528765987604856">
        <ele>162</ele>
        <time>2025-05-30T04:18:11Z</time>
      </trkpt>
      <trkpt lat="24.877924975007772" lon="121.528775040060282">
        <ele>162</ele>
        <time>2025-05-30T04:18:35Z</time>
      </trkpt>
      <trkpt lat="24.877922041341662" lon="121.528785014525056">
        <ele>162</ele>
        <time>2025-05-30T04:19:05Z</time>
      </trkpt>
      <trkpt lat="24.877916006371379" lon="121.528800018131733">
        <ele>161</ele>
        <time>2025-05-30T04:19:15Z</time>
      </trkpt>
      <trkpt lat="24.877909971401095" lon="121.528819967061281">
        <ele>159</ele>
        <time>2025-05-30T04:19:20Z</time>
      </trkpt>
      <trkpt lat="24.877915000542998" lon="121.528850980103016">
        <ele>155</ele>
        <time>2025-05-30T04:19:24Z</time>
      </trkpt>
      <trkpt lat="24.877917012199759" lon="121.528699016198516">
        <ele>184</ele>
        <time>2025-05-30T04:19:34Z</time>
      </trkpt>
      <trkpt lat="24.877864960581064" lon="121.528841005638242">
        <ele>175</ele>
        <time>2025-05-30T04:19:38Z</time>
      </trkpt>
      <trkpt lat="24.877834031358361" lon="121.528835976496339">
        <ele>165</ele>
        <time>2025-05-30T04:19:42Z</time>
      </trkpt>
      <trkpt lat="24.877821961417794" lon="121.528820972889662">
        <ele>162</ele>
        <time>2025-05-30T04:19:46Z</time>
      </trkpt>
      <trkpt lat="24.877807963639498" lon="121.528813010081649">
        <ele>164</ele>
        <time>2025-05-30T04:19:50Z</time>
      </trkpt>
      <trkpt lat="24.877796983346343" lon="121.528804041445255">
        <ele>162</ele>
        <time>2025-05-30T04:19:56Z</time>
      </trkpt>
      <trkpt lat="24.877783991396427" lon="121.528804963454604">
        <ele>162</ele>
        <time>2025-05-30T04:20:02Z</time>
      </trkpt>
      <trkpt lat="24.877772005274892" lon="121.528795994818211">
        <ele>161</ele>
        <time>2025-05-30T04:20:06Z</time>
      </trkpt>
      <trkpt lat="24.877759013324976" lon="121.528785014525056">
        <ele>162</ele>
        <time>2025-05-30T04:20:10Z</time>
      </trkpt>
      <trkpt lat="24.877764964476228" lon="121.528767999261618">
        <ele>161</ele>
        <time>2025-05-30T04:20:14Z</time>
      </trkpt>
      <trkpt lat="24.877761024981737" lon="121.528754001483321">
        <ele>164</ele>
        <time>2025-05-30T04:20:18Z</time>
      </trkpt>
      <trkpt lat="24.877770999446511" lon="121.528746038675308">
        <ele>165</ele>
        <time>2025-05-30T04:20:22Z</time>
      </trkpt>
      <trkpt lat="24.877774016931653" lon="121.528756013140082">
        <ele>162</ele>
        <time>2025-05-30T04:20:26Z</time>
      </trkpt>
      <trkpt lat="24.877777034416795" lon="121.528765987604856">
        <ele>162</ele>
        <time>2025-05-30T04:20:30Z</time>
      </trkpt>
      <trkpt lat="24.877769993618131" lon="121.52877202257514">
        <ele>161</ele>
        <time>2025-05-30T04:20:38Z</time>
      </trkpt>
      <trkpt lat="24.877760019153357" lon="121.528777973726392">
        <ele>158</ele>
        <time>2025-05-30T04:21:00Z</time>
      </trkpt>
      <trkpt lat="24.877769993618131" lon="121.528776967898011">
        <ele>161</ele>
        <time>2025-05-30T04:21:04Z</time>
      </trkpt>
      <trkpt lat="24.877777034416795" lon="121.528747966513038">
        <ele>161</ele>
        <time>2025-05-30T04:21:07Z</time>
      </trkpt>
      <trkpt lat="24.877779968082905" lon="121.528718965128064">
        <ele>162</ele>
        <time>2025-05-30T04:21:11Z</time>
      </trkpt>
      <trkpt lat="24.877777034416795" lon="121.528701027855277">
        <ele>163</ele>
        <time>2025-05-30T04:21:15Z</time>
      </trkpt>
      <trkpt lat="24.877786003053188" lon="121.5286860242486">
        <ele>166</ele>
        <time>2025-05-30T04:21:19Z</time>
      </trkpt>
      <trkpt lat="24.877770999446511" lon="121.528678983449936">
        <ele>173</ele>
        <time>2025-05-30T04:21:23Z</time>
      </trkpt>
      <trkpt lat="24.877781979739666" lon="121.528676971793175">
        <ele>170</ele>
        <time>2025-05-30T04:21:27Z</time>
      </trkpt>
      <trkpt lat="24.877793965861201" lon="121.528683006763458">
        <ele>169</ele>
        <time>2025-05-30T04:21:35Z</time>
      </trkpt>
      <trkpt lat="24.877783991396427" lon="121.528697004541755">
        <ele>167</ele>
        <time>2025-05-30T04:21:39Z</time>
      </trkpt>
      <trkpt lat="24.877791032195091" lon="121.528684012591839">
        <ele>168</ele>
        <time>2025-05-30T04:21:43Z</time>
      </trkpt>
      <trkpt lat="24.877792038023472" lon="121.52866599150002">
        <ele>167</ele>
        <time>2025-05-30T04:21:47Z</time>
      </trkpt>
      <trkpt lat="24.877805029973388" lon="121.528639001771808">
        <ele>169</ele>
        <time>2025-05-30T04:21:57Z</time>
      </trkpt>
      <trkpt lat="24.877803018316627" lon="121.528628021478653">
        <ele>171</ele>
        <time>2025-05-30T04:22:11Z</time>
      </trkpt>
      <trkpt lat="24.877797989174724" lon="121.528635984286666">
        <ele>171</ele>
        <time>2025-05-30T04:22:19Z</time>
      </trkpt>
      <trkpt lat="24.877807963639498" lon="121.528617963194847">
        <ele>169</ele>
        <time>2025-05-30T04:22:23Z</time>
      </trkpt>
      <trkpt lat="24.877808969467878" lon="121.528636990115047">
        <ele>167</ele>
        <time>2025-05-30T04:22:27Z</time>
      </trkpt>
      <trkpt lat="24.877813998609781" lon="121.528671020641923">
        <ele>166</ele>
        <time>2025-05-30T04:22:31Z</time>
      </trkpt>
      <trkpt lat="24.877813998609781" lon="121.528704967349768">
        <ele>165</ele>
        <time>2025-05-30T04:22:35Z</time>
      </trkpt>
      <trkpt lat="24.877784997224808" lon="121.528755007311702">
        <ele>165</ele>
        <time>2025-05-30T04:22:39Z</time>
      </trkpt>
      <trkpt lat="24.877778962254524" lon="121.528777973726392">
        <ele>165</ele>
        <time>2025-05-30T04:22:43Z</time>
      </trkpt>
      <trkpt lat="24.877779968082905" lon="121.528788032010198">
        <ele>164</ele>
        <time>2025-05-30T04:22:49Z</time>
      </trkpt>
      <trkpt lat="24.87778902053833" lon="121.528786020353436">
        <ele>165</ele>
        <time>2025-05-30T04:22:53Z</time>
      </trkpt>
      <trkpt lat="24.877796983346343" lon="121.528790965676308">
        <ele>164</ele>
        <time>2025-05-30T04:22:58Z</time>
      </trkpt>
      <trkpt lat="24.877792960032821" lon="121.528801023960114">
        <ele>163</ele>
        <time>2025-05-30T04:23:02Z</time>
      </trkpt>
      <trkpt lat="24.877784997224808" lon="121.528792977333069">
        <ele>165</ele>
        <time>2025-05-30T04:23:19Z</time>
      </trkpt>
      <trkpt lat="24.877782985568047" lon="121.528780991211534">
        <ele>164</ele>
        <time>2025-05-30T04:23:56Z</time>
      </trkpt>
      <trkpt lat="24.87778902053833" lon="121.528789959847927">
        <ele>161</ele>
        <time>2025-05-30T04:24:15Z</time>
      </trkpt>
      <trkpt lat="24.877791032195091" lon="121.528780991211534">
        <ele>162</ele>
        <time>2025-05-30T04:24:32Z</time>
      </trkpt>
      <trkpt lat="24.87778902053833" lon="121.528770010918379">
        <ele>164</ele>
        <time>2025-05-30T04:24:41Z</time>
      </trkpt>
      <trkpt lat="24.877791032195091" lon="121.528784008696675">
        <ele>166</ele>
        <time>2025-05-30T04:25:14Z</time>
      </trkpt>
      <trkpt lat="24.877795977517962" lon="121.528774034231901">
        <ele>166</ele>
        <time>2025-05-30T04:25:20Z</time>
      </trkpt>
      <trkpt lat="24.877787008881569" lon="121.528773028403521">
        <ele>166</ele>
        <time>2025-05-30T04:25:38Z</time>
      </trkpt>
      <trkpt lat="24.877781979739666" lon="121.528783002868295">
        <ele>165</ele>
        <time>2025-05-30T04:25:56Z</time>
      </trkpt>
      <trkpt lat="24.877782985568047" lon="121.52879498898983">
        <ele>164</ele>
        <time>2025-05-30T04:26:57Z</time>
      </trkpt>
      <trkpt lat="24.877788014709949" lon="121.528804041445255">
        <ele>164</ele>
        <time>2025-05-30T04:27:25Z</time>
      </trkpt>
      <trkpt lat="24.877781979739666" lon="121.528795994818211">
        <ele>163</ele>
        <time>2025-05-30T04:27:45Z</time>
      </trkpt>
      <trkpt lat="24.877790026366711" lon="121.528803035616875">
        <ele>162</ele>
        <time>2025-05-30T04:28:10Z</time>
      </trkpt>
      <trkpt lat="24.877793965861201" lon="121.528791971504688">
        <ele>163</ele>
        <time>2025-05-30T04:28:15Z</time>
      </trkpt>
      <trkpt lat="24.877797989174724" lon="121.528779985383153">
        <ele>164</ele>
        <time>2025-05-30T04:28:24Z</time>
      </trkpt>
      <trkpt lat="24.877788014709949" lon="121.528789959847927">
        <ele>163</ele>
        <time>2025-05-30T04:29:28Z</time>
      </trkpt>
      <trkpt lat="24.877786003053188" lon="121.528774034231901">
        <ele>161</ele>
        <time>2025-05-30T04:30:00Z</time>
      </trkpt>
      <trkpt lat="24.877784997224808" lon="121.528763975948095">
        <ele>161</ele>
        <time>2025-05-30T04:30:08Z</time>
      </trkpt>
      <trkpt lat="24.877792960032821" lon="121.528771016746759">
        <ele>159</ele>
        <time>2025-05-30T04:30:31Z</time>
      </trkpt>
      <trkpt lat="24.877790026366711" lon="121.528781997039914">
        <ele>160</ele>
        <time>2025-05-30T04:30:37Z</time>
      </trkpt>
      <trkpt lat="24.877796983346343" lon="121.528771016746759">
        <ele>160</ele>
        <time>2025-05-30T04:31:04Z</time>
      </trkpt>
      <trkpt lat="24.877797989174724" lon="121.528758024796844">
        <ele>161</ele>
        <time>2025-05-30T04:31:16Z</time>
      </trkpt>
      <trkpt lat="24.877794971689582" lon="121.528767999261618">
        <ele>163</ele>
        <time>2025-05-30T04:31:31Z</time>
      </trkpt>
      <trkpt lat="24.877792960032821" lon="121.528784008696675">
        <ele>165</ele>
        <time>2025-05-30T04:31:43Z</time>
      </trkpt>
      <trkpt lat="24.877791032195091" lon="121.528795994818211">
        <ele>165</ele>
        <time>2025-05-30T04:31:52Z</time>
      </trkpt>
      <trkpt lat="24.877793965861201" lon="121.528786020353436">
        <ele>164</ele>
        <time>2025-05-30T04:32:03Z</time>
      </trkpt>
      <trkpt lat="24.877791032195091" lon="121.528775962069631">
        <ele>163</ele>
        <time>2025-05-30T04:32:33Z</time>
      </trkpt>
      <trkpt lat="24.877796983346343" lon="121.528787026181817">
        <ele>163</ele>
        <time>2025-05-30T04:33:44Z</time>
      </trkpt>
      <trkpt lat="24.877792038023472" lon="121.528777973726392">
        <ele>165</ele>
        <time>2025-05-30T04:34:19Z</time>
      </trkpt>
      <trkpt lat="24.87778902053833" lon="121.528797000646591">
        <ele>166</ele>
        <time>2025-05-30T04:34:33Z</time>
      </trkpt>
      <trkpt lat="24.877795977517962" lon="121.528806975111365">
        <ele>163</ele>
        <time>2025-05-30T04:35:06Z</time>
      </trkpt>
      <trkpt lat="24.877795977517962" lon="121.528795994818211">
        <ele>163</ele>
        <time>2025-05-30T04:35:13Z</time>
      </trkpt>
      <trkpt lat="24.877792038023472" lon="121.528787026181817">
        <ele>161</ele>
        <time>2025-05-30T04:35:39Z</time>
      </trkpt>
      <trkpt lat="24.87778902053833" lon="121.528775040060282">
        <ele>160</ele>
        <time>2025-05-30T04:35:45Z</time>
      </trkpt>
      <trkpt lat="24.877792038023472" lon="121.528793983161449">
        <ele>161</ele>
        <time>2025-05-30T04:36:09Z</time>
      </trkpt>
      <trkpt lat="24.877792038023472" lon="121.528810998424888">
        <ele>162</ele>
        <time>2025-05-30T04:36:22Z</time>
      </trkpt>
      <trkpt lat="24.877793965861201" lon="121.528800018131733">
        <ele>160</ele>
        <time>2025-05-30T04:37:18Z</time>
      </trkpt>
      <trkpt lat="24.877808969467878" lon="121.528789959847927">
        <ele>163</ele>
        <time>2025-05-30T04:37:51Z</time>
      </trkpt>
      <trkpt lat="24.877806035801768" lon="121.528779985383153">
        <ele>161</ele>
        <time>2025-05-30T04:38:12Z</time>
      </trkpt>
      <trkpt lat="24.877796983346343" lon="121.528781997039914">
        <ele>160</ele>
        <time>2025-05-30T04:38:59Z</time>
      </trkpt>
      <trkpt lat="24.877800000831485" lon="121.528802029788494">
        <ele>159</ele>
        <time>2025-05-30T04:39:36Z</time>
      </trkpt>
      <trkpt lat="24.877798995003104" lon="121.528784008696675">
        <ele>160</ele>
        <time>2025-05-30T04:40:15Z</time>
      </trkpt>
      <trkpt lat="24.877792038023472" lon="121.528775040060282">
        <ele>159</ele>
        <time>2025-05-30T04:40:45Z</time>
      </trkpt>
      <trkpt lat="24.877790026366711" lon="121.528785014525056">
        <ele>158</ele>
        <time>2025-05-30T04:41:16Z</time>
      </trkpt>
      <trkpt lat="24.877791032195091" lon="121.528818039223552">
        <ele>161</ele>
        <time>2025-05-30T04:42:05Z</time>
      </trkpt>
      <trkpt lat="24.877794971689582" lon="121.528806975111365">
        <ele>161</ele>
        <time>2025-05-30T04:42:17Z</time>
      </trkpt>
      <trkpt lat="24.877801006659865" lon="121.528795994818211">
        <ele>158</ele>
        <time>2025-05-30T04:42:56Z</time>
      </trkpt>
      <trkpt lat="24.877794971689582" lon="121.528788032010198">
        <ele>158</ele>
        <time>2025-05-30T04:43:07Z</time>
      </trkpt>
      <trkpt lat="24.877803018316627" lon="121.528781997039914">
        <ele>160</ele>
        <time>2025-05-30T04:43:49Z</time>
      </trkpt>
      <trkpt lat="24.877798995003104" lon="121.528790965676308">
        <ele>162</ele>
        <time>2025-05-30T04:44:04Z</time>
      </trkpt>
      <trkpt lat="24.877800000831485" lon="121.528780991211534">
        <ele>160</ele>
        <time>2025-05-30T04:44:55Z</time>
      </trkpt>
      <trkpt lat="24.877794971689582" lon="121.528771016746759">
        <ele>165</ele>
        <time>2025-05-30T04:45:40Z</time>
      </trkpt>
      <trkpt lat="24.877802012488246" lon="121.528776967898011">
        <ele>163</ele>
        <time>2025-05-30T04:46:12Z</time>
      </trkpt>
      <trkpt lat="24.877796983346343" lon="121.528766993433237">
        <ele>164</ele>
        <time>2025-05-30T04:47:16Z</time>
      </trkpt>
      <trkpt lat="24.877801006659865" lon="121.528775962069631">
        <ele>163</ele>
        <time>2025-05-30T04:49:15Z</time>
      </trkpt>
      <trkpt lat="24.877791032195091" lon="121.528778979554772">
        <ele>164</ele>
        <time>2025-05-30T04:49:36Z</time>
      </trkpt>
      <trkpt lat="24.877784997224808" lon="121.528771016746759">
        <ele>163</ele>
        <time>2025-05-30T04:50:12Z</time>
      </trkpt>
      <trkpt lat="24.877794971689582" lon="121.528781997039914">
        <ele>158</ele>
        <time>2025-05-30T04:50:21Z</time>
      </trkpt>
      <trkpt lat="24.877784997224808" lon="121.528787026181817">
        <ele>161</ele>
        <time>2025-05-30T04:50:38Z</time>
      </trkpt>
      <trkpt lat="24.877793965861201" lon="121.528795994818211">
        <ele>161</ele>
        <time>2025-05-30T04:50:58Z</time>
      </trkpt>
      <trkpt lat="24.877801006659865" lon="121.528786020353436">
        <ele>161</ele>
        <time>2025-05-30T04:51:06Z</time>
      </trkpt>
      <trkpt lat="24.877808969467878" lon="121.528777973726392">
        <ele>160</ele>
        <time>2025-05-30T04:51:17Z</time>
      </trkpt>
      <trkpt lat="24.877816010266542" lon="121.528784008696675">
        <ele>162</ele>
        <time>2025-05-30T04:51:31Z</time>
      </trkpt>
      <trkpt lat="24.877807963639498" lon="121.528780991211534">
        <ele>162</ele>
        <time>2025-05-30T04:51:40Z</time>
      </trkpt>
      <trkpt lat="24.877798995003104" lon="121.528775040060282">
        <ele>160</ele>
        <time>2025-05-30T04:51:58Z</time>
      </trkpt>
      <trkpt lat="24.877792038023472" lon="121.528793983161449">
        <ele>160</ele>
        <time>2025-05-30T04:53:08Z</time>
      </trkpt>
      <trkpt lat="24.877787008881569" lon="121.528805969282985">
        <ele>160</ele>
        <time>2025-05-30T04:53:22Z</time>
      </trkpt>
      <trkpt lat="24.877797989174724" lon="121.528793983161449">
        <ele>158</ele>
        <time>2025-05-30T04:53:31Z</time>
      </trkpt>
      <trkpt lat="24.877792960032821" lon="121.528779985383153">
        <ele>161</ele>
        <time>2025-05-30T04:53:47Z</time>
      </trkpt>
      <trkpt lat="24.877792038023472" lon="121.528769005089998">
        <ele>162</ele>
        <time>2025-05-30T04:54:15Z</time>
      </trkpt>
      <trkpt lat="24.877790026366711" lon="121.528778979554772">
        <ele>163</ele>
        <time>2025-05-30T04:54:46Z</time>
      </trkpt>
      <trkpt lat="24.877800000831485" lon="121.528776967898011">
        <ele>162</ele>
        <time>2025-05-30T04:54:53Z</time>
      </trkpt>
      <trkpt lat="24.877790026366711" lon="121.528784008696675">
        <ele>163</ele>
        <time>2025-05-30T04:55:05Z</time>
      </trkpt>
      <trkpt lat="24.877781979739666" lon="121.528774034231901">
        <ele>163</ele>
        <time>2025-05-30T04:55:26Z</time>
      </trkpt>
      <trkpt lat="24.877778040245175" lon="121.528784008696675">
        <ele>163</ele>
        <time>2025-05-30T04:55:37Z</time>
      </trkpt>
      <trkpt lat="24.877787008881569" lon="121.528783002868295">
        <ele>162</ele>
        <time>2025-05-30T04:55:56Z</time>
      </trkpt>
      <trkpt lat="24.877795977517962" lon="121.528778979554772">
        <ele>162</ele>
        <time>2025-05-30T04:56:06Z</time>
      </trkpt>
      <trkpt lat="24.877792960032821" lon="121.528766993433237">
        <ele>160</ele>
        <time>2025-05-30T04:58:25Z</time>
      </trkpt>
      <trkpt lat="24.877798995003104" lon="121.528775962069631">
        <ele>160</ele>
        <time>2025-05-30T04:58:35Z</time>
      </trkpt>
      <trkpt lat="24.877840988337994" lon="121.528785014525056">
        <ele>170</ele>
        <time>2025-05-30T04:59:23Z</time>
      </trkpt>
      <trkpt lat="24.877821039408445" lon="121.528779985383153">
        <ele>168</ele>
        <time>2025-05-30T04:59:26Z</time>
      </trkpt>
      <trkpt lat="24.877840988337994" lon="121.528767999261618">
        <ele>177</ele>
        <time>2025-05-30T05:00:17Z</time>
      </trkpt>
      <trkpt lat="24.877831013873219" lon="121.528764981776476">
        <ele>173</ele>
        <time>2025-05-30T05:00:21Z</time>
      </trkpt>
      <trkpt lat="24.877823973074555" lon="121.528759030625224">
        <ele>169</ele>
        <time>2025-05-30T05:00:25Z</time>
      </trkpt>
      <trkpt lat="24.877911983057857" lon="121.528730029240251">
        <ele>178</ele>
        <time>2025-05-30T05:02:05Z</time>
      </trkpt>
      <trkpt lat="24.87789697945118" lon="121.528756013140082">
        <ele>178</ele>
        <time>2025-05-30T05:03:37Z</time>
      </trkpt>
      <trkpt lat="24.877863032743335" lon="121.528758024796844">
        <ele>175</ele>
        <time>2025-05-30T05:03:41Z</time>
      </trkpt>
      <trkpt lat="24.877847023308277" lon="121.528763975948095">
        <ele>169</ele>
        <time>2025-05-30T05:03:51Z</time>
      </trkpt>
      <trkpt lat="24.877839982509613" lon="121.528770010918379">
        <ele>165</ele>
        <time>2025-05-30T05:04:01Z</time>
      </trkpt>
      <trkpt lat="24.8778320197016" lon="121.528761964291334">
        <ele>165</ele>
        <time>2025-05-30T05:04:05Z</time>
      </trkpt>
      <trkpt lat="24.877830008044839" lon="121.528733968734741">
        <ele>167</ele>
        <time>2025-05-30T05:05:10Z</time>
      </trkpt>
      <trkpt lat="24.8778320197016" lon="121.528723994269967">
        <ele>166</ele>
        <time>2025-05-30T05:05:29Z</time>
      </trkpt>
      <trkpt lat="24.877821039408445" lon="121.52875198982656">
        <ele>162</ele>
        <time>2025-05-30T05:06:27Z</time>
      </trkpt>
      <trkpt lat="24.877808969467878" lon="121.528780991211534">
        <ele>165</ele>
        <time>2025-05-30T05:07:56Z</time>
      </trkpt>
      <trkpt lat="24.87781098112464" lon="121.528763975948095">
        <ele>164</ele>
        <time>2025-05-30T05:08:00Z</time>
      </trkpt>
      <trkpt lat="24.877809975296259" lon="121.52879498898983">
        <ele>177</ele>
        <time>2025-05-30T05:09:45Z</time>
      </trkpt>
      <trkpt lat="24.877817016094923" lon="121.528777973726392">
        <ele>177</ele>
        <time>2025-05-30T05:09:48Z</time>
      </trkpt>
      <trkpt lat="24.877820033580065" lon="121.528804963454604">
        <ele>168</ele>
        <time>2025-05-30T05:12:34Z</time>
      </trkpt>
      <trkpt lat="24.877813998609781" lon="121.528798006474972">
        <ele>167</ele>
        <time>2025-05-30T05:12:43Z</time>
      </trkpt>
      <trkpt lat="24.877805029973388" lon="121.528795994818211">
        <ele>163</ele>
        <time>2025-05-30T05:12:47Z</time>
      </trkpt>
      <trkpt lat="24.877804024145007" lon="121.528785014525056">
        <ele>163</ele>
        <time>2025-05-30T05:12:55Z</time>
      </trkpt>
      <trkpt lat="24.877806035801768" lon="121.528774034231901">
        <ele>163</ele>
        <time>2025-05-30T05:13:01Z</time>
      </trkpt>
      <trkpt lat="24.87781198695302" lon="121.528765987604856">
        <ele>164</ele>
        <time>2025-05-30T05:13:05Z</time>
      </trkpt>
      <trkpt lat="24.877823973074555" lon="121.528760036453605">
        <ele>166</ele>
        <time>2025-05-30T05:13:09Z</time>
      </trkpt>
      <trkpt lat="24.877833025529981" lon="121.528755007311702">
        <ele>167</ele>
        <time>2025-05-30T05:13:13Z</time>
      </trkpt>
      <trkpt lat="24.877821039408445" lon="121.528759030625224">
        <ele>169</ele>
        <time>2025-05-30T05:13:20Z</time>
      </trkpt>
      <trkpt lat="24.877815004438162" lon="121.528748972341418">
        <ele>162</ele>
        <time>2025-05-30T05:13:24Z</time>
      </trkpt>
      <trkpt lat="24.877844005823135" lon="121.528712008148432">
        <ele>165</ele>
        <time>2025-05-30T05:13:32Z</time>
      </trkpt>
      <trkpt lat="24.877859009429812" lon="121.528693987056613">
        <ele>167</ele>
        <time>2025-05-30T05:13:36Z</time>
      </trkpt>
      <trkpt lat="24.877856997773051" lon="121.528684012591839">
        <ele>165</ele>
        <time>2025-05-30T05:13:40Z</time>
      </trkpt>
      <trkpt lat="24.877876024693251" lon="121.528703039512038">
        <ele>171</ele>
        <time>2025-05-30T05:13:52Z</time>
      </trkpt>
      <trkpt lat="24.877898991107941" lon="121.528728017583489">
        <ele>167</ele>
        <time>2025-05-30T05:13:59Z</time>
      </trkpt>
      <trkpt lat="24.877960011363029" lon="121.528715025633574">
        <ele>172</ele>
        <time>2025-05-30T05:14:03Z</time>
      </trkpt>
      <trkpt lat="24.877974009141326" lon="121.528734974563122">
        <ele>174</ele>
        <time>2025-05-30T05:14:06Z</time>
      </trkpt>
      <trkpt lat="24.877950958907604" lon="121.528737992048264">
        <ele>175</ele>
        <time>2025-05-30T05:14:10Z</time>
      </trkpt>
      <trkpt lat="24.877913994714618" lon="121.528723994269967">
        <ele>179</ele>
        <time>2025-05-30T05:14:34Z</time>
      </trkpt>
      <trkpt lat="24.877821961417794" lon="121.52872902341187">
        <ele>173</ele>
        <time>2025-05-30T05:14:38Z</time>
      </trkpt>
      <trkpt lat="24.877817016094923" lon="121.528737992048264">
        <ele>173</ele>
        <time>2025-05-30T05:14:44Z</time>
      </trkpt>
      <trkpt lat="24.877816010266542" lon="121.528757018968463">
        <ele>166</ele>
        <time>2025-05-30T05:14:59Z</time>
      </trkpt>
      <trkpt lat="24.877813998609781" lon="121.528746960684657">
        <ele>167</ele>
        <time>2025-05-30T05:16:19Z</time>
      </trkpt>
      <trkpt lat="24.877821039408445" lon="121.528738997876644">
        <ele>166</ele>
        <time>2025-05-30T05:16:28Z</time>
      </trkpt>
      <trkpt lat="24.877804024145007" lon="121.528743021190166">
        <ele>165</ele>
        <time>2025-05-30T05:16:32Z</time>
      </trkpt>
      <trkpt lat="24.877793965861201" lon="121.528732962906361">
        <ele>166</ele>
        <time>2025-05-30T05:16:36Z</time>
      </trkpt>
      <trkpt lat="24.877796983346343" lon="121.528722988441586">
        <ele>164</ele>
        <time>2025-05-30T05:16:40Z</time>
      </trkpt>
      <trkpt lat="24.877808969467878" lon="121.528723994269967">
        <ele>164</ele>
        <time>2025-05-30T05:16:46Z</time>
      </trkpt>
      <trkpt lat="24.877802012488246" lon="121.528741009533405">
        <ele>167</ele>
        <time>2025-05-30T05:16:54Z</time>
      </trkpt>
      <trkpt lat="24.877815004438162" lon="121.52877202257514">
        <ele>170</ele>
        <time>2025-05-30T05:16:58Z</time>
      </trkpt>
      <trkpt lat="24.877826990559697" lon="121.528775040060282">
        <ele>168</ele>
        <time>2025-05-30T05:17:02Z</time>
      </trkpt>
      <trkpt lat="24.877820033580065" lon="121.528765987604856">
        <ele>166</ele>
        <time>2025-05-30T05:17:06Z</time>
      </trkpt>
      <trkpt lat="24.877818021923304" lon="121.528745032846928">
        <ele>168</ele>
        <time>2025-05-30T05:17:10Z</time>
      </trkpt>
      <trkpt lat="24.877813998609781" lon="121.528733968734741">
        <ele>169</ele>
        <time>2025-05-30T05:17:18Z</time>
      </trkpt>
      <trkpt lat="24.877817016094923" lon="121.528779985383153">
        <ele>165</ele>
        <time>2025-05-30T05:17:50Z</time>
      </trkpt>
      <trkpt lat="24.877808969467878" lon="121.528801023960114">
        <ele>163</ele>
        <time>2025-05-30T05:17:54Z</time>
      </trkpt>
      <trkpt lat="24.877797989174724" lon="121.528820972889662">
        <ele>157</ele>
        <time>2025-05-30T05:17:58Z</time>
      </trkpt>
      <trkpt lat="24.877823973074555" lon="121.528822984546423">
        <ele>164</ele>
        <time>2025-05-30T05:18:02Z</time>
      </trkpt>
      <trkpt lat="24.877806035801768" lon="121.528793983161449">
        <ele>160</ele>
        <time>2025-05-30T05:18:06Z</time>
      </trkpt>
      <trkpt lat="24.877798995003104" lon="121.528770010918379">
        <ele>161</ele>
        <time>2025-05-30T05:18:10Z</time>
      </trkpt>
      <trkpt lat="24.877795977517962" lon="121.528760036453605">
        <ele>162</ele>
        <time>2025-05-30T05:18:15Z</time>
      </trkpt>
      <trkpt lat="24.877793965861201" lon="121.528749978169799">
        <ele>163</ele>
        <time>2025-05-30T05:18:22Z</time>
      </trkpt>
      <trkpt lat="24.877795977517962" lon="121.528767999261618">
        <ele>163</ele>
        <time>2025-05-30T05:18:26Z</time>
      </trkpt>
      <trkpt lat="24.87778902053833" lon="121.528752995654941">
        <ele>163</ele>
        <time>2025-05-30T05:18:32Z</time>
      </trkpt>
      <trkpt lat="24.877795977517962" lon="121.528746960684657">
        <ele>163</ele>
        <time>2025-05-30T05:18:39Z</time>
      </trkpt>
      <trkpt lat="24.877804024145007" lon="121.528738997876644">
        <ele>163</ele>
        <time>2025-05-30T05:18:44Z</time>
      </trkpt>
      <trkpt lat="24.877813998609781" lon="121.528736986219883">
        <ele>164</ele>
        <time>2025-05-30T05:18:51Z</time>
      </trkpt>
      <trkpt lat="24.877802012488246" lon="121.528736986219883">
        <ele>167</ele>
        <time>2025-05-30T05:19:14Z</time>
      </trkpt>
      <trkpt lat="24.877807963639498" lon="121.528748972341418">
        <ele>166</ele>
        <time>2025-05-30T05:19:19Z</time>
      </trkpt>
      <trkpt lat="24.877806035801768" lon="121.528736986219883">
        <ele>168</ele>
        <time>2025-05-30T05:19:32Z</time>
      </trkpt>
      <trkpt lat="24.877803018316627" lon="121.528718965128064">
        <ele>170</ele>
        <time>2025-05-30T05:19:45Z</time>
      </trkpt>
      <trkpt lat="24.877807963639498" lon="121.52870899066329">
        <ele>169</ele>
        <time>2025-05-30T05:20:06Z</time>
      </trkpt>
      <trkpt lat="24.877805029973388" lon="121.528720976784825">
        <ele>166</ele>
        <time>2025-05-30T05:20:22Z</time>
      </trkpt>
      <trkpt lat="24.877808969467878" lon="121.528732040897012">
        <ele>163</ele>
        <time>2025-05-30T05:20:31Z</time>
      </trkpt>
      <trkpt lat="24.877812992781401" lon="121.528743021190166">
        <ele>163</ele>
        <time>2025-05-30T05:20:35Z</time>
      </trkpt>
      <trkpt lat="24.877816010266542" lon="121.528752995654941">
        <ele>167</ele>
        <time>2025-05-30T05:20:47Z</time>
      </trkpt>
      <trkpt lat="24.877808969467878" lon="121.528746038675308">
        <ele>165</ele>
        <time>2025-05-30T05:21:05Z</time>
      </trkpt>
      <trkpt lat="24.877805029973388" lon="121.528756013140082">
        <ele>163</ele>
        <time>2025-05-30T05:21:10Z</time>
      </trkpt>
      <trkpt lat="24.877803018316627" lon="121.528766993433237">
        <ele>161</ele>
        <time>2025-05-30T05:21:34Z</time>
      </trkpt>
      <trkpt lat="24.877797989174724" lon="121.528758024796844">
        <ele>159</ele>
        <time>2025-05-30T05:21:40Z</time>
      </trkpt>
      <trkpt lat="24.877803018316627" lon="121.528781997039914">
        <ele>161</ele>
        <time>2025-05-30T05:30:29Z</time>
      </trkpt>
      <trkpt lat="24.877795977517962" lon="121.528747966513038">
        <ele>162</ele>
        <time>2025-05-30T05:34:10Z</time>
      </trkpt>
      <trkpt lat="24.877790026366711" lon="121.528771016746759">
        <ele>164</ele>
        <time>2025-05-30T05:35:17Z</time>
      </trkpt>
      <trkpt lat="24.877792038023472" lon="121.528748972341418">
        <ele>165</ele>
        <time>2025-05-30T05:43:40Z</time>
      </trkpt>
      <trkpt lat="24.877800000831485" lon="121.528732040897012">
        <ele>166</ele>
        <time>2025-05-30T05:52:50Z</time>
      </trkpt>
      <trkpt lat="24.877830008044839" lon="121.528764981776476">
        <ele>169</ele>
        <time>2025-05-30T06:17:48Z</time>
      </trkpt>
      <trkpt lat="24.877845011651516" lon="121.528770010918379">
        <ele>172</ele>
        <time>2025-05-30T06:17:52Z</time>
      </trkpt>
      <trkpt lat="24.877840988337994" lon="121.528793983161449">
        <ele>176</ele>
        <time>2025-05-30T06:17:56Z</time>
      </trkpt>
      <trkpt lat="24.877830008044839" lon="121.528789959847927">
        <ele>171</ele>
        <time>2025-05-30T06:18:01Z</time>
      </trkpt>
      <trkpt lat="24.877858003601432" lon="121.528791971504688">
        <ele>174</ele>
        <time>2025-05-30T06:18:35Z</time>
      </trkpt>
      <trkpt lat="24.877849034965038" lon="121.528795994818211">
        <ele>168</ele>
        <time>2025-05-30T06:18:47Z</time>
      </trkpt>
      <trkpt lat="24.877842999994755" lon="121.528823990374804">
        <ele>173</ele>
        <time>2025-05-30T06:18:51Z</time>
      </trkpt>
      <trkpt lat="24.877823973074555" lon="121.528799012303352">
        <ele>171</ele>
        <time>2025-05-30T06:18:55Z</time>
      </trkpt>
      <trkpt lat="24.877813998609781" lon="121.528784008696675">
        <ele>171</ele>
        <time>2025-05-30T06:18:59Z</time>
      </trkpt>
      <trkpt lat="24.877803018316627" lon="121.528780991211534">
        <ele>170</ele>
        <time>2025-05-30T06:19:09Z</time>
      </trkpt>
      <trkpt lat="24.877813998609781" lon="121.528773028403521">
        <ele>172</ele>
        <time>2025-05-30T06:19:14Z</time>
      </trkpt>
      <trkpt lat="24.877818021923304" lon="121.528781997039914">
        <ele>165</ele>
        <time>2025-05-30T06:19:22Z</time>
      </trkpt>
      <trkpt lat="24.877822967246175" lon="121.528791971504688">
        <ele>167</ele>
        <time>2025-05-30T06:19:26Z</time>
      </trkpt>
      <trkpt lat="24.877829002216458" lon="121.528783002868295">
        <ele>167</ele>
        <time>2025-05-30T06:19:38Z</time>
      </trkpt>
      <trkpt lat="24.877831013873219" lon="121.52877202257514">
        <ele>171</ele>
        <time>2025-05-30T06:19:55Z</time>
      </trkpt>
      <trkpt lat="24.877835037186742" lon="121.528760958462954">
        <ele>172</ele>
        <time>2025-05-30T06:20:01Z</time>
      </trkpt>
      <trkpt lat="24.877827996388078" lon="121.528767999261618">
        <ele>168</ele>
        <time>2025-05-30T06:20:07Z</time>
      </trkpt>
      <trkpt lat="24.877835037186742" lon="121.528774034231901">
        <ele>166</ele>
        <time>2025-05-30T06:20:41Z</time>
      </trkpt>
      <trkpt lat="24.877844005823135" lon="121.528784008696675">
        <ele>164</ele>
        <time>2025-05-30T06:21:47Z</time>
      </trkpt>
      <trkpt lat="24.877833025529981" lon="121.528784008696675">
        <ele>165</ele>
        <time>2025-05-30T06:22:35Z</time>
      </trkpt>
      <trkpt lat="24.877824978902936" lon="121.528779985383153">
        <ele>164</ele>
        <time>2025-05-30T06:22:43Z</time>
      </trkpt>
      <trkpt lat="24.877830008044839" lon="121.528766993433237">
        <ele>164</ele>
        <time>2025-05-30T06:23:16Z</time>
      </trkpt>
      <trkpt lat="24.877821039408445" lon="121.528761964291334">
        <ele>167</ele>
        <time>2025-05-30T06:23:42Z</time>
      </trkpt>
      <trkpt lat="24.877819027751684" lon="121.528749978169799">
        <ele>166</ele>
        <time>2025-05-30T06:24:12Z</time>
      </trkpt>
      <trkpt lat="24.877812992781401" lon="121.528757018968463">
        <ele>168</ele>
        <time>2025-05-30T06:24:52Z</time>
      </trkpt>
      <trkpt lat="24.877807041630149" lon="121.528748972341418">
        <ele>166</ele>
        <time>2025-05-30T06:25:21Z</time>
      </trkpt>
      <trkpt lat="24.877812992781401" lon="121.528740003705025">
        <ele>167</ele>
        <time>2025-05-30T06:26:00Z</time>
      </trkpt>
      <trkpt lat="24.877821961417794" lon="121.528736986219883">
        <ele>167</ele>
        <time>2025-05-30T06:26:08Z</time>
      </trkpt>
      <trkpt lat="24.877831013873219" lon="121.528743021190166">
        <ele>166</ele>
        <time>2025-05-30T06:26:27Z</time>
      </trkpt>
      <trkpt lat="24.877823973074555" lon="121.528748972341418">
        <ele>167</ele>
        <time>2025-05-30T06:26:50Z</time>
      </trkpt>
      <trkpt lat="24.877822967246175" lon="121.528759030625224">
        <ele>165</ele>
        <time>2025-05-30T06:26:58Z</time>
      </trkpt>
      <trkpt lat="24.877827996388078" lon="121.528749978169799">
        <ele>165</ele>
        <time>2025-05-30T06:27:15Z</time>
      </trkpt>
      <trkpt lat="24.877821961417794" lon="121.528757018968463">
        <ele>166</ele>
        <time>2025-05-30T06:29:06Z</time>
      </trkpt>
      <trkpt lat="24.87781098112464" lon="121.528758024796844">
        <ele>168</ele>
        <time>2025-05-30T06:29:11Z</time>
      </trkpt>
      <trkpt lat="24.877806035801768" lon="121.528766993433237">
        <ele>168</ele>
        <time>2025-05-30T06:29:22Z</time>
      </trkpt>
      <trkpt lat="24.877801006659865" lon="121.528756013140082">
        <ele>169</ele>
        <time>2025-05-30T06:29:52Z</time>
      </trkpt>
      <trkpt lat="24.877801006659865" lon="121.528765987604856">
        <ele>168</ele>
        <time>2025-05-30T06:29:59Z</time>
      </trkpt>
      <trkpt lat="24.877801006659865" lon="121.528777973726392">
        <ele>169</ele>
        <time>2025-05-30T06:30:36Z</time>
      </trkpt>
      <trkpt lat="24.877804024145007" lon="121.528792977333069">
        <ele>167</ele>
        <time>2025-05-30T06:30:48Z</time>
      </trkpt>
      <trkpt lat="24.877795977517962" lon="121.528800018131733">
        <ele>167</ele>
        <time>2025-05-30T06:31:00Z</time>
      </trkpt>
      <trkpt lat="24.877788014709949" lon="121.528805969282985">
        <ele>168</ele>
        <time>2025-05-30T06:31:28Z</time>
      </trkpt>
      <trkpt lat="24.877779968082905" lon="121.52879498898983">
        <ele>169</ele>
        <time>2025-05-30T06:32:15Z</time>
      </trkpt>
      <trkpt lat="24.877783991396427" lon="121.528784008696675">
        <ele>168</ele>
        <time>2025-05-30T06:32:39Z</time>
      </trkpt>
      <trkpt lat="24.877784997224808" lon="121.528769005089998">
        <ele>167</ele>
        <time>2025-05-30T06:32:45Z</time>
      </trkpt>
      <trkpt lat="24.877791032195091" lon="121.528760958462954">
        <ele>167</ele>
        <time>2025-05-30T06:32:49Z</time>
      </trkpt>
      <trkpt lat="24.877783991396427" lon="121.528749978169799">
        <ele>167</ele>
        <time>2025-05-30T06:33:33Z</time>
      </trkpt>
      <trkpt lat="24.877777034416795" lon="121.528758024796844">
        <ele>167</ele>
        <time>2025-05-30T06:33:37Z</time>
      </trkpt>
      <trkpt lat="24.877769993618131" lon="121.528784008696675">
        <ele>168</ele>
        <time>2025-05-30T06:33:42Z</time>
      </trkpt>
      <trkpt lat="24.877772005274892" lon="121.528774034231901">
        <ele>167</ele>
        <time>2025-05-30T06:33:46Z</time>
      </trkpt>
      <trkpt lat="24.877754990011454" lon="121.528785014525056">
        <ele>167</ele>
        <time>2025-05-30T06:33:49Z</time>
      </trkpt>
      <trkpt lat="24.877763036638498" lon="121.528780991211534">
        <ele>166</ele>
        <time>2025-05-30T06:34:00Z</time>
      </trkpt>
      <trkpt lat="24.877755995839834" lon="121.528775040060282">
        <ele>169</ele>
        <time>2025-05-30T06:34:57Z</time>
      </trkpt>
      <trkpt lat="24.877737974748015" lon="121.52877202257514">
        <ele>170</ele>
        <time>2025-05-30T06:35:36Z</time>
      </trkpt>
      <trkpt lat="24.877733029425144" lon="121.528763975948095">
        <ele>170</ele>
        <time>2025-05-30T06:35:48Z</time>
      </trkpt>
      <trkpt lat="24.8777249827981" lon="121.528769005089998">
        <ele>172</ele>
        <time>2025-05-30T06:36:21Z</time>
      </trkpt>
      <trkpt lat="24.877722971141338" lon="121.528779985383153">
        <ele>170</ele>
        <time>2025-05-30T06:36:43Z</time>
      </trkpt>
      <trkpt lat="24.877714002504945" lon="121.528783002868295">
        <ele>171</ele>
        <time>2025-05-30T06:36:58Z</time>
      </trkpt>
      <trkpt lat="24.877720037475228" lon="121.528773028403521">
        <ele>170</ele>
        <time>2025-05-30T06:37:08Z</time>
      </trkpt>
      <trkpt lat="24.877712996676564" lon="121.528786020353436">
        <ele>171</ele>
        <time>2025-05-30T06:37:13Z</time>
      </trkpt>
      <trkpt lat="24.877708973363042" lon="121.528798006474972">
        <ele>171</ele>
        <time>2025-05-30T06:37:17Z</time>
      </trkpt>
      <trkpt lat="24.87770201638341" lon="121.528806975111365">
        <ele>172</ele>
        <time>2025-05-30T06:37:31Z</time>
      </trkpt>
      <trkpt lat="24.877694975584745" lon="121.52881502173841">
        <ele>172</ele>
        <time>2025-05-30T06:37:42Z</time>
      </trkpt>
      <trkpt lat="24.877691036090255" lon="121.528829019516706">
        <ele>171</ele>
        <time>2025-05-30T06:38:06Z</time>
      </trkpt>
      <trkpt lat="24.877691036090255" lon="121.528818961232901">
        <ele>172</ele>
        <time>2025-05-30T06:38:14Z</time>
      </trkpt>
      <trkpt lat="24.877696987241507" lon="121.528828013688326">
        <ele>172</ele>
        <time>2025-05-30T06:38:19Z</time>
      </trkpt>
      <trkpt lat="24.877686006948352" lon="121.528824996203184">
        <ele>171</ele>
        <time>2025-05-30T06:38:23Z</time>
      </trkpt>
      <trkpt lat="24.877677960321307" lon="121.528832959011197">
        <ele>172</ele>
        <time>2025-05-30T06:38:30Z</time>
      </trkpt>
      <trkpt lat="24.877665974199772" lon="121.5288379881531">
        <ele>173</ele>
        <time>2025-05-30T06:38:42Z</time>
      </trkpt>
      <trkpt lat="24.877657005563378" lon="121.528876964002848">
        <ele>173</ele>
        <time>2025-05-30T06:38:46Z</time>
      </trkpt>
      <trkpt lat="24.877663962543011" lon="121.528861038386822">
        <ele>173</ele>
        <time>2025-05-30T06:38:50Z</time>
      </trkpt>
      <trkpt lat="24.877663040533662" lon="121.528848968446255">
        <ele>173</ele>
        <time>2025-05-30T06:38:54Z</time>
      </trkpt>
      <trkpt lat="24.877663962543011" lon="121.528838993981481">
        <ele>173</ele>
        <time>2025-05-30T06:38:59Z</time>
      </trkpt>
      <trkpt lat="24.877654993906617" lon="121.528847040608525">
        <ele>174</ele>
        <time>2025-05-30T06:39:39Z</time>
      </trkpt>
      <trkpt lat="24.877645019441843" lon="121.528847040608525">
        <ele>174</ele>
        <time>2025-05-30T06:39:42Z</time>
      </trkpt>
      <trkpt lat="24.877634961158037" lon="121.528856009244919">
        <ele>174</ele>
        <time>2025-05-30T06:39:47Z</time>
      </trkpt>
      <trkpt lat="24.877628004178405" lon="121.528847962617874">
        <ele>174</ele>
        <time>2025-05-30T06:39:54Z</time>
      </trkpt>
      <trkpt lat="24.877622975036502" lon="121.52885802090168">
        <ele>173</ele>
        <time>2025-05-30T06:40:13Z</time>
      </trkpt>
      <trkpt lat="24.877615012228489" lon="121.528863972052932">
        <ele>173</ele>
        <time>2025-05-30T06:40:23Z</time>
      </trkpt>
      <trkpt lat="24.877608977258205" lon="121.528855003416538">
        <ele>173</ele>
        <time>2025-05-30T06:40:40Z</time>
      </trkpt>
      <trkpt lat="24.877605959773064" lon="121.528843017295003">
        <ele>172</ele>
        <time>2025-05-30T06:40:51Z</time>
      </trkpt>
      <trkpt lat="24.877597996965051" lon="121.528848968446255">
        <ele>174</ele>
        <time>2025-05-30T06:41:05Z</time>
      </trkpt>
      <trkpt lat="24.877578970044851" lon="121.528847040608525">
        <ele>174</ele>
        <time>2025-05-30T06:41:09Z</time>
      </trkpt>
      <trkpt lat="24.8775730188936" lon="121.528832959011197">
        <ele>174</ele>
        <time>2025-05-30T06:41:19Z</time>
      </trkpt>
      <trkpt lat="24.877570001408458" lon="121.528843017295003">
        <ele>176</ele>
        <time>2025-05-30T06:41:39Z</time>
      </trkpt>
      <trkpt lat="24.877562038600445" lon="121.528848968446255">
        <ele>177</ele>
        <time>2025-05-30T06:41:55Z</time>
      </trkpt>
      <trkpt lat="24.877567989751697" lon="121.528871012851596">
        <ele>172</ele>
        <time>2025-05-30T06:42:52Z</time>
      </trkpt>
      <trkpt lat="24.877562960609794" lon="121.528860032558441">
        <ele>173</ele>
        <time>2025-05-30T06:42:56Z</time>
      </trkpt>
      <trkpt lat="24.877556003630161" lon="121.528870007023215">
        <ele>174</ele>
        <time>2025-05-30T06:43:11Z</time>
      </trkpt>
      <trkpt lat="24.877546029165387" lon="121.528875036165118">
        <ele>175</ele>
        <time>2025-05-30T06:43:15Z</time>
      </trkpt>
      <trkpt lat="24.877533037215471" lon="121.528861038386822">
        <ele>175</ele>
        <time>2025-05-30T06:43:19Z</time>
      </trkpt>
      <trkpt lat="24.877535970881581" lon="121.528872018679976">
        <ele>170</ele>
        <time>2025-05-30T06:43:23Z</time>
      </trkpt>
      <trkpt lat="24.87753395922482" lon="121.528861038386822">
        <ele>172</ele>
        <time>2025-05-30T06:43:27Z</time>
      </trkpt>
      <trkpt lat="24.877524990588427" lon="121.528847962617874">
        <ele>173</ele>
        <time>2025-05-30T06:43:31Z</time>
      </trkpt>
      <trkpt lat="24.877514010295272" lon="121.528848968446255">
        <ele>174</ele>
        <time>2025-05-30T06:43:37Z</time>
      </trkpt>
      <trkpt lat="24.877504035830498" lon="121.528849974274635">
        <ele>176</ele>
        <time>2025-05-30T06:43:41Z</time>
      </trkpt>
      <trkpt lat="24.877493977546692" lon="121.528842011466622">
        <ele>175</ele>
        <time>2025-05-30T06:43:45Z</time>
      </trkpt>
      <trkpt lat="24.877492971718311" lon="121.52885802090168">
        <ele>175</ele>
        <time>2025-05-30T06:43:49Z</time>
      </trkpt>
      <trkpt lat="24.877482997253537" lon="121.528850980103016">
        <ele>175</ele>
        <time>2025-05-30T06:43:53Z</time>
      </trkpt>
      <trkpt lat="24.877477968111634" lon="121.528859026730061">
        <ele>175</ele>
        <time>2025-05-30T06:43:57Z</time>
      </trkpt>
      <trkpt lat="24.877473022788763" lon="121.528867995366454">
        <ele>176</ele>
        <time>2025-05-30T06:44:07Z</time>
      </trkpt>
      <trkpt lat="24.877461958676577" lon="121.528859026730061">
        <ele>175</ele>
        <time>2025-05-30T06:44:20Z</time>
      </trkpt>
      <trkpt lat="24.877451984211802" lon="121.528860032558441">
        <ele>175</ele>
        <time>2025-05-30T06:44:24Z</time>
      </trkpt>
      <trkpt lat="24.877441003918648" lon="121.528867995366454">
        <ele>176</ele>
        <time>2025-05-30T06:44:28Z</time>
      </trkpt>
      <trkpt lat="24.877443015575409" lon="121.528855003416538">
        <ele>176</ele>
        <time>2025-05-30T06:44:32Z</time>
      </trkpt>
      <trkpt lat="24.877433041110635" lon="121.52888098731637">
        <ele>176</ele>
        <time>2025-05-30T06:44:36Z</time>
      </trkpt>
      <trkpt lat="24.877429017797112" lon="121.528865983709693">
        <ele>177</ele>
        <time>2025-05-30T06:44:41Z</time>
      </trkpt>
      <trkpt lat="24.877441003918648" lon="121.528871012851596">
        <ele>176</ele>
        <time>2025-05-30T06:44:45Z</time>
      </trkpt>
      <trkpt lat="24.877437986433506" lon="121.528861960396171">
        <ele>177</ele>
        <time>2025-05-30T06:45:02Z</time>
      </trkpt>
      <trkpt lat="24.877429017797112" lon="121.528857015073299">
        <ele>179</ele>
        <time>2025-05-30T06:45:28Z</time>
      </trkpt>
      <trkpt lat="24.877429017797112" lon="121.528867995366454">
        <ele>180</ele>
        <time>2025-05-30T06:45:50Z</time>
      </trkpt>
      <trkpt lat="24.877428011968732" lon="121.528877969831228">
        <ele>181</ele>
        <time>2025-05-30T06:46:06Z</time>
      </trkpt>
      <trkpt lat="24.877422982826829" lon="121.528869001194835">
        <ele>178</ele>
        <time>2025-05-30T06:46:32Z</time>
      </trkpt>
      <trkpt lat="24.877431029453874" lon="121.528861960396171">
        <ele>180</ele>
        <time>2025-05-30T06:46:59Z</time>
      </trkpt>
      <trkpt lat="24.877431029453874" lon="121.528850980103016">
        <ele>180</ele>
        <time>2025-05-30T06:47:07Z</time>
      </trkpt>
      <trkpt lat="24.877428011968732" lon="121.528841005638242">
        <ele>179</ele>
        <time>2025-05-30T06:47:17Z</time>
      </trkpt>
      <trkpt lat="24.877429017797112" lon="121.528851985931396">
        <ele>180</ele>
        <time>2025-05-30T06:47:25Z</time>
      </trkpt>
      <trkpt lat="24.877418959513307" lon="121.528847040608525">
        <ele>180</ele>
        <time>2025-05-30T06:47:30Z</time>
      </trkpt>
      <trkpt lat="24.877420971170068" lon="121.528857015073299">
        <ele>180</ele>
        <time>2025-05-30T06:47:34Z</time>
      </trkpt>
      <trkpt lat="24.877405967563391" lon="121.528853997588158">
        <ele>180</ele>
        <time>2025-05-30T06:47:38Z</time>
      </trkpt>
      <trkpt lat="24.877395993098617" lon="121.528862966224551">
        <ele>181</ele>
        <time>2025-05-30T06:47:44Z</time>
      </trkpt>
      <trkpt lat="24.877383001148701" lon="121.528869001194835">
        <ele>180</ele>
        <time>2025-05-30T06:47:48Z</time>
      </trkpt>
      <trkpt lat="24.877374032512307" lon="121.528864977881312">
        <ele>181</ele>
        <time>2025-05-30T06:48:16Z</time>
      </trkpt>
      <trkpt lat="24.877365985885262" lon="121.528860032558441">
        <ele>181</ele>
        <time>2025-05-30T06:48:21Z</time>
      </trkpt>
      <trkpt lat="24.877370009198785" lon="121.528873024508357">
        <ele>179</ele>
        <time>2025-05-30T06:48:26Z</time>
      </trkpt>
      <trkpt lat="24.877383001148701" lon="121.528873024508357">
        <ele>180</ele>
        <time>2025-05-30T06:48:34Z</time>
      </trkpt>
      <trkpt lat="24.877391969785094" lon="121.528893979266286">
        <ele>180</ele>
        <time>2025-05-30T06:48:38Z</time>
      </trkpt>
      <trkpt lat="24.877379983663559" lon="121.52890102006495">
        <ele>180</ele>
        <time>2025-05-30T06:48:42Z</time>
      </trkpt>
      <trkpt lat="24.877372020855546" lon="121.528895990923047">
        <ele>181</ele>
        <time>2025-05-30T06:48:49Z</time>
      </trkpt>
      <trkpt lat="24.877367997542024" lon="121.528886016458273">
        <ele>183</ele>
        <time>2025-05-30T06:49:02Z</time>
      </trkpt>
      <trkpt lat="24.877374032512307" lon="121.528893979266286">
        <ele>183</ele>
        <time>2025-05-30T06:49:08Z</time>
      </trkpt>
      <trkpt lat="24.877372020855546" lon="121.528904959559441">
        <ele>183</ele>
        <time>2025-05-30T06:49:12Z</time>
      </trkpt>
      <trkpt lat="24.87736196257174" lon="121.528905965387821">
        <ele>184</ele>
        <time>2025-05-30T06:49:16Z</time>
      </trkpt>
      <trkpt lat="24.877350982278585" lon="121.528910994529724">
        <ele>183</ele>
        <time>2025-05-30T06:49:24Z</time>
      </trkpt>
      <trkpt lat="24.877349976450205" lon="121.528924992308021">
        <ele>183</ele>
        <time>2025-05-30T06:49:29Z</time>
      </trkpt>
      <trkpt lat="24.877355005592108" lon="121.528935972601175">
        <ele>183</ele>
        <time>2025-05-30T06:49:37Z</time>
      </trkpt>
      <trkpt lat="24.877378977835178" lon="121.528980983421206">
        <ele>183</ele>
        <time>2025-05-30T06:49:41Z</time>
      </trkpt>
      <trkpt lat="24.87735802307725" lon="121.528991963714361">
        <ele>184</ele>
        <time>2025-05-30T06:49:45Z</time>
      </trkpt>
      <trkpt lat="24.877352993935347" lon="121.529001016169786">
        <ele>185</ele>
        <time>2025-05-30T06:49:51Z</time>
      </trkpt>
      <trkpt lat="24.877328015863895" lon="121.529017025604844">
        <ele>187</ele>
        <time>2025-05-30T06:49:55Z</time>
      </trkpt>
      <trkpt lat="24.877333967015147" lon="121.529043009504676">
        <ele>187</ele>
        <time>2025-05-30T06:49:59Z</time>
      </trkpt>
      <trkpt lat="24.877333967015147" lon="121.529077962040901">
        <ele>186</ele>
        <time>2025-05-30T06:50:03Z</time>
      </trkpt>
      <trkpt lat="24.877332961186767" lon="121.529097994789481">
        <ele>186</ele>
        <time>2025-05-30T06:50:07Z</time>
      </trkpt>
      <trkpt lat="24.877321980893612" lon="121.529107969254255">
        <ele>186</ele>
        <time>2025-05-30T06:50:11Z</time>
      </trkpt>
      <trkpt lat="24.877321980893612" lon="121.529122972860932">
        <ele>186</ele>
        <time>2025-05-30T06:50:15Z</time>
      </trkpt>
      <trkpt lat="24.877331033349037" lon="121.529143005609512">
        <ele>187</ele>
        <time>2025-05-30T06:50:19Z</time>
      </trkpt>
      <trkpt lat="24.877327010035515" lon="121.529152980074286">
        <ele>187</ele>
        <time>2025-05-30T06:50:23Z</time>
      </trkpt>
      <trkpt lat="24.877336984500289" lon="121.529152980074286">
        <ele>185</ele>
        <time>2025-05-30T06:50:32Z</time>
      </trkpt>
      <trkpt lat="24.877345031127334" lon="121.529148034751415">
        <ele>182</ele>
        <time>2025-05-30T06:50:50Z</time>
      </trkpt>
      <trkpt lat="24.877353999763727" lon="121.529145017266273">
        <ele>182</ele>
        <time>2025-05-30T06:51:12Z</time>
      </trkpt>
      <trkpt lat="24.87736196257174" lon="121.529149962589145">
        <ele>185</ele>
        <time>2025-05-30T06:51:36Z</time>
      </trkpt>
      <trkpt lat="24.877348970621824" lon="121.529161026701331">
        <ele>184</ele>
        <time>2025-05-30T06:51:40Z</time>
      </trkpt>
      <trkpt lat="24.87735802307725" lon="121.529151974245906">
        <ele>183</ele>
        <time>2025-05-30T06:51:54Z</time>
      </trkpt>
      <trkpt lat="24.877363974228501" lon="121.529144011437893">
        <ele>184</ele>
        <time>2025-05-30T06:51:59Z</time>
      </trkpt>
      <trkpt lat="24.87735802307725" lon="121.529151974245906">
        <ele>184</ele>
        <time>2025-05-30T06:52:05Z</time>
      </trkpt>
      <trkpt lat="24.877347964793444" lon="121.52915901504457">
        <ele>181</ele>
        <time>2025-05-30T06:52:21Z</time>
      </trkpt>
      <trkpt lat="24.877356011420488" lon="121.529151974245906">
        <ele>182</ele>
        <time>2025-05-30T06:53:06Z</time>
      </trkpt>
      <trkpt lat="24.877364980056882" lon="121.529166977852583">
        <ele>184</ele>
        <time>2025-05-30T06:53:10Z</time>
      </trkpt>
      <trkpt lat="24.87735802307725" lon="121.529157003387809">
        <ele>182</ele>
        <time>2025-05-30T06:53:16Z</time>
      </trkpt>
      <trkpt lat="24.877348970621824" lon="121.529163038358092">
        <ele>181</ele>
        <time>2025-05-30T06:53:43Z</time>
      </trkpt>
      <trkpt lat="24.877344025298953" lon="121.529151974245906">
        <ele>181</ele>
        <time>2025-05-30T06:53:50Z</time>
      </trkpt>
      <trkpt lat="24.877332961186767" lon="121.529152980074286">
        <ele>182</ele>
        <time>2025-05-30T06:53:57Z</time>
      </trkpt>
      <trkpt lat="24.877328015863895" lon="121.529165972024202">
        <ele>182</ele>
        <time>2025-05-30T06:54:00Z</time>
      </trkpt>
      <trkpt lat="24.877303959801793" lon="121.529175024479628">
        <ele>183</ele>
        <time>2025-05-30T06:54:04Z</time>
      </trkpt>
      <trkpt lat="24.877268001437187" lon="121.529176030308008">
        <ele>182</ele>
        <time>2025-05-30T06:54:08Z</time>
      </trkpt>
      <trkpt lat="24.877247968688607" lon="121.529177958145738">
        <ele>182</ele>
        <time>2025-05-30T06:54:12Z</time>
      </trkpt>
      <trkpt lat="24.877227013930678" lon="121.529168989509344">
        <ele>181</ele>
        <time>2025-05-30T06:54:16Z</time>
      </trkpt>
      <trkpt lat="24.877217039465904" lon="121.529168989509344">
        <ele>181</ele>
        <time>2025-05-30T06:54:22Z</time>
      </trkpt>
      <trkpt lat="24.877206981182098" lon="121.529169995337725">
        <ele>181</ele>
        <time>2025-05-30T06:54:26Z</time>
      </trkpt>
      <trkpt lat="24.877196000888944" lon="121.529173012822866">
        <ele>181</ele>
        <time>2025-05-30T06:54:31Z</time>
      </trkpt>
      <trkpt lat="24.877192983403802" lon="121.529187010601163">
        <ele>182</ele>
        <time>2025-05-30T06:54:36Z</time>
      </trkpt>
      <trkpt lat="24.87718996591866" lon="121.529201008379459">
        <ele>183</ele>
        <time>2025-05-30T06:54:42Z</time>
      </trkpt>
      <trkpt lat="24.877176973968744" lon="121.529216011986136">
        <ele>185</ele>
        <time>2025-05-30T06:54:46Z</time>
      </trkpt>
      <trkpt lat="24.877175968140364" lon="121.529227998107672">
        <ele>185</ele>
        <time>2025-05-30T06:54:50Z</time>
      </trkpt>
      <trkpt lat="24.877174962311983" lon="121.529240990057588">
        <ele>186</ele>
        <time>2025-05-30T06:54:54Z</time>
      </trkpt>
      <trkpt lat="24.87716699950397" lon="121.529247025027871">
        <ele>187</ele>
        <time>2025-05-30T06:54:59Z</time>
      </trkpt>
      <trkpt lat="24.877163982018828" lon="121.529258005321026">
        <ele>186</ele>
        <time>2025-05-30T06:55:03Z</time>
      </trkpt>
      <trkpt lat="24.877154007554054" lon="121.529256999492645">
        <ele>188</ele>
        <time>2025-05-30T06:55:12Z</time>
      </trkpt>
      <trkpt lat="24.877137998118997" lon="121.529266973957419">
        <ele>189</ele>
        <time>2025-05-30T06:55:16Z</time>
      </trkpt>
      <trkpt lat="24.877131963148713" lon="121.529274014756083">
        <ele>190</ele>
        <time>2025-05-30T06:55:21Z</time>
      </trkpt>
      <trkpt lat="24.877125006169081" lon="121.529282983392477">
        <ele>192</ele>
        <time>2025-05-30T06:55:27Z</time>
      </trkpt>
      <trkpt lat="24.877113020047545" lon="121.529284995049238">
        <ele>192</ele>
        <time>2025-05-30T06:55:31Z</time>
      </trkpt>
      <trkpt lat="24.877089969813824" lon="121.529280971735716">
        <ele>191</ele>
        <time>2025-05-30T06:55:35Z</time>
      </trkpt>
      <trkpt lat="24.87708100117743" lon="121.529295975342393">
        <ele>193</ele>
        <time>2025-05-30T06:55:43Z</time>
      </trkpt>
      <trkpt lat="24.877074966207147" lon="121.529305027797818">
        <ele>193</ele>
        <time>2025-05-30T06:55:47Z</time>
      </trkpt>
      <trkpt lat="24.877068009227514" lon="121.529313996434212">
        <ele>194</ele>
        <time>2025-05-30T06:55:57Z</time>
      </trkpt>
      <trkpt lat="24.87705803476274" lon="121.529322965070605">
        <ele>194</ele>
        <time>2025-05-30T06:56:01Z</time>
      </trkpt>
      <trkpt lat="24.877044958993793" lon="121.529321959242225">
        <ele>194</ele>
        <time>2025-05-30T06:56:05Z</time>
      </trkpt>
      <trkpt lat="24.877028027549386" lon="121.529332017526031">
        <ele>194</ele>
        <time>2025-05-30T06:56:09Z</time>
      </trkpt>
      <trkpt lat="24.877009000629187" lon="121.52935397811234">
        <ele>195</ele>
        <time>2025-05-30T06:56:13Z</time>
      </trkpt>
      <trkpt lat="24.87699399702251" lon="121.52937401086092">
        <ele>195</ele>
        <time>2025-05-30T06:56:17Z</time>
      </trkpt>
      <trkpt lat="24.876983016729355" lon="121.529378034174442">
        <ele>196</ele>
        <time>2025-05-30T06:56:21Z</time>
      </trkpt>
      <trkpt lat="24.87697103060782" lon="121.529373005032539">
        <ele>197</ele>
        <time>2025-05-30T06:56:25Z</time>
      </trkpt>
      <trkpt lat="24.876949992030859" lon="121.529364036396146">
        <ele>198</ele>
        <time>2025-05-30T06:56:29Z</time>
      </trkpt>
      <trkpt lat="24.876926019787788" lon="121.529368981719017">
        <ele>199</ele>
        <time>2025-05-30T06:56:33Z</time>
      </trkpt>
      <trkpt lat="24.876917973160744" lon="121.529394965618849">
        <ele>198</ele>
        <time>2025-05-30T06:56:37Z</time>
      </trkpt>
      <trkpt lat="24.876902969554067" lon="121.529407035559416">
        <ele>198</ele>
        <time>2025-05-30T06:56:41Z</time>
      </trkpt>
      <trkpt lat="24.876884026452899" lon="121.529421033337712">
        <ele>199</ele>
        <time>2025-05-30T06:56:45Z</time>
      </trkpt>
      <trkpt lat="24.876872962340713" lon="121.529427990317345">
        <ele>198</ele>
        <time>2025-05-30T06:56:48Z</time>
      </trkpt>
      <trkpt lat="24.8768649995327" lon="121.529432013630867">
        <ele>200</ele>
        <time>2025-05-30T06:56:53Z</time>
      </trkpt>
      <trkpt lat="24.876858964562416" lon="121.529443999752402">
        <ele>201</ele>
        <time>2025-05-30T06:56:57Z</time>
      </trkpt>
      <trkpt lat="24.876859970390797" lon="121.529461015015841">
        <ele>202</ele>
        <time>2025-05-30T06:57:01Z</time>
      </trkpt>
      <trkpt lat="24.876848990097642" lon="121.529463026672602">
        <ele>201</ele>
        <time>2025-05-30T06:57:06Z</time>
      </trkpt>
      <trkpt lat="24.876837003976107" lon="121.529465960338712">
        <ele>201</ele>
        <time>2025-05-30T06:57:10Z</time>
      </trkpt>
      <trkpt lat="24.87682200036943" lon="121.529461015015841">
        <ele>202</ele>
        <time>2025-05-30T06:57:14Z</time>
      </trkpt>
      <trkpt lat="24.876814959570765" lon="121.529471995308995">
        <ele>203</ele>
        <time>2025-05-30T06:57:18Z</time>
      </trkpt>
      <trkpt lat="24.876806996762753" lon="121.529481969773769">
        <ele>204</ele>
        <time>2025-05-30T06:57:22Z</time>
      </trkpt>
      <trkpt lat="24.876798028126359" lon="121.529488004744053">
        <ele>203</ele>
        <time>2025-05-30T06:57:27Z</time>
      </trkpt>
      <trkpt lat="24.876788975670934" lon="121.529495967552066">
        <ele>204</ele>
        <time>2025-05-30T06:57:31Z</time>
      </trkpt>
      <trkpt lat="24.876753017306328" lon="121.529489010572433">
        <ele>206</ele>
        <time>2025-05-30T06:57:35Z</time>
      </trkpt>
      <trkpt lat="24.876740025356412" lon="121.529507031664252">
        <ele>205</ele>
        <time>2025-05-30T06:57:39Z</time>
      </trkpt>
      <trkpt lat="24.87673600204289" lon="121.529516000300646">
        <ele>207</ele>
        <time>2025-05-30T06:57:44Z</time>
      </trkpt>
      <trkpt lat="24.876727033406496" lon="121.529514994472265">
        <ele>208</ele>
        <time>2025-05-30T06:57:55Z</time>
      </trkpt>
      <trkpt lat="24.876711023971438" lon="121.529524968937039">
        <ele>209</ele>
        <time>2025-05-30T06:58:02Z</time>
      </trkpt>
      <trkpt lat="24.876709012314677" lon="121.529536033049226">
        <ele>210</ele>
        <time>2025-05-30T06:58:08Z</time>
      </trkpt>
      <trkpt lat="24.876722004264593" lon="121.529548019170761">
        <ele>209</ele>
        <time>2025-05-30T06:58:12Z</time>
      </trkpt>
      <trkpt lat="24.8767130356282" lon="121.529557993635535">
        <ele>209</ele>
        <time>2025-05-30T06:58:16Z</time>
      </trkpt>
      <trkpt lat="24.876708006486297" lon="121.529569979757071">
        <ele>211</ele>
        <time>2025-05-30T06:58:21Z</time>
      </trkpt>
      <trkpt lat="24.876695014536381" lon="121.529575008898973">
        <ele>214</ele>
        <time>2025-05-30T06:58:26Z</time>
      </trkpt>
      <trkpt lat="24.876665007323027" lon="121.529578026384115">
        <ele>213</ele>
        <time>2025-05-30T06:58:30Z</time>
      </trkpt>
      <trkpt lat="24.876661989837885" lon="121.529567968100309">
        <ele>213</ele>
        <time>2025-05-30T06:58:34Z</time>
      </trkpt>
      <trkpt lat="24.876670958474278" lon="121.52956897392869">
        <ele>213</ele>
        <time>2025-05-30T06:58:38Z</time>
      </trkpt>
      <trkpt lat="24.876685040071607" lon="121.52956897392869">
        <ele>212</ele>
        <time>2025-05-30T06:58:53Z</time>
      </trkpt>
      <trkpt lat="24.876683028414845" lon="121.529584983363748">
        <ele>212</ele>
        <time>2025-05-30T06:58:58Z</time>
      </trkpt>
      <trkpt lat="24.876668024808168" lon="121.529591018334031">
        <ele>212</ele>
        <time>2025-05-30T06:59:11Z</time>
      </trkpt>
      <trkpt lat="24.876664001494646" lon="121.529578026384115">
        <ele>211</ele>
        <time>2025-05-30T06:59:23Z</time>
      </trkpt>
      <trkpt lat="24.876668024808168" lon="121.529567968100309">
        <ele>212</ele>
        <time>2025-05-30T06:59:53Z</time>
      </trkpt>
      <trkpt lat="24.876666013151407" lon="121.529580038040876">
        <ele>211</ele>
        <time>2025-05-30T07:00:16Z</time>
      </trkpt>
      <trkpt lat="24.876676993444562" lon="121.529580038040876">
        <ele>213</ele>
        <time>2025-05-30T07:00:30Z</time>
      </trkpt>
      <trkpt lat="24.8767130356282" lon="121.529604010283947">
        <ele>214</ele>
        <time>2025-05-30T07:00:34Z</time>
      </trkpt>
      <trkpt lat="24.876728039234877" lon="121.529627982527018">
        <ele>214</ele>
        <time>2025-05-30T07:00:38Z</time>
      </trkpt>
      <trkpt lat="24.87673600204289" lon="121.529656983911991">
        <ele>215</ele>
        <time>2025-05-30T07:00:42Z</time>
      </trkpt>
      <trkpt lat="24.876740025356412" lon="121.529680034145713">
        <ele>215</ele>
        <time>2025-05-30T07:00:46Z</time>
      </trkpt>
      <trkpt lat="24.876732984557748" lon="121.529714986681938">
        <ele>215</ele>
        <time>2025-05-30T07:00:50Z</time>
      </trkpt>
      <trkpt lat="24.876719992607832" lon="121.529753040522337">
        <ele>215</ele>
        <time>2025-05-30T07:00:54Z</time>
      </trkpt>
      <trkpt lat="24.876704989001155" lon="121.52978103607893">
        <ele>215</ele>
        <time>2025-05-30T07:00:58Z</time>
      </trkpt>
      <trkpt lat="24.87669300287962" lon="121.529805008322001">
        <ele>214</ele>
        <time>2025-05-30T07:01:01Z</time>
      </trkpt>
      <trkpt lat="24.876675987616181" lon="121.529823029413819">
        <ele>213</ele>
        <time>2025-05-30T07:01:04Z</time>
      </trkpt>
      <trkpt lat="24.876661989837885" lon="121.529845995828509">
        <ele>212</ele>
        <time>2025-05-30T07:01:07Z</time>
      </trkpt>
      <trkpt lat="24.876645980402827" lon="121.529879020527005">
        <ele>212</ele>
        <time>2025-05-30T07:01:10Z</time>
      </trkpt>
      <trkpt lat="24.876635000109673" lon="121.529925959184766">
        <ele>212</ele>
        <time>2025-05-30T07:01:14Z</time>
      </trkpt>
      <trkpt lat="24.876635000109673" lon="121.529973987489939">
        <ele>212</ele>
        <time>2025-05-30T07:01:18Z</time>
      </trkpt>
      <trkpt lat="24.876638017594814" lon="121.530024027451873">
        <ele>211</ele>
        <time>2025-05-30T07:01:22Z</time>
      </trkpt>
      <trkpt lat="24.876647992059588" lon="121.530052023008466">
        <ele>212</ele>
        <time>2025-05-30T07:01:26Z</time>
      </trkpt>
      <trkpt lat="24.876655032858253" lon="121.530095022171736">
        <ele>212</ele>
        <time>2025-05-30T07:01:30Z</time>
      </trkpt>
      <trkpt lat="24.87667003646493" lon="121.530132992193103">
        <ele>211</ele>
        <time>2025-05-30T07:01:34Z</time>
      </trkpt>
      <trkpt lat="24.876694008708" lon="121.530173979699612">
        <ele>211</ele>
        <time>2025-05-30T07:01:38Z</time>
      </trkpt>
      <trkpt lat="24.8767130356282" lon="121.530202981084585">
        <ele>211</ele>
        <time>2025-05-30T07:01:42Z</time>
      </trkpt>
      <trkpt lat="24.876739019528031" lon="121.530225025489926">
        <ele>211</ele>
        <time>2025-05-30T07:01:46Z</time>
      </trkpt>
      <trkpt lat="24.876755028963089" lon="121.530259978026152">
        <ele>211</ele>
        <time>2025-05-30T07:01:50Z</time>
      </trkpt>
      <trkpt lat="24.876777995377779" lon="121.530284034088254">
        <ele>211</ele>
        <time>2025-05-30T07:01:54Z</time>
      </trkpt>
      <trkpt lat="24.876789981499314" lon="121.53031999245286">
        <ele>211</ele>
        <time>2025-05-30T07:01:58Z</time>
      </trkpt>
      <trkpt lat="24.876819988712668" lon="121.530358968302608">
        <ele>209</ele>
        <time>2025-05-30T07:02:02Z</time>
      </trkpt>
      <trkpt lat="24.87686600536108" lon="121.530404984951019">
        <ele>209</ele>
        <time>2025-05-30T07:02:06Z</time>
      </trkpt>
      <trkpt lat="24.876901963725686" lon="121.530442032963037">
        <ele>207</ele>
        <time>2025-05-30T07:02:09Z</time>
      </trkpt>
      <trkpt lat="24.876923002302647" lon="121.530496012419462">
        <ele>207</ele>
        <time>2025-05-30T07:02:13Z</time>
      </trkpt>
      <trkpt lat="24.876943035051227" lon="121.530539011582732">
        <ele>208</ele>
        <time>2025-05-30T07:02:17Z</time>
      </trkpt>
      <trkpt lat="24.876953009516001" lon="121.530591985210776">
        <ele>208</ele>
        <time>2025-05-30T07:02:21Z</time>
      </trkpt>
      <trkpt lat="24.876959966495633" lon="121.530649987980723">
        <ele>209</ele>
        <time>2025-05-30T07:02:25Z</time>
      </trkpt>
      <trkpt lat="24.876956027001143" lon="121.53068502433598">
        <ele>209</ele>
        <time>2025-05-30T07:02:29Z</time>
      </trkpt>
      <trkpt lat="24.876963989809155" lon="121.530716959387064">
        <ele>210</ele>
        <time>2025-05-30T07:02:33Z</time>
      </trkpt>
      <trkpt lat="24.876975975930691" lon="121.530748978257179">
        <ele>211</ele>
        <time>2025-05-30T07:02:37Z</time>
      </trkpt>
      <trkpt lat="24.877003971487284" lon="121.530787032097578">
        <ele>210</ele>
        <time>2025-05-30T07:02:41Z</time>
      </trkpt>
      <trkpt lat="24.877010006457567" lon="121.530794994905591">
        <ele>212</ele>
        <time>2025-05-30T07:02:45Z</time>
      </trkpt>
      <trkpt lat="24.877018975093961" lon="121.530794994905591">
        <ele>212</ele>
        <time>2025-05-30T07:02:50Z</time>
      </trkpt>
      <trkpt lat="24.877026015892625" lon="121.530803041532636">
        <ele>214</ele>
        <time>2025-05-30T07:03:15Z</time>
      </trkpt>
      <trkpt lat="24.877053005620837" lon="121.530828019604087">
        <ele>212</ele>
        <time>2025-05-30T07:03:19Z</time>
      </trkpt>
      <trkpt lat="24.877073038369417" lon="121.530844029039145">
        <ele>218</ele>
        <time>2025-05-30T07:03:23Z</time>
      </trkpt>
      <trkpt lat="24.877089969813824" lon="121.530860038474202">
        <ele>218</ele>
        <time>2025-05-30T07:03:27Z</time>
      </trkpt>
      <trkpt lat="24.87712299451232" lon="121.530888034030795">
        <ele>218</ele>
        <time>2025-05-30T07:03:31Z</time>
      </trkpt>
      <trkpt lat="24.877142021432519" lon="121.53089901432395">
        <ele>218</ele>
        <time>2025-05-30T07:03:35Z</time>
      </trkpt>
      <trkpt lat="24.877162976190448" lon="121.530909994617105">
        <ele>218</ele>
        <time>2025-05-30T07:03:39Z</time>
      </trkpt>
      <trkpt lat="24.877193989232183" lon="121.530924998223782">
        <ele>218</ele>
        <time>2025-05-30T07:03:43Z</time>
      </trkpt>
      <trkpt lat="24.87723195925355" lon="121.53094201348722">
        <ele>217</ele>
        <time>2025-05-30T07:03:47Z</time>
      </trkpt>
      <trkpt lat="24.877270013093948" lon="121.530970009043813">
        <ele>217</ele>
        <time>2025-05-30T07:03:51Z</time>
      </trkpt>
      <trkpt lat="24.87731502391398" lon="121.530988030135632">
        <ele>217</ele>
        <time>2025-05-30T07:03:55Z</time>
      </trkpt>
      <trkpt lat="24.877351988106966" lon="121.530989035964012">
        <ele>216</ele>
        <time>2025-05-30T07:03:59Z</time>
      </trkpt>
      <trkpt lat="24.877398004755378" lon="121.530995992943645">
        <ele>217</ele>
        <time>2025-05-30T07:04:03Z</time>
      </trkpt>
      <trkpt lat="24.877436980605125" lon="121.530989035964012">
        <ele>217</ele>
        <time>2025-05-30T07:04:07Z</time>
      </trkpt>
      <trkpt lat="24.877477968111634" lon="121.530995992943645">
        <ele>217</ele>
        <time>2025-05-30T07:04:11Z</time>
      </trkpt>
      <trkpt lat="24.87753395922482" lon="121.530993981286883">
        <ele>213</ele>
        <time>2025-05-30T07:04:14Z</time>
      </trkpt>
      <trkpt lat="24.877571007236838" lon="121.53098601847887">
        <ele>212</ele>
        <time>2025-05-30T07:04:18Z</time>
      </trkpt>
      <trkpt lat="24.877605037763715" lon="121.530995992943645">
        <ele>212</ele>
        <time>2025-05-30T07:04:22Z</time>
      </trkpt>
      <trkpt lat="24.877618029713631" lon="121.531009990721941">
        <ele>209</ele>
        <time>2025-05-30T07:04:26Z</time>
      </trkpt>
      <trkpt lat="24.877648958936334" lon="121.531015019863844">
        <ele>209</ele>
        <time>2025-05-30T07:04:30Z</time>
      </trkpt>
      <trkpt lat="24.877687012776732" lon="121.531039997935295">
        <ele>210</ele>
        <time>2025-05-30T07:04:34Z</time>
      </trkpt>
      <trkpt lat="24.877701010555029" lon="121.531067993491888">
        <ele>208</ele>
        <time>2025-05-30T07:04:38Z</time>
      </trkpt>
      <trkpt lat="24.877710985019803" lon="121.531098000705242">
        <ele>206</ele>
        <time>2025-05-30T07:04:42Z</time>
      </trkpt>
      <trkpt lat="24.877719031646848" lon="121.531133037060499">
        <ele>206</ele>
        <time>2025-05-30T07:04:46Z</time>
      </trkpt>
      <trkpt lat="24.87772598862648" lon="121.53117997571826">
        <ele>206</ele>
        <time>2025-05-30T07:04:50Z</time>
      </trkpt>
      <trkpt lat="24.877731017768383" lon="121.531232027336955">
        <ele>205</ele>
        <time>2025-05-30T07:04:54Z</time>
      </trkpt>
      <trkpt lat="24.877734035253525" lon="121.531263962388039">
        <ele>205</ele>
        <time>2025-05-30T07:04:58Z</time>
      </trkpt>
      <trkpt lat="24.877728000283241" lon="121.531307967379689">
        <ele>203</ele>
        <time>2025-05-30T07:05:02Z</time>
      </trkpt>
      <trkpt lat="24.877736968919635" lon="121.531361024826765">
        <ele>202</ele>
        <time>2025-05-30T07:05:06Z</time>
      </trkpt>
      <trkpt lat="24.877744009718299" lon="121.531390026211739">
        <ele>203</ele>
        <time>2025-05-30T07:05:10Z</time>
      </trkpt>
      <trkpt lat="24.877749038860202" lon="121.531431013718247">
        <ele>202</ele>
        <time>2025-05-30T07:05:14Z</time>
      </trkpt>
      <trkpt lat="24.877754990011454" lon="121.531463032588363">
        <ele>202</ele>
        <time>2025-05-30T07:05:17Z</time>
      </trkpt>
      <trkpt lat="24.877762030810118" lon="121.531506031751633">
        <ele>202</ele>
        <time>2025-05-30T07:05:21Z</time>
      </trkpt>
      <trkpt lat="24.87776798196137" lon="121.531550958752632">
        <ele>202</ele>
        <time>2025-05-30T07:05:25Z</time>
      </trkpt>
      <trkpt lat="24.877774016931653" lon="121.531593035906553">
        <ele>201</ele>
        <time>2025-05-30T07:05:29Z</time>
      </trkpt>
      <trkpt lat="24.877776028588414" lon="121.531633017584682">
        <ele>201</ele>
        <time>2025-05-30T07:05:33Z</time>
      </trkpt>
      <trkpt lat="24.877777034416795" lon="121.531678028404713">
        <ele>201</ele>
        <time>2025-05-30T07:05:37Z</time>
      </trkpt>
      <trkpt lat="24.877782985568047" lon="121.53171599842608">
        <ele>199</ele>
        <time>2025-05-30T07:05:41Z</time>
      </trkpt>
      <trkpt lat="24.877793965861201" lon="121.531764026731253">
        <ele>200</ele>
        <time>2025-05-30T07:05:45Z</time>
      </trkpt>
      <trkpt lat="24.877807041630149" lon="121.531807025894523">
        <ele>200</ele>
        <time>2025-05-30T07:05:49Z</time>
      </trkpt>
      <trkpt lat="24.877830008044839" lon="121.531848013401031">
        <ele>201</ele>
        <time>2025-05-30T07:05:53Z</time>
      </trkpt>
      <trkpt lat="24.877850040793419" lon="121.531875003129244">
        <ele>203</ele>
        <time>2025-05-30T07:05:57Z</time>
      </trkpt>
      <trkpt lat="24.87787501886487" lon="121.531915990635753">
        <ele>204</ele>
        <time>2025-05-30T07:06:01Z</time>
      </trkpt>
      <trkpt lat="24.877905026078224" lon="121.531945997849107">
        <ele>204</ele>
        <time>2025-05-30T07:06:04Z</time>
      </trkpt>
      <trkpt lat="24.877944001927972" lon="121.531979022547603">
        <ele>203</ele>
        <time>2025-05-30T07:06:08Z</time>
      </trkpt>
      <trkpt lat="24.877976020798087" lon="121.532000983133912">
        <ele>203</ele>
        <time>2025-05-30T07:06:12Z</time>
      </trkpt>
      <trkpt lat="24.878006028011441" lon="121.532021015882492">
        <ele>204</ele>
        <time>2025-05-30T07:06:16Z</time>
      </trkpt>
      <trkpt lat="24.878040980547667" lon="121.53204096481204">
        <ele>202</ele>
        <time>2025-05-30T07:06:20Z</time>
      </trkpt>
      <trkpt lat="24.878079034388065" lon="121.532064015045762">
        <ele>203</ele>
        <time>2025-05-30T07:06:24Z</time>
      </trkpt>
      <trkpt lat="24.878118010237813" lon="121.532086981460452">
        <ele>203</ele>
        <time>2025-05-30T07:06:28Z</time>
      </trkpt>
      <trkpt lat="24.878161009401083" lon="121.532111037522554">
        <ele>202</ele>
        <time>2025-05-30T07:06:32Z</time>
      </trkpt>
      <trkpt lat="24.878210965543985" lon="121.532132998108864">
        <ele>201</ele>
        <time>2025-05-30T07:06:36Z</time>
      </trkpt>
      <trkpt lat="24.878243990242481" lon="121.532149007543921">
        <ele>201</ele>
        <time>2025-05-30T07:06:40Z</time>
      </trkpt>
      <trkpt lat="24.87828497774899" lon="121.532164011150599">
        <ele>200</ele>
        <time>2025-05-30T07:06:44Z</time>
      </trkpt>
      <trkpt lat="24.878329988569021" lon="121.532179014757276">
        <ele>199</ele>
        <time>2025-05-30T07:06:48Z</time>
      </trkpt>
      <trkpt lat="24.878362007439137" lon="121.532192006707191">
        <ele>200</ele>
        <time>2025-05-30T07:06:52Z</time>
      </trkpt>
      <trkpt lat="24.878401989117265" lon="121.53220902197063">
        <ele>199</ele>
        <time>2025-05-30T07:06:56Z</time>
      </trkpt>
      <trkpt lat="24.878439959138632" lon="121.532226037234068">
        <ele>199</ele>
        <time>2025-05-30T07:07:00Z</time>
      </trkpt>
      <trkpt lat="24.878476001322269" lon="121.532244980335236">
        <ele>198</ele>
        <time>2025-05-30T07:07:04Z</time>
      </trkpt>
      <trkpt lat="24.878507014364004" lon="121.532264007255435">
        <ele>197</ele>
        <time>2025-05-30T07:07:08Z</time>
      </trkpt>
      <trkpt lat="24.8785400390625" lon="121.532286973670125">
        <ele>197</ele>
        <time>2025-05-30T07:07:12Z</time>
      </trkpt>
      <trkpt lat="24.878569962456822" lon="121.532313041388988">
        <ele>198</ele>
        <time>2025-05-30T07:07:16Z</time>
      </trkpt>
      <trkpt lat="24.878602987155318" lon="121.532344976440072">
        <ele>197</ele>
        <time>2025-05-30T07:07:20Z</time>
      </trkpt>
      <trkpt lat="24.878629976883531" lon="121.532374983653426">
        <ele>195</ele>
        <time>2025-05-30T07:07:24Z</time>
      </trkpt>
      <trkpt lat="24.878646992146969" lon="121.532395016402006">
        <ele>196</ele>
        <time>2025-05-30T07:07:27Z</time>
      </trkpt>
      <trkpt lat="24.878670964390039" lon="121.53242401778698">
        <ele>195</ele>
        <time>2025-05-30T07:07:30Z</time>
      </trkpt>
      <trkpt lat="24.878697032108903" lon="121.532456036657095">
        <ele>194</ele>
        <time>2025-05-30T07:07:34Z</time>
      </trkpt>
      <trkpt lat="24.878719998523593" lon="121.532486965879798">
        <ele>192</ele>
        <time>2025-05-30T07:07:38Z</time>
      </trkpt>
      <trkpt lat="24.878754029050469" lon="121.532531976699829">
        <ele>193</ele>
        <time>2025-05-30T07:07:42Z</time>
      </trkpt>
      <trkpt lat="24.878773977980018" lon="121.532560978084803">
        <ele>192</ele>
        <time>2025-05-30T07:07:46Z</time>
      </trkpt>
      <trkpt lat="24.878795016556978" lon="121.532589979469776">
        <ele>193</ele>
        <time>2025-05-30T07:07:50Z</time>
      </trkpt>
      <trkpt lat="24.878822006285191" lon="121.532629039138556">
        <ele>194</ele>
        <time>2025-05-30T07:07:54Z</time>
      </trkpt>
      <trkpt lat="24.878842961043119" lon="121.532660974189639">
        <ele>194</ele>
        <time>2025-05-30T07:07:58Z</time>
      </trkpt>
      <trkpt lat="24.878866011276841" lon="121.532696010544896">
        <ele>195</ele>
        <time>2025-05-30T07:08:02Z</time>
      </trkpt>
      <trkpt lat="24.878893001005054" lon="121.532734986394644">
        <ele>195</ele>
        <time>2025-05-30T07:08:06Z</time>
      </trkpt>
      <trkpt lat="24.878914039582014" lon="121.532765999436378">
        <ele>195</ele>
        <time>2025-05-30T07:08:09Z</time>
      </trkpt>
      <trkpt lat="24.878939017653465" lon="121.532802963629365">
        <ele>194</ele>
        <time>2025-05-30T07:08:13Z</time>
      </trkpt>
      <trkpt lat="24.878962989896536" lon="121.532839005813003">
        <ele>194</ele>
        <time>2025-05-30T07:08:17Z</time>
      </trkpt>
      <trkpt lat="24.878987967967987" lon="121.53287697583437">
        <ele>194</ele>
        <time>2025-05-30T07:08:21Z</time>
      </trkpt>
      <trkpt lat="24.879010012373328" lon="121.532904971390963">
        <ele>194</ele>
        <time>2025-05-30T07:08:25Z</time>
      </trkpt>
      <trkpt lat="24.87903599627316" lon="121.532950988039374">
        <ele>195</ele>
        <time>2025-05-30T07:08:29Z</time>
      </trkpt>
      <trkpt lat="24.879054017364979" lon="121.532975966110826">
        <ele>195</ele>
        <time>2025-05-30T07:08:33Z</time>
      </trkpt>
      <trkpt lat="24.879068015143275" lon="121.533016031607985">
        <ele>195</ele>
        <time>2025-05-30T07:08:37Z</time>
      </trkpt>
      <trkpt lat="24.879091987386346" lon="121.533041009679437">
        <ele>196</ele>
        <time>2025-05-30T07:08:41Z</time>
      </trkpt>
      <trkpt lat="24.879107996821404" lon="121.533076968044043">
        <ele>195</ele>
        <time>2025-05-30T07:08:45Z</time>
      </trkpt>
      <trkpt lat="24.879125012084842" lon="121.533110998570919">
        <ele>194</ele>
        <time>2025-05-30T07:08:49Z</time>
      </trkpt>
      <trkpt lat="24.879146972671151" lon="121.533141005784273">
        <ele>195</ele>
        <time>2025-05-30T07:08:53Z</time>
      </trkpt>
      <trkpt lat="24.879168011248112" lon="121.533176964148879">
        <ele>196</ele>
        <time>2025-05-30T07:08:57Z</time>
      </trkpt>
      <trkpt lat="24.879190977662802" lon="121.5332190413028">
        <ele>195</ele>
        <time>2025-05-30T07:09:01Z</time>
      </trkpt>
      <trkpt lat="24.879205981269479" lon="121.533249970525503">
        <ele>195</ele>
        <time>2025-05-30T07:09:05Z</time>
      </trkpt>
      <trkpt lat="24.879222996532917" lon="121.533287018537521">
        <ele>195</ele>
        <time>2025-05-30T07:09:09Z</time>
      </trkpt>
      <trkpt lat="24.879249986261129" lon="121.533334963023663">
        <ele>195</ele>
        <time>2025-05-30T07:09:13Z</time>
      </trkpt>
      <trkpt lat="24.879277981817722" lon="121.53336999937892">
        <ele>196</ele>
        <time>2025-05-30T07:09:17Z</time>
      </trkpt>
      <trkpt lat="24.87929399125278" lon="121.533397994935513">
        <ele>195</ele>
        <time>2025-05-30T07:09:21Z</time>
      </trkpt>
      <trkpt lat="24.879301032051444" lon="121.533415010198951">
        <ele>196</ele>
        <time>2025-05-30T07:09:25Z</time>
      </trkpt>
      <trkpt lat="24.879306983202696" lon="121.533426996320486">
        <ele>195</ele>
        <time>2025-05-30T07:09:29Z</time>
      </trkpt>
      <trkpt lat="24.879318969324231" lon="121.533459015190601">
        <ele>194</ele>
        <time>2025-05-30T07:09:32Z</time>
      </trkpt>
      <trkpt lat="24.879331961274147" lon="121.533492039889097">
        <ele>193</ele>
        <time>2025-05-30T07:09:35Z</time>
      </trkpt>
      <trkpt lat="24.879356017336249" lon="121.533529004082084">
        <ele>192</ele>
        <time>2025-05-30T07:09:39Z</time>
      </trkpt>
      <trkpt lat="24.879372026771307" lon="121.533553982153535">
        <ele>192</ele>
        <time>2025-05-30T07:09:43Z</time>
      </trkpt>
      <trkpt lat="24.879389964044094" lon="121.533564040437341">
        <ele>193</ele>
        <time>2025-05-30T07:09:47Z</time>
      </trkpt>
      <trkpt lat="24.879427012056112" lon="121.533577032387257">
        <ele>191</ele>
        <time>2025-05-30T07:09:51Z</time>
      </trkpt>
      <trkpt lat="24.879451990127563" lon="121.533583989366889">
        <ele>190</ele>
        <time>2025-05-30T07:09:55Z</time>
      </trkpt>
      <trkpt lat="24.879477974027395" lon="121.533580971881747">
        <ele>189</ele>
        <time>2025-05-30T07:09:59Z</time>
      </trkpt>
      <trkpt lat="24.879518961533904" lon="121.533592035993934">
        <ele>189</ele>
        <time>2025-05-30T07:10:03Z</time>
      </trkpt>
      <trkpt lat="24.879547962918878" lon="121.53360502794385">
        <ele>190</ele>
        <time>2025-05-30T07:10:06Z</time>
      </trkpt>
      <trkpt lat="24.879578975960612" lon="121.533630006015301">
        <ele>190</ele>
        <time>2025-05-30T07:10:10Z</time>
      </trkpt>
      <trkpt lat="24.879595991224051" lon="121.5336490329355">
        <ele>189</ele>
        <time>2025-05-30T07:10:14Z</time>
      </trkpt>
      <trkpt lat="24.879619963467121" lon="121.533664958551526">
        <ele>189</ele>
        <time>2025-05-30T07:10:18Z</time>
      </trkpt>
      <trkpt lat="24.879647959023714" lon="121.533687002956867">
        <ele>188</ele>
        <time>2025-05-30T07:10:22Z</time>
      </trkpt>
      <trkpt lat="24.879671009257436" lon="121.533707035705447">
        <ele>188</ele>
        <time>2025-05-30T07:10:26Z</time>
      </trkpt>
      <trkpt lat="24.87970202229917" lon="121.533739976584911">
        <ele>187</ele>
        <time>2025-05-30T07:10:30Z</time>
      </trkpt>
      <trkpt lat="24.879728006199002" lon="121.533779036253691">
        <ele>186</ele>
        <time>2025-05-30T07:10:34Z</time>
      </trkpt>
      <trkpt lat="24.879747033119202" lon="121.533805020153522">
        <ele>187</ele>
        <time>2025-05-30T07:10:38Z</time>
      </trkpt>
      <trkpt lat="24.879764970391989" lon="121.533846007660031">
        <ele>186</ele>
        <time>2025-05-30T07:10:42Z</time>
      </trkpt>
      <trkpt lat="24.879772011190653" lon="121.533879032358527">
        <ele>185</ele>
        <time>2025-05-30T07:10:46Z</time>
      </trkpt>
      <trkpt lat="24.879776034504175" lon="121.533917002379894">
        <ele>184</ele>
        <time>2025-05-30T07:10:50Z</time>
      </trkpt>
      <trkpt lat="24.879778968170285" lon="121.533960001543164">
        <ele>183</ele>
        <time>2025-05-30T07:10:54Z</time>
      </trkpt>
      <trkpt lat="24.879780979827046" lon="121.534013980999589">
        <ele>183</ele>
        <time>2025-05-30T07:10:58Z</time>
      </trkpt>
      <trkpt lat="24.879782991483808" lon="121.534055974334478">
        <ele>183</ele>
        <time>2025-05-30T07:11:02Z</time>
      </trkpt>
      <trkpt lat="24.879786008968949" lon="121.534107020124793">
        <ele>184</ele>
        <time>2025-05-30T07:11:06Z</time>
      </trkpt>
      <trkpt lat="24.879789026454091" lon="121.534130992367864">
        <ele>184</ele>
        <time>2025-05-30T07:11:10Z</time>
      </trkpt>
      <trkpt lat="24.879794977605343" lon="121.534176003187895">
        <ele>184</ele>
        <time>2025-05-30T07:11:14Z</time>
      </trkpt>
      <trkpt lat="24.879804030060768" lon="121.534209027886391">
        <ele>185</ele>
        <time>2025-05-30T07:11:18Z</time>
      </trkpt>
      <trkpt lat="24.879812998697162" lon="121.534238029271364">
        <ele>183</ele>
        <time>2025-05-30T07:11:22Z</time>
      </trkpt>
      <trkpt lat="24.879825990647078" lon="121.534267030656338">
        <ele>183</ele>
        <time>2025-05-30T07:11:27Z</time>
      </trkpt>
      <trkpt lat="24.879835965111852" lon="121.534302989020944">
        <ele>184</ele>
        <time>2025-05-30T07:11:31Z</time>
      </trkpt>
      <trkpt lat="24.879849040880799" lon="121.534322015941143">
        <ele>185</ele>
        <time>2025-05-30T07:11:34Z</time>
      </trkpt>
      <trkpt lat="24.879861027002335" lon="121.534339031204581">
        <ele>185</ele>
        <time>2025-05-30T07:11:37Z</time>
      </trkpt>
      <trkpt lat="24.879866978153586" lon="121.534347999840975">
        <ele>183</ele>
        <time>2025-05-30T07:11:41Z</time>
      </trkpt>
      <trkpt lat="24.879902014508843" lon="121.534375995397568">
        <ele>183</ele>
        <time>2025-05-30T07:11:45Z</time>
      </trkpt>
      <trkpt lat="24.879930010065436" lon="121.534404996782541">
        <ele>182</ele>
        <time>2025-05-30T07:11:49Z</time>
      </trkpt>
      <trkpt lat="24.879953982308507" lon="121.534437015652657">
        <ele>182</ele>
        <time>2025-05-30T07:11:53Z</time>
      </trkpt>
      <trkpt lat="24.879969991743565" lon="121.534454030916095">
        <ele>183</ele>
        <time>2025-05-30T07:11:57Z</time>
      </trkpt>
      <trkpt lat="24.879992958158255" lon="121.534473979845643">
        <ele>183</ele>
        <time>2025-05-30T07:12:01Z</time>
      </trkpt>
      <trkpt lat="24.880013996735215" lon="121.534490995109081">
        <ele>183</ele>
        <time>2025-05-30T07:12:05Z</time>
      </trkpt>
      <trkpt lat="24.880036041140556" lon="121.534508010372519">
        <ele>184</ele>
        <time>2025-05-30T07:12:09Z</time>
      </trkpt>
      <trkpt lat="24.880064958706498" lon="121.534529970958829">
        <ele>184</ele>
        <time>2025-05-30T07:12:13Z</time>
      </trkpt>
      <trkpt lat="24.880084991455078" lon="121.534542962908745">
        <ele>187</ele>
        <time>2025-05-30T07:12:16Z</time>
      </trkpt>
      <trkpt lat="24.880114998668432" lon="121.534560984000564">
        <ele>187</ele>
        <time>2025-05-30T07:12:20Z</time>
      </trkpt>
      <trkpt lat="24.880136037245393" lon="121.534571964293718">
        <ele>185</ele>
        <time>2025-05-30T07:12:24Z</time>
      </trkpt>
      <trkpt lat="24.880173001438379" lon="121.534591997042298">
        <ele>184</ele>
        <time>2025-05-30T07:12:28Z</time>
      </trkpt>
      <trkpt lat="24.880205020308495" lon="121.534604988992214">
        <ele>183</ele>
        <time>2025-05-30T07:12:32Z</time>
      </trkpt>
      <trkpt lat="24.880249025300145" lon="121.534626027569175">
        <ele>181</ele>
        <time>2025-05-30T07:12:36Z</time>
      </trkpt>
      <trkpt lat="24.88028003834188" lon="121.534640025347471">
        <ele>180</ele>
        <time>2025-05-30T07:12:40Z</time>
      </trkpt>
      <trkpt lat="24.880320020020008" lon="121.534657962620258">
        <ele>179</ele>
        <time>2025-05-30T07:12:44Z</time>
      </trkpt>
      <trkpt lat="24.880353966727853" lon="121.534671960398555">
        <ele>179</ele>
        <time>2025-05-30T07:12:48Z</time>
      </trkpt>
      <trkpt lat="24.880387997254729" lon="121.534687969833612">
        <ele>178</ele>
        <time>2025-05-30T07:12:52Z</time>
      </trkpt>
      <trkpt lat="24.880427978932858" lon="121.534709008410573">
        <ele>178</ele>
        <time>2025-05-30T07:12:56Z</time>
      </trkpt>
      <trkpt lat="24.880467960610986" lon="121.534733986482024">
        <ele>176</ele>
        <time>2025-05-30T07:13:00Z</time>
      </trkpt>
      <trkpt lat="24.88049796782434" lon="121.534760976210237">
        <ele>175</ele>
        <time>2025-05-30T07:13:04Z</time>
      </trkpt>
      <trkpt lat="24.880522023886442" lon="121.534778997302055">
        <ele>174</ele>
        <time>2025-05-30T07:13:08Z</time>
      </trkpt>
      <trkpt lat="24.880531998351216" lon="121.534804981201887">
        <ele>174</ele>
        <time>2025-05-30T07:13:12Z</time>
      </trkpt>
      <trkpt lat="24.880537027493119" lon="121.534824008122087">
        <ele>172</ele>
        <time>2025-05-30T07:13:16Z</time>
      </trkpt>
      <trkpt lat="24.88054096698761" lon="121.534858038648963">
        <ele>172</ele>
        <time>2025-05-30T07:13:20Z</time>
      </trkpt>
      <trkpt lat="24.880536021664739" lon="121.534899026155472">
        <ele>172</ele>
        <time>2025-05-30T07:13:24Z</time>
      </trkpt>
      <trkpt lat="24.880547001957893" lon="121.534944958984852">
        <ele>173</ele>
        <time>2025-05-30T07:13:28Z</time>
      </trkpt>
      <trkpt lat="24.880553958937526" lon="121.534956023097038">
        <ele>174</ele>
        <time>2025-05-30T07:13:33Z</time>
      </trkpt>
      <trkpt lat="24.880572985857725" lon="121.534973038360476">
        <ele>175</ele>
        <time>2025-05-30T07:13:37Z</time>
      </trkpt>
      <trkpt lat="24.880591006949544" lon="121.534975972026587">
        <ele>177</ele>
        <time>2025-05-30T07:13:40Z</time>
      </trkpt>
      <trkpt lat="24.880634006112814" lon="121.534976977854967">
        <ele>178</ele>
        <time>2025-05-30T07:13:43Z</time>
      </trkpt>
      <trkpt lat="24.880662001669407" lon="121.534972032532096">
        <ele>177</ele>
        <time>2025-05-30T07:13:46Z</time>
      </trkpt>
      <trkpt lat="24.880700977519155" lon="121.534962980076671">
        <ele>176</ele>
        <time>2025-05-30T07:13:50Z</time>
      </trkpt>
      <trkpt lat="24.880752023309469" lon="121.534949988126755">
        <ele>175</ele>
        <time>2025-05-30T07:13:54Z</time>
      </trkpt>
      <trkpt lat="24.88079896196723" lon="121.534940013661981">
        <ele>172</ele>
        <time>2025-05-30T07:13:58Z</time>
      </trkpt>
      <trkpt lat="24.880865011364222" lon="121.534943031147122">
        <ele>169</ele>
        <time>2025-05-30T07:14:02Z</time>
      </trkpt>
      <trkpt lat="24.880895018577576" lon="121.534988963976502">
        <ele>169</ele>
        <time>2025-05-30T07:14:06Z</time>
      </trkpt>
      <trkpt lat="24.880903987213969" lon="121.535021988674998">
        <ele>169</ele>
        <time>2025-05-30T07:14:10Z</time>
      </trkpt>
      <trkpt lat="24.88090599887073" lon="121.535060964524746">
        <ele>168</ele>
        <time>2025-05-30T07:14:14Z</time>
      </trkpt>
      <trkpt lat="24.880907004699111" lon="121.535117961466312">
        <ele>167</ele>
        <time>2025-05-30T07:14:18Z</time>
      </trkpt>
      <trkpt lat="24.880910022184253" lon="121.535171018913388">
        <ele>167</ele>
        <time>2025-05-30T07:14:21Z</time>
      </trkpt>
      <trkpt lat="24.880943968892097" lon="121.535236984491348">
        <ele>168</ele>
        <time>2025-05-30T07:14:25Z</time>
      </trkpt>
      <trkpt lat="24.880979005247355" lon="121.535253999754786">
        <ele>168</ele>
        <time>2025-05-30T07:14:29Z</time>
      </trkpt>
      <trkpt lat="24.881016975268722" lon="121.535267997533083">
        <ele>167</ele>
        <time>2025-05-30T07:14:33Z</time>
      </trkpt>
      <trkpt lat="24.881060980260372" lon="121.535274032503366">
        <ele>166</ele>
        <time>2025-05-30T07:14:37Z</time>
      </trkpt>
      <trkpt lat="24.881118983030319" lon="121.535286018624902">
        <ele>165</ele>
        <time>2025-05-30T07:14:41Z</time>
      </trkpt>
      <trkpt lat="24.88116399385035" lon="121.535318959504366">
        <ele>164</ele>
        <time>2025-05-30T07:14:45Z</time>
      </trkpt>
      <trkpt lat="24.881203975528479" lon="121.535374028608203">
        <ele>163</ele>
        <time>2025-05-30T07:14:49Z</time>
      </trkpt>
      <trkpt lat="24.881230965256691" lon="121.535414010286331">
        <ele>162</ele>
        <time>2025-05-30T07:14:53Z</time>
      </trkpt>
      <trkpt lat="24.881258960813284" lon="121.535462038591504">
        <ele>161</ele>
        <time>2025-05-30T07:14:57Z</time>
      </trkpt>
      <trkpt lat="24.88129198551178" lon="121.535507971420884">
        <ele>162</ele>
        <time>2025-05-30T07:15:01Z</time>
      </trkpt>
      <trkpt lat="24.881316963583231" lon="121.535536972805858">
        <ele>161</ele>
        <time>2025-05-30T07:15:05Z</time>
      </trkpt>
      <trkpt lat="24.881339007988572" lon="121.535560023039579">
        <ele>159</ele>
        <time>2025-05-30T07:15:09Z</time>
      </trkpt>
      <trkpt lat="24.881363986060023" lon="121.535585001111031">
        <ele>159</ele>
        <time>2025-05-30T07:15:13Z</time>
      </trkpt>
      <trkpt lat="24.881381001323462" lon="121.535602016374469">
        <ele>158</ele>
        <time>2025-05-30T07:15:17Z</time>
      </trkpt>
      <trkpt lat="24.8813980165869" lon="121.535618025809526">
        <ele>157</ele>
        <time>2025-05-30T07:15:21Z</time>
      </trkpt>
      <trkpt lat="24.881417965516448" lon="121.535635963082314">
        <ele>156</ele>
        <time>2025-05-30T07:15:25Z</time>
      </trkpt>
      <trkpt lat="24.881434980779886" lon="121.53564996086061">
        <ele>155</ele>
        <time>2025-05-30T07:15:29Z</time>
      </trkpt>
      <trkpt lat="24.881456019356847" lon="121.535666976124048">
        <ele>152</ele>
        <time>2025-05-30T07:15:33Z</time>
      </trkpt>
      <trkpt lat="24.881482003256679" lon="121.535680973902345">
        <ele>152</ele>
        <time>2025-05-30T07:15:37Z</time>
      </trkpt>
      <trkpt lat="24.881499018520117" lon="121.535692038014531">
        <ele>152</ele>
        <time>2025-05-30T07:15:41Z</time>
      </trkpt>
      <trkpt lat="24.881505975499749" lon="121.535698994994164">
        <ele>151</ele>
        <time>2025-05-30T07:15:44Z</time>
      </trkpt>
      <trkpt lat="24.881518967449665" lon="121.535696983337402">
        <ele>149</ele>
        <time>2025-05-30T07:15:50Z</time>
      </trkpt>
      <trkpt lat="24.881532965227962" lon="121.535684997215867">
        <ele>147</ele>
        <time>2025-05-30T07:15:57Z</time>
      </trkpt>
      <trkpt lat="24.881541011855006" lon="121.535668987780809">
        <ele>146</ele>
        <time>2025-05-30T07:16:01Z</time>
      </trkpt>
      <trkpt lat="24.881544029340148" lon="121.535659013316035">
        <ele>146</ele>
        <time>2025-05-30T07:16:05Z</time>
      </trkpt>
      <trkpt lat="24.8815499804914" lon="121.535638980567455">
        <ele>145</ele>
        <time>2025-05-30T07:16:09Z</time>
      </trkpt>
      <trkpt lat="24.881552997976542" lon="121.535629006102681">
        <ele>143</ele>
        <time>2025-05-30T07:16:13Z</time>
      </trkpt>
      <trkpt lat="24.881556015461683" lon="121.535614002496004">
        <ele>143</ele>
        <time>2025-05-30T07:16:17Z</time>
      </trkpt>
      <trkpt lat="24.881560960784554" lon="121.535592963919044">
        <ele>143</ele>
        <time>2025-05-30T07:16:21Z</time>
      </trkpt>
      <trkpt lat="24.881561966612935" lon="121.535564968362451">
        <ele>142</ele>
        <time>2025-05-30T07:16:25Z</time>
      </trkpt>
      <trkpt lat="24.88157001323998" lon="121.53554099611938">
        <ele>141</ele>
        <time>2025-05-30T07:16:29Z</time>
      </trkpt>
      <trkpt lat="24.881583005189896" lon="121.535514006391168">
        <ele>140</ele>
        <time>2025-05-30T07:16:33Z</time>
      </trkpt>
      <trkpt lat="24.881597002968192" lon="121.535501014441252">
        <ele>139</ele>
        <time>2025-05-30T07:16:36Z</time>
      </trkpt>
      <trkpt lat="24.881618041545153" lon="121.535504031926394">
        <ele>138</ele>
        <time>2025-05-30T07:16:40Z</time>
      </trkpt>
      <trkpt lat="24.881645031273365" lon="121.535520041361451">
        <ele>138</ele>
        <time>2025-05-30T07:16:44Z</time>
      </trkpt>
      <trkpt lat="24.881661962717772" lon="121.535534039139748">
        <ele>137</ele>
        <time>2025-05-30T07:16:48Z</time>
      </trkpt>
      <trkpt lat="24.881676966324449" lon="121.535547031089664">
        <ele>136</ele>
        <time>2025-05-30T07:16:52Z</time>
      </trkpt>
      <trkpt lat="24.88169901072979" lon="121.535558011382818">
        <ele>135</ele>
        <time>2025-05-30T07:16:56Z</time>
      </trkpt>
      <trkpt lat="24.881718959659338" lon="121.535579971969128">
        <ele>134</ele>
        <time>2025-05-30T07:17:00Z</time>
      </trkpt>
      <trkpt lat="24.881738992407918" lon="121.535594975575805">
        <ele>133</ele>
        <time>2025-05-30T07:17:04Z</time>
      </trkpt>
      <trkpt lat="24.881755001842976" lon="121.535610985010862">
        <ele>131</ele>
        <time>2025-05-30T07:17:08Z</time>
      </trkpt>
      <trkpt lat="24.881772017106414" lon="121.535635963082314">
        <ele>130</ele>
        <time>2025-05-30T07:17:12Z</time>
      </trkpt>
      <trkpt lat="24.881787020713091" lon="121.535659013316035">
        <ele>129</ele>
        <time>2025-05-30T07:17:16Z</time>
      </trkpt>
      <trkpt lat="24.881804035976529" lon="121.535686003044248">
        <ele>128</ele>
        <time>2025-05-30T07:17:20Z</time>
      </trkpt>
      <trkpt lat="24.881823984906077" lon="121.535710981115699">
        <ele>127</ele>
        <time>2025-05-30T07:17:24Z</time>
      </trkpt>
      <trkpt lat="24.88185198046267" lon="121.535730008035898">
        <ele>126</ele>
        <time>2025-05-30T07:17:28Z</time>
      </trkpt>
      <trkpt lat="24.881862038746476" lon="121.53573302552104">
        <ele>126</ele>
        <time>2025-05-30T07:17:32Z</time>
      </trkpt>
      <trkpt lat="24.88187100738287" lon="121.535742999985814">
        <ele>124</ele>
        <time>2025-05-30T07:17:36Z</time>
      </trkpt>
      <trkpt lat="24.881879976019263" lon="121.535740988329053">
        <ele>122</ele>
        <time>2025-05-30T07:17:46Z</time>
      </trkpt>
      <trkpt lat="24.881905037909746" lon="121.535735037177801">
        <ele>122</ele>
        <time>2025-05-30T07:17:50Z</time>
      </trkpt>
      <trkpt lat="24.881920963525772" lon="121.535727996379137">
        <ele>122</ele>
        <time>2025-05-30T07:17:53Z</time>
      </trkpt>
      <trkpt lat="24.881934961304069" lon="121.535721039399505">
        <ele>122</ele>
        <time>2025-05-30T07:17:56Z</time>
      </trkpt>
      <trkpt lat="24.881948959082365" lon="121.535715004429221">
        <ele>121</ele>
        <time>2025-05-30T07:17:59Z</time>
      </trkpt>
      <trkpt lat="24.881960023194551" lon="121.535708969458938">
        <ele>120</ele>
        <time>2025-05-30T07:18:03Z</time>
      </trkpt>
      <trkpt lat="24.881976032629609" lon="121.535691032186151">
        <ele>119</ele>
        <time>2025-05-30T07:18:07Z</time>
      </trkpt>
      <trkpt lat="24.881992964074016" lon="121.535683991387486">
        <ele>118</ele>
        <time>2025-05-30T07:18:11Z</time>
      </trkpt>
      <trkpt lat="24.882014002650976" lon="121.535675022751093">
        <ele>117</ele>
        <time>2025-05-30T07:18:15Z</time>
      </trkpt>
      <trkpt lat="24.882025988772511" lon="121.535670999437571">
        <ele>116</ele>
        <time>2025-05-30T07:18:19Z</time>
      </trkpt>
      <trkpt lat="24.882024982944131" lon="121.535691032186151">
        <ele>115</ele>
        <time>2025-05-30T07:18:23Z</time>
      </trkpt>
      <trkpt lat="24.882035041227937" lon="121.535716010257602">
        <ele>114</ele>
        <time>2025-05-30T07:18:27Z</time>
      </trkpt>
      <trkpt lat="24.882052978500724" lon="121.53573302552104">
        <ele>114</ele>
        <time>2025-05-30T07:18:31Z</time>
      </trkpt>
      <trkpt lat="24.882053984329104" lon="121.535744005814195">
        <ele>116</ele>
        <time>2025-05-30T07:18:36Z</time>
      </trkpt>
      <trkpt lat="24.882078962400556" lon="121.535765966400504">
        <ele>114</ele>
        <time>2025-05-30T07:18:39Z</time>
      </trkpt>
      <trkpt lat="24.882101006805897" lon="121.535778036341071">
        <ele>113</ele>
        <time>2025-05-30T07:18:43Z</time>
      </trkpt>
      <trkpt lat="24.8821060359478" lon="121.535820029675961">
        <ele>113</ele>
        <time>2025-05-30T07:18:47Z</time>
      </trkpt>
      <trkpt lat="24.882117016240954" lon="121.535836039111018">
        <ele>114</ele>
        <time>2025-05-30T07:18:51Z</time>
      </trkpt>
      <trkpt lat="24.882112992927432" lon="121.535848025232553">
        <ele>116</ele>
        <time>2025-05-30T07:18:55Z</time>
      </trkpt>
      <trkpt lat="24.882092960178852" lon="121.535879038274288">
        <ele>115</ele>
        <time>2025-05-30T07:18:59Z</time>
      </trkpt>
      <trkpt lat="24.882095977663994" lon="121.535933017730713">
        <ele>114</ele>
        <time>2025-05-30T07:19:03Z</time>
      </trkpt>
      <trkpt lat="24.882096983492374" lon="121.535959001630545">
        <ele>114</ele>
        <time>2025-05-30T07:19:07Z</time>
      </trkpt>
      <trkpt lat="24.882095977663994" lon="121.536008035764098">
        <ele>114</ele>
        <time>2025-05-30T07:19:11Z</time>
      </trkpt>
      <trkpt lat="24.882095977663994" lon="121.53605698607862">
        <ele>114</ele>
        <time>2025-05-30T07:19:15Z</time>
      </trkpt>
      <trkpt lat="24.882084997370839" lon="121.536095039919019">
        <ele>114</ele>
        <time>2025-05-30T07:19:19Z</time>
      </trkpt>
      <trkpt lat="24.882079968228936" lon="121.536121023818851">
        <ele>112</ele>
        <time>2025-05-30T07:19:23Z</time>
      </trkpt>
      <trkpt lat="24.882097989320755" lon="121.536180032417178">
        <ele>114</ele>
        <time>2025-05-30T07:19:27Z</time>
      </trkpt>
      <trkpt lat="24.882092038169503" lon="121.536207022145391">
        <ele>114</ele>
        <time>2025-05-30T07:19:30Z</time>
      </trkpt>
      <trkpt lat="24.882092038169503" lon="121.536253038793802">
        <ele>114</ele>
        <time>2025-05-30T07:19:34Z</time>
      </trkpt>
      <trkpt lat="24.88208600319922" lon="121.536291008815169">
        <ele>113</ele>
        <time>2025-05-30T07:19:38Z</time>
      </trkpt>
      <trkpt lat="24.882078040391207" lon="121.536311963573098">
        <ele>113</ele>
        <time>2025-05-30T07:19:42Z</time>
      </trkpt>
      <trkpt lat="24.882079968228936" lon="121.536358986049891">
        <ele>113</ele>
        <time>2025-05-30T07:19:46Z</time>
      </trkpt>
      <trkpt lat="24.882079968228936" lon="121.536393016576767">
        <ele>112</ele>
        <time>2025-05-30T07:19:51Z</time>
      </trkpt>
      <trkpt lat="24.882075022906065" lon="121.536423023790121">
        <ele>112</ele>
        <time>2025-05-30T07:19:55Z</time>
      </trkpt>
      <trkpt lat="24.882078040391207" lon="121.536445990204811">
        <ele>113</ele>
        <time>2025-05-30T07:19:58Z</time>
      </trkpt>
      <trkpt lat="24.882088014855981" lon="121.536473985761404">
        <ele>113</ele>
        <time>2025-05-30T07:20:01Z</time>
      </trkpt>
      <trkpt lat="24.882092960178852" lon="121.536503992974758">
        <ele>113</ele>
        <time>2025-05-30T07:20:04Z</time>
      </trkpt>
      <trkpt lat="24.882102012634277" lon="121.536535006016493">
        <ele>114</ele>
        <time>2025-05-30T07:20:08Z</time>
      </trkpt>
      <trkpt lat="24.882144005969167" lon="121.536542968824506">
        <ele>114</ele>
        <time>2025-05-30T07:20:12Z</time>
      </trkpt>
      <trkpt lat="24.882184993475676" lon="121.536558978259563">
        <ele>115</ele>
        <time>2025-05-30T07:20:16Z</time>
      </trkpt>
      <trkpt lat="24.882217012345791" lon="121.53659401461482">
        <ele>116</ele>
        <time>2025-05-30T07:20:20Z</time>
      </trkpt>
      <trkpt lat="24.882240984588861" lon="121.536625027656555">
        <ele>115</ele>
        <time>2025-05-30T07:20:24Z</time>
      </trkpt>
      <trkpt lat="24.882265040650964" lon="121.536654029041529">
        <ele>114</ele>
        <time>2025-05-30T07:20:28Z</time>
      </trkpt>
      <trkpt lat="24.882293036207557" lon="121.536685964092612">
        <ele>115</ele>
        <time>2025-05-30T07:20:32Z</time>
      </trkpt>
      <trkpt lat="24.882318014279008" lon="121.536711025983095">
        <ele>115</ele>
        <time>2025-05-30T07:20:36Z</time>
      </trkpt>
      <trkpt lat="24.882337041199207" lon="121.536737009882927">
        <ele>115</ele>
        <time>2025-05-30T07:20:40Z</time>
      </trkpt>
      <trkpt lat="24.882369982078671" lon="121.536771962419152">
        <ele>114</ele>
        <time>2025-05-30T07:20:43Z</time>
      </trkpt>
      <trkpt lat="24.88240703009069" lon="121.53680901043117">
        <ele>114</ele>
        <time>2025-05-30T07:20:47Z</time>
      </trkpt>
      <trkpt lat="24.882436031475663" lon="121.536839017644525">
        <ele>114</ele>
        <time>2025-05-30T07:20:51Z</time>
      </trkpt>
      <trkpt lat="24.882454974576831" lon="121.536857038736343">
        <ele>114</ele>
        <time>2025-05-30T07:20:55Z</time>
      </trkpt>
      <trkpt lat="24.88247299566865" lon="121.53687497600913">
        <ele>114</ele>
        <time>2025-05-30T07:20:59Z</time>
      </trkpt>
      <trkpt lat="24.882498979568481" lon="121.536899032071233">
        <ele>115</ele>
        <time>2025-05-30T07:21:03Z</time>
      </trkpt>
      <trkpt lat="24.882529992610216" lon="121.536927027627826">
        <ele>114</ele>
        <time>2025-05-30T07:21:07Z</time>
      </trkpt>
      <trkpt lat="24.882567962631583" lon="121.53695996850729">
        <ele>115</ele>
        <time>2025-05-30T07:21:11Z</time>
      </trkpt>
      <trkpt lat="24.88257902674377" lon="121.536969020962715">
        <ele>115</ele>
        <time>2025-05-30T07:21:17Z</time>
      </trkpt>
      <trkpt lat="24.882590007036924" lon="121.536978995427489">
        <ele>116</ele>
        <time>2025-05-30T07:21:22Z</time>
      </trkpt>
      <trkpt lat="24.882613979279995" lon="121.536997016519308">
        <ele>116</ele>
        <time>2025-05-30T07:21:26Z</time>
      </trkpt>
      <trkpt lat="24.882636023685336" lon="121.537017971277237">
        <ele>117</ele>
        <time>2025-05-30T07:21:30Z</time>
      </trkpt>
      <trkpt lat="24.882669970393181" lon="121.5370440389961">
        <ele>116</ele>
        <time>2025-05-30T07:21:34Z</time>
      </trkpt>
      <trkpt lat="24.882707018405199" lon="121.537073962390423">
        <ele>117</ele>
        <time>2025-05-30T07:21:38Z</time>
      </trkpt>
      <trkpt lat="24.882748005911708" lon="121.537102963775396">
        <ele>117</ele>
        <time>2025-05-30T07:21:42Z</time>
      </trkpt>
      <trkpt lat="24.882778013125062" lon="121.537125008180737">
        <ele>118</ele>
        <time>2025-05-30T07:21:46Z</time>
      </trkpt>
      <trkpt lat="24.882802991196513" lon="121.537145040929317">
        <ele>118</ele>
        <time>2025-05-30T07:21:50Z</time>
      </trkpt>
      <trkpt lat="24.882839033380151" lon="121.537168007344007">
        <ele>116</ele>
        <time>2025-05-30T07:21:54Z</time>
      </trkpt>
      <trkpt lat="24.882872980087996" lon="121.537191979587078">
        <ele>116</ele>
        <time>2025-05-30T07:21:58Z</time>
      </trkpt>
      <trkpt lat="24.882896030321717" lon="121.53721603564918">
        <ele>114</ele>
        <time>2025-05-30T07:22:01Z</time>
      </trkpt>
      <trkpt lat="24.88292695954442" lon="121.537227015942335">
        <ele>115</ele>
        <time>2025-05-30T07:22:04Z</time>
      </trkpt>
      <trkpt lat="24.882951015606523" lon="121.537245959043503">
        <ele>114</ele>
        <time>2025-05-30T07:22:07Z</time>
      </trkpt>
      <trkpt lat="24.882979011163116" lon="121.537250988185406">
        <ele>114</ele>
        <time>2025-05-30T07:22:10Z</time>
      </trkpt>
      <trkpt lat="24.882987979799509" lon="121.537264985963702">
        <ele>114</ele>
        <time>2025-05-30T07:22:14Z</time>
      </trkpt>
      <trkpt lat="24.882998038083315" lon="121.537273032590747">
        <ele>116</ele>
        <time>2025-05-30T07:22:18Z</time>
      </trkpt>
      <trkpt lat="24.883017987012863" lon="121.537286024540663">
        <ele>116</ele>
        <time>2025-05-30T07:22:22Z</time>
      </trkpt>
      <trkpt lat="24.883044976741076" lon="121.537294993177056">
        <ele>117</ele>
        <time>2025-05-30T07:22:26Z</time>
      </trkpt>
      <trkpt lat="24.88307598978281" lon="121.537314020097256">
        <ele>117</ele>
        <time>2025-05-30T07:22:30Z</time>
      </trkpt>
      <trkpt lat="24.883102979511023" lon="121.537332963198423">
        <ele>116</ele>
        <time>2025-05-30T07:22:34Z</time>
      </trkpt>
      <trkpt lat="24.883128963410854" lon="121.537352995947003">
        <ele>117</ele>
        <time>2025-05-30T07:22:38Z</time>
      </trkpt>
      <trkpt lat="24.883154025301337" lon="121.5373669937253">
        <ele>115</ele>
        <time>2025-05-30T07:22:42Z</time>
      </trkpt>
      <trkpt lat="24.883179003372788" lon="121.537398006767035">
        <ele>115</ele>
        <time>2025-05-30T07:22:46Z</time>
      </trkpt>
      <trkpt lat="24.883205993101001" lon="121.537426002323627">
        <ele>115</ele>
        <time>2025-05-30T07:22:49Z</time>
      </trkpt>
      <trkpt lat="24.883228959515691" lon="121.537458021193743">
        <ele>114</ele>
        <time>2025-05-30T07:22:53Z</time>
      </trkpt>
      <trkpt lat="24.883257038891315" lon="121.53749699704349">
        <ele>115</ele>
        <time>2025-05-30T07:22:57Z</time>
      </trkpt>
      <trkpt lat="24.883286040276289" lon="121.537521975114942">
        <ele>114</ele>
        <time>2025-05-30T07:23:01Z</time>
      </trkpt>
      <trkpt lat="24.883321998640895" lon="121.537553993985057">
        <ele>113</ele>
        <time>2025-05-30T07:23:05Z</time>
      </trkpt>
      <trkpt lat="24.883352005854249" lon="121.537590036168694">
        <ele>114</ele>
        <time>2025-05-30T07:23:09Z</time>
      </trkpt>
      <trkpt lat="24.88337597809732" lon="121.537608979269862">
        <ele>113</ele>
        <time>2025-05-30T07:23:13Z</time>
      </trkpt>
      <trkpt lat="24.883420988917351" lon="121.53762498870492">
        <ele>113</ele>
        <time>2025-05-30T07:23:17Z</time>
      </trkpt>
      <trkpt lat="24.883459964767098" lon="121.537647033110261">
        <ele>112</ele>
        <time>2025-05-30T07:23:21Z</time>
      </trkpt>
      <trkpt lat="24.883492989465594" lon="121.537677040323615">
        <ele>111</ele>
        <time>2025-05-30T07:23:25Z</time>
      </trkpt>
      <trkpt lat="24.883516039699316" lon="121.537706963717937">
        <ele>110</ele>
        <time>2025-05-30T07:23:29Z</time>
      </trkpt>
      <trkpt lat="24.883543029427528" lon="121.537746023386717">
        <ele>111</ele>
        <time>2025-05-30T07:23:33Z</time>
      </trkpt>
      <trkpt lat="24.883573036640882" lon="121.537798997014761">
        <ele>111</ele>
        <time>2025-05-30T07:23:37Z</time>
      </trkpt>
      <trkpt lat="24.883592985570431" lon="121.537835961207747">
        <ele>111</ele>
        <time>2025-05-30T07:23:41Z</time>
      </trkpt>
      <trkpt lat="24.88361201249063" lon="121.537875020876527">
        <ele>110</ele>
        <time>2025-05-30T07:23:45Z</time>
      </trkpt>
      <trkpt lat="24.883632967248559" lon="121.537919025868177">
        <ele>111</ele>
        <time>2025-05-30T07:23:49Z</time>
      </trkpt>
      <trkpt lat="24.883648976683617" lon="121.537954984232783">
        <ele>112</ele>
        <time>2025-05-30T07:23:53Z</time>
      </trkpt>
      <trkpt lat="24.883660040795803" lon="121.537979040294886">
        <ele>112</ele>
        <time>2025-05-30T07:23:57Z</time>
      </trkpt>
      <trkpt lat="24.883680995553732" lon="121.538022961467505">
        <ele>113</ele>
        <time>2025-05-30T07:24:02Z</time>
      </trkpt>
      <trkpt lat="24.883694993332028" lon="121.538051962852478">
        <ele>113</ele>
        <time>2025-05-30T07:24:05Z</time>
      </trkpt>
      <trkpt lat="24.883714020252228" lon="121.538082975894213">
        <ele>112</ele>
        <time>2025-05-30T07:24:08Z</time>
      </trkpt>
      <trkpt lat="24.883725000545382" lon="121.538109965622425">
        <ele>112</ele>
        <time>2025-05-30T07:24:11Z</time>
      </trkpt>
      <trkpt lat="24.883744027465582" lon="121.538147013634443">
        <ele>112</ele>
        <time>2025-05-30T07:24:15Z</time>
      </trkpt>
      <trkpt lat="24.88376297056675" lon="121.53818498365581">
        <ele>113</ele>
        <time>2025-05-30T07:24:19Z</time>
      </trkpt>
      <trkpt lat="24.883780991658568" lon="121.538222031667829">
        <ele>115</ele>
        <time>2025-05-30T07:24:23Z</time>
      </trkpt>
      <trkpt lat="24.883804963901639" lon="121.538266958668828">
        <ele>115</ele>
        <time>2025-05-30T07:24:27Z</time>
      </trkpt>
      <trkpt lat="24.883832037448883" lon="121.538301995024085">
        <ele>114</ele>
        <time>2025-05-30T07:24:31Z</time>
      </trkpt>
      <trkpt lat="24.883853998035192" lon="121.538347005844116">
        <ele>113</ele>
        <time>2025-05-30T07:24:35Z</time>
      </trkpt>
      <trkpt lat="24.883874030783772" lon="121.538386987522244">
        <ele>112</ele>
        <time>2025-05-30T07:24:39Z</time>
      </trkpt>
      <trkpt lat="24.883893979713321" lon="121.538434009999037">
        <ele>112</ele>
        <time>2025-05-30T07:24:43Z</time>
      </trkpt>
      <trkpt lat="24.88391200080514" lon="121.538476003333926">
        <ele>113</ele>
        <time>2025-05-30T07:24:47Z</time>
      </trkpt>
      <trkpt lat="24.88393597304821" lon="121.538516990840435">
        <ele>113</ele>
        <time>2025-05-30T07:24:51Z</time>
      </trkpt>
      <trkpt lat="24.883961034938693" lon="121.538557978346944">
        <ele>113</ele>
        <time>2025-05-30T07:24:55Z</time>
      </trkpt>
      <trkpt lat="24.883986013010144" lon="121.538595026358962">
        <ele>112</ele>
        <time>2025-05-30T07:24:59Z</time>
      </trkpt>
      <trkpt lat="24.884014008566737" lon="121.538631990551949">
        <ele>113</ele>
        <time>2025-05-30T07:25:03Z</time>
      </trkpt>
      <trkpt lat="24.884031023830175" lon="121.53865403495729">
        <ele>113</ele>
        <time>2025-05-30T07:25:07Z</time>
      </trkpt>
      <trkpt lat="24.884052984416485" lon="121.53867800720036">
        <ele>112</ele>
        <time>2025-05-30T07:25:11Z</time>
      </trkpt>
      <trkpt lat="24.88406203687191" lon="121.538686975836754">
        <ele>112</ele>
        <time>2025-05-30T07:25:15Z</time>
      </trkpt>
      <trkpt lat="24.884071005508304" lon="121.538695022463799">
        <ele>110</ele>
        <time>2025-05-30T07:25:22Z</time>
      </trkpt>
      <trkpt lat="24.884078968316317" lon="121.538703991100192">
        <ele>109</ele>
        <time>2025-05-30T07:25:31Z</time>
      </trkpt>
      <trkpt lat="24.884090032428503" lon="121.538714971393347">
        <ele>109</ele>
        <time>2025-05-30T07:25:35Z</time>
      </trkpt>
      <trkpt lat="24.884119033813477" lon="121.53874296694994">
        <ele>107</ele>
        <time>2025-05-30T07:25:39Z</time>
      </trkpt>
      <trkpt lat="24.884144011884928" lon="121.538765011355281">
        <ele>105</ele>
        <time>2025-05-30T07:25:43Z</time>
      </trkpt>
      <trkpt lat="24.884164966642857" lon="121.5387830324471">
        <ele>104</ele>
        <time>2025-05-30T07:25:47Z</time>
      </trkpt>
      <trkpt lat="24.88419002853334" lon="121.53880599886179">
        <ele>103</ele>
        <time>2025-05-30T07:25:51Z</time>
      </trkpt>
      <trkpt lat="24.884208971634507" lon="121.538823014125228">
        <ele>101</ele>
        <time>2025-05-30T07:25:55Z</time>
      </trkpt>
      <trkpt lat="24.884223975241184" lon="121.538837011903524">
        <ele>98</ele>
        <time>2025-05-30T07:25:59Z</time>
      </trkpt>
      <trkpt lat="24.884243002161384" lon="121.538855032995343">
        <ele>97</ele>
        <time>2025-05-30T07:26:03Z</time>
      </trkpt>
      <trkpt lat="24.884249959141016" lon="121.538860984146595">
        <ele>96</ele>
        <time>2025-05-30T07:26:09Z</time>
      </trkpt>
      <trkpt lat="24.88427996635437" lon="121.538873976096511">
        <ele>96</ele>
        <time>2025-05-30T07:26:13Z</time>
      </trkpt>
      <trkpt lat="24.884288012981415" lon="121.538882022723556">
        <ele>98</ele>
        <time>2025-05-30T07:26:19Z</time>
      </trkpt>
      <trkpt lat="24.884302010759711" lon="121.538894008845091">
        <ele>98</ele>
        <time>2025-05-30T07:26:23Z</time>
      </trkpt>
      <trkpt lat="24.884317014366388" lon="121.538882022723556">
        <ele>99</ele>
        <time>2025-05-30T07:26:34Z</time>
      </trkpt>
      <trkpt lat="24.884360013529658" lon="121.538827959448099">
        <ele>100</ele>
        <time>2025-05-30T07:26:38Z</time>
      </trkpt>
      <trkpt lat="24.88442899659276" lon="121.538744978606701">
        <ele>98</ele>
        <time>2025-05-30T07:26:42Z</time>
      </trkpt>
      <trkpt lat="24.884461015462875" lon="121.53869803994894">
        <ele>99</ele>
        <time>2025-05-30T07:26:46Z</time>
      </trkpt>
      <trkpt lat="24.884485993534327" lon="121.5386569686234">
        <ele>99</ele>
        <time>2025-05-30T07:26:50Z</time>
      </trkpt>
      <trkpt lat="24.884512983262539" lon="121.538601983338594">
        <ele>100</ele>
        <time>2025-05-30T07:26:54Z</time>
      </trkpt>
      <trkpt lat="24.884549025446177" lon="121.538568958640099">
        <ele>100</ele>
        <time>2025-05-30T07:26:58Z</time>
      </trkpt>
      <trkpt lat="24.88455799408257" lon="121.538557978346944">
        <ele>103</ele>
        <time>2025-05-30T07:27:02Z</time>
      </trkpt>
      <trkpt lat="24.884548019617796" lon="121.53857197612524">
        <ele>102</ele>
        <time>2025-05-30T07:27:08Z</time>
      </trkpt>
      <trkpt lat="24.884541984647512" lon="121.538583040237427">
        <ele>99</ele>
        <time>2025-05-30T07:27:24Z</time>
      </trkpt>
      <trkpt lat="24.884547013789415" lon="121.53857197612524">
        <ele>99</ele>
        <time>2025-05-30T07:27:33Z</time>
      </trkpt>
      <trkpt lat="24.884552964940667" lon="121.538559990003705">
        <ele>100</ele>
        <time>2025-05-30T07:27:37Z</time>
      </trkpt>
      <trkpt lat="24.884548019617796" lon="121.53857097029686">
        <ele>102</ele>
        <time>2025-05-30T07:27:56Z</time>
      </trkpt>
      <trkpt lat="24.884543996304274" lon="121.538580022752285">
        <ele>100</ele>
        <time>2025-05-30T07:28:02Z</time>
      </trkpt>
      <trkpt lat="24.884550031274557" lon="121.538565019145608">
        <ele>100</ele>
        <time>2025-05-30T07:28:06Z</time>
      </trkpt>
      <trkpt lat="24.884526981040835" lon="121.538603994995356">
        <ele>100</ele>
        <time>2025-05-30T07:28:10Z</time>
      </trkpt>
      <trkpt lat="24.884485993534327" lon="121.538636013865471">
        <ele>101</ele>
        <time>2025-05-30T07:28:14Z</time>
      </trkpt>
      <trkpt lat="24.884451040998101" lon="121.538698961958289">
        <ele>100</ele>
        <time>2025-05-30T07:28:18Z</time>
      </trkpt>
      <trkpt lat="24.884426984935999" lon="121.538755036890507">
        <ele>99</ele>
        <time>2025-05-30T07:28:22Z</time>
      </trkpt>
      <trkpt lat="24.884396977722645" lon="121.538800969719887">
        <ele>99</ele>
        <time>2025-05-30T07:28:26Z</time>
      </trkpt>
      <trkpt lat="24.884367976337671" lon="121.53884899802506">
        <ele>99</ele>
        <time>2025-05-30T07:28:30Z</time>
      </trkpt>
      <trkpt lat="24.884361019358039" lon="121.538876993581653">
        <ele>99</ele>
        <time>2025-05-30T07:28:34Z</time>
      </trkpt>
      <trkpt lat="24.884350961074233" lon="121.538873976096511">
        <ele>101</ele>
        <time>2025-05-30T07:28:38Z</time>
      </trkpt>
      <trkpt lat="24.884345009922981" lon="121.538882022723556">
        <ele>100</ele>
        <time>2025-05-30T07:28:45Z</time>
      </trkpt>
      <trkpt lat="24.884345009922981" lon="121.53889199718833">
        <ele>102</ele>
        <time>2025-05-30T07:28:51Z</time>
      </trkpt>
      <trkpt lat="24.884354984387755" lon="121.538897026330233">
        <ele>101</ele>
        <time>2025-05-30T07:28:59Z</time>
      </trkpt>
    </trkseg>
  </trk>
</gpx>
