<?xml version="1.0"?>
<gpx xmlns="http://www.topografix.com/GPX/1/1" xmlns:xsi="http://www.w3.org/2001/XMLSchema-instance" xmlns:wptx1="http://www.garmin.com/xmlschemas/WaypointExtension/v1" xmlns:gpxtrx="http://www.garmin.com/xmlschemas/GpxExtensions/v3" xmlns:gpxtpx="http://www.garmin.com/xmlschemas/TrackPointExtension/v1" xmlns:gpxx="http://www.garmin.com/xmlschemas/GpxExtensions/v3" xmlns:trp="http://www.garmin.com/xmlschemas/TripExtensions/v1" xmlns:adv="http://www.garmin.com/xmlschemas/AdventuresExtensions/v1" xmlns:prs="http://www.garmin.com/xmlschemas/PressureExtension/v1" xmlns:tmd="http://www.garmin.com/xmlschemas/TripMetaDataExtensions/v1" xmlns:vptm="http://www.garmin.com/xmlschemas/ViaPointTransportationModeExtensions/v1" xmlns:ctx="http://www.garmin.com/xmlschemas/CreationTimeExtension/v1" xmlns:gpxacc="http://www.garmin.com/xmlschemas/AccelerationExtension/v1" xmlns:gpxpx="http://www.garmin.com/xmlschemas/PowerExtension/v1" xmlns:vidx1="http://www.garmin.com/xmlschemas/VideoExtension/v1" creator="Garmin Desktop App" version="1.1" xsi:schemaLocation="http://www.topografix.com/GPX/1/1 http://www.topografix.com/GPX/1/1/gpx.xsd http://www.garmin.com/xmlschemas/WaypointExtension/v1 http://www8.garmin.com/xmlschemas/WaypointExtensionv1.xsd http://www.garmin.com/xmlschemas/TrackPointExtension/v1 http://www.garmin.com/xmlschemas/TrackPointExtensionv1.xsd http://www.garmin.com/xmlschemas/GpxExtensions/v3 http://www8.garmin.com/xmlschemas/GpxExtensionsv3.xsd http://www.garmin.com/xmlschemas/ActivityExtension/v1 http://www8.garmin.com/xmlschemas/ActivityExtensionv1.xsd http://www.garmin.com/xmlschemas/AdventuresExtensions/v1 http://www8.garmin.com/xmlschemas/AdventuresExtensionv1.xsd http://www.garmin.com/xmlschemas/PressureExtension/v1 http://www.garmin.com/xmlschemas/PressureExtensionv1.xsd http://www.garmin.com/xmlschemas/TripExtensions/v1 http://www.garmin.com/xmlschemas/TripExtensionsv1.xsd http://www.garmin.com/xmlschemas/TripMetaDataExtensions/v1 http://www.garmin.com/xmlschemas/TripMetaDataExtensionsv1.xsd http://www.garmin.com/xmlschemas/ViaPointTransportationModeExtensions/v1 http://www.garmin.com/xmlschemas/ViaPointTransportationModeExtensionsv1.xsd http://www.garmin.com/xmlschemas/CreationTimeExtension/v1 http://www.garmin.com/xmlschemas/CreationTimeExtensionsv1.xsd http://www.garmin.com/xmlschemas/AccelerationExtension/v1 http://www.garmin.com/xmlschemas/AccelerationExtensionv1.xsd http://www.garmin.com/xmlschemas/PowerExtension/v1 http://www.garmin.com/xmlschemas/PowerExtensionv1.xsd http://www.garmin.com/xmlschemas/VideoExtension/v1 http://www.garmin.com/xmlschemas/VideoExtensionv1.xsd">
  <metadata>
    <link href="http://www.garmin.com">
      <text>Garmin International</text>
    </link>
    <time>2026-09-20T17:18:43Z</time>
    <bounds maxlat="25.152057968080044" maxlon="121.608944004401565" minlat="25.147331999614835" minlon="121.602148292586207"/>
  </metadata>
  <wpt lat="25.1515559758991" lon="121.603045994415879">
    <ele>399.5</ele>
    <time>2026-09-20T03:01:30Z</time>
    <name>10米支流瀑275°</name>
    <sym>Flag, Blue</sym>
    <type>user</type>
    <extensions>
      <gpxx:WaypointExtension>
        <gpxx:DisplayMode>SymbolAndName</gpxx:DisplayMode>
      </gpxx:WaypointExtension>
      <wptx1:WaypointExtension>
        <wptx1:DisplayMode>SymbolAndName</wptx1:DisplayMode>
      </wptx1:WaypointExtension>
      <ctx:CreationTimeExtension>
        <ctx:CreationTime>2026-09-20T03:01:30Z</ctx:CreationTime>
      </ctx:CreationTimeExtension>
    </extensions>
  </wpt>
  <wpt lat="25.151736019179225" lon="121.602954966947436">
    <ele>415.600000000000023</ele>
    <time>2026-09-20T04:33:19Z</time>
    <name>10米支流瀑（練習垂降）</name>
    <sym>Flag, Blue</sym>
    <type>user</type>
    <extensions>
      <gpxx:WaypointExtension>
        <gpxx:DisplayMode>SymbolAndName</gpxx:DisplayMode>
      </gpxx:WaypointExtension>
      <wptx1:WaypointExtension>
        <wptx1:DisplayMode>SymbolAndName</wptx1:DisplayMode>
      </wptx1:WaypointExtension>
      <ctx:CreationTimeExtension>
        <ctx:CreationTime>2026-09-20T04:33:19Z</ctx:CreationTime>
      </ctx:CreationTimeExtension>
    </extensions>
  </wpt>
  <wpt lat="25.149032017216086" lon="121.607249015942216">
    <ele>337.899999999999977</ele>
    <time>2026-09-20T02:16:30Z</time>
    <name>2M潭瀑</name>
    <sym>Flag, Blue</sym>
    <type>user</type>
    <extensions>
      <gpxx:WaypointExtension>
        <gpxx:DisplayMode>SymbolAndName</gpxx:DisplayMode>
      </gpxx:WaypointExtension>
      <wptx1:WaypointExtension>
        <wptx1:DisplayMode>SymbolAndName</wptx1:DisplayMode>
      </wptx1:WaypointExtension>
      <ctx:CreationTimeExtension>
        <ctx:CreationTime>2026-09-20T02:16:30Z</ctx:CreationTime>
      </ctx:CreationTimeExtension>
    </extensions>
  </wpt>
  <wpt lat="25.151141239330173" lon="121.602148292586207">
    <ele>431</ele>
    <time>2026-09-20T13:45:29Z</time>
    <name>停車點（可停兩台汽車）</name>
    <sym>Flag, Blue</sym>
    <type>user</type>
    <extensions>
      <gpxx:WaypointExtension>
        <gpxx:DisplayMode>SymbolAndName</gpxx:DisplayMode>
      </gpxx:WaypointExtension>
      <wptx1:WaypointExtension>
        <wptx1:DisplayMode>SymbolAndName</wptx1:DisplayMode>
      </wptx1:WaypointExtension>
      <ctx:CreationTimeExtension>
        <ctx:CreationTime>2026-09-20T13:45:29Z</ctx:CreationTime>
      </ctx:CreationTimeExtension>
    </extensions>
  </wpt>
  <wpt lat="25.150236999616027" lon="121.603317987173796">
    <ele>381.800000000000011</ele>
    <time>2026-09-20T02:51:14Z</time>
    <name>支流</name>
    <sym>Flag, Blue</sym>
    <type>user</type>
    <extensions>
      <gpxx:WaypointExtension>
        <gpxx:DisplayMode>SymbolAndName</gpxx:DisplayMode>
      </gpxx:WaypointExtension>
      <wptx1:WaypointExtension>
        <wptx1:DisplayMode>SymbolAndName</wptx1:DisplayMode>
      </wptx1:WaypointExtension>
      <ctx:CreationTimeExtension>
        <ctx:CreationTime>2026-09-20T02:51:14Z</ctx:CreationTime>
      </ctx:CreationTimeExtension>
    </extensions>
  </wpt>
  <wpt lat="25.151100670918822" lon="121.603086814284325">
    <ele>395</ele>
    <time>2026-09-20T02:58:28Z</time>
    <name>支流瀑</name>
    <sym>Flag, Blue</sym>
    <type>user</type>
    <extensions>
      <gpxx:WaypointExtension>
        <gpxx:DisplayMode>SymbolAndName</gpxx:DisplayMode>
      </gpxx:WaypointExtension>
      <wptx1:WaypointExtension>
        <wptx1:DisplayMode>SymbolAndName</wptx1:DisplayMode>
      </wptx1:WaypointExtension>
      <ctx:CreationTimeExtension>
        <ctx:CreationTime>2026-09-20T02:58:28Z</ctx:CreationTime>
      </ctx:CreationTimeExtension>
    </extensions>
  </wpt>
  <wpt lat="25.151962582021952" lon="121.602735361084342">
    <ele>411</ele>
    <time>2026-09-20T13:58:18Z</time>
    <name>民宅</name>
    <cmt>

</cmt>    <desc>

</desc>    <sym>Flag, Blue</sym>
    <type>user</type>
    <extensions>
      <gpxx:WaypointExtension>
        <gpxx:DisplayMode>SymbolAndName</gpxx:DisplayMode>
      </gpxx:WaypointExtension>
      <wptx1:WaypointExtension>
        <wptx1:DisplayMode>SymbolAndName</wptx1:DisplayMode>
      </wptx1:WaypointExtension>
      <ctx:CreationTimeExtension>
        <ctx:CreationTime>2026-09-20T13:58:18Z</ctx:CreationTime>
      </ctx:CreationTimeExtension>
    </extensions>
  </wpt>
  <wpt lat="25.147850755602121" lon="121.606783904135227">
    <ele>352</ele>
    <time>2026-09-20T13:46:22Z</time>
    <name>民宅（此路不通）</name>
    <cmt>
</cmt>    <desc>
</desc>    <sym>Flag, Blue</sym>
    <type>user</type>
    <extensions>
      <gpxx:WaypointExtension>
        <gpxx:DisplayMode>SymbolAndName</gpxx:DisplayMode>
      </gpxx:WaypointExtension>
      <wptx1:WaypointExtension>
        <wptx1:DisplayMode>SymbolAndName</wptx1:DisplayMode>
      </wptx1:WaypointExtension>
      <ctx:CreationTimeExtension>
        <ctx:CreationTime>2026-09-20T13:46:22Z</ctx:CreationTime>
      </ctx:CreationTimeExtension>
    </extensions>
  </wpt>
  <wpt lat="25.147331999614835" lon="121.605455037206411">
    <ele>379</ele>
    <time>2026-09-20T13:47:10Z</time>
    <name>沿水圳下切</name>
    <cmt>

</cmt>    <desc>

</desc>    <sym>Flag, Blue</sym>
    <type>user</type>
    <extensions>
      <gpxx:WaypointExtension>
        <gpxx:DisplayMode>SymbolAndName</gpxx:DisplayMode>
      </gpxx:WaypointExtension>
      <wptx1:WaypointExtension>
        <wptx1:DisplayMode>SymbolAndName</wptx1:DisplayMode>
      </wptx1:WaypointExtension>
      <ctx:CreationTimeExtension>
        <ctx:CreationTime>2026-09-20T13:47:10Z</ctx:CreationTime>
      </ctx:CreationTimeExtension>
    </extensions>
  </wpt>
  <wpt lat="25.147838601842523" lon="121.608944004401565">
    <ele>320</ele>
    <time>2026-09-20T13:46:44Z</time>
    <name>溪底二號橋（起溯點）</name>
    <sym>Flag, Blue</sym>
    <type>user</type>
    <extensions>
      <gpxx:WaypointExtension>
        <gpxx:DisplayMode>SymbolAndName</gpxx:DisplayMode>
      </gpxx:WaypointExtension>
      <wptx1:WaypointExtension>
        <wptx1:DisplayMode>SymbolAndName</wptx1:DisplayMode>
      </wptx1:WaypointExtension>
      <ctx:CreationTimeExtension>
        <ctx:CreationTime>2026-09-20T13:46:44Z</ctx:CreationTime>
      </ctx:CreationTimeExtension>
    </extensions>
  </wpt>
  <wpt lat="25.148121993988752" lon="121.608015960082412">
    <ele>333</ele>
    <time>2026-09-20T13:47:50Z</time>
    <name>起溯</name>
    <cmt>
</cmt>    <desc>
</desc>    <sym>Flag, Blue</sym>
    <type>user</type>
    <extensions>
      <gpxx:WaypointExtension>
        <gpxx:DisplayMode>SymbolAndName</gpxx:DisplayMode>
      </gpxx:WaypointExtension>
      <wptx1:WaypointExtension>
        <wptx1:DisplayMode>SymbolAndName</wptx1:DisplayMode>
      </wptx1:WaypointExtension>
      <ctx:CreationTimeExtension>
        <ctx:CreationTime>2026-09-20T13:47:50Z</ctx:CreationTime>
      </ctx:CreationTimeExtension>
    </extensions>
  </wpt>
  <wpt lat="25.151712382212281" lon="121.60273720510304">
    <ele>407.24609375</ele>
    <time>2026-09-20T13:53:51Z</time>
    <name>養鱒場</name>
    <cmt>
</cmt>    <desc>
</desc>    <sym>Flag, Blue</sym>
    <type>user</type>
    <extensions>
      <gpxx:WaypointExtension>
        <gpxx:DisplayMode>SymbolAndName</gpxx:DisplayMode>
      </gpxx:WaypointExtension>
      <wptx1:WaypointExtension>
        <wptx1:DisplayMode>SymbolAndName</wptx1:DisplayMode>
      </wptx1:WaypointExtension>
      <ctx:CreationTimeExtension>
        <ctx:CreationTime>2026-09-20T13:53:51Z</ctx:CreationTime>
      </ctx:CreationTimeExtension>
    </extensions>
  </wpt>
  <trk>
    <name>2026-09-20_09.09.17</name>
    <extensions>
      <gpxx:TrackExtension>
        <gpxx:DisplayColor>Red</gpxx:DisplayColor>
      </gpxx:TrackExtension>
    </extensions>
    <trkseg>
      <trkpt lat="25.151226986199617" lon="121.602153992280364">
        <ele>432.699999999999989</ele>
        <time>2026-09-20T01:09:18Z</time>
      </trkpt>
      <trkpt lat="25.151249030604959" lon="121.602195985615253">
        <ele>434.199999999999989</ele>
        <time>2026-09-20T01:09:21Z</time>
      </trkpt>
      <trkpt lat="25.151277026161551" lon="121.602244013920426">
        <ele>433.199999999999989</ele>
        <time>2026-09-20T01:09:24Z</time>
      </trkpt>
      <trkpt lat="25.151303010061383" lon="121.6022730153054">
        <ele>430.5</ele>
        <time>2026-09-20T01:09:27Z</time>
      </trkpt>
      <trkpt lat="25.151332011446357" lon="121.60231601446867">
        <ele>428.699999999999989</ele>
        <time>2026-09-20T01:09:30Z</time>
      </trkpt>
      <trkpt lat="25.151347015053034" lon="121.602357001975179">
        <ele>426.100000000000023</ele>
        <time>2026-09-20T01:09:33Z</time>
      </trkpt>
      <trkpt lat="25.151374004781246" lon="121.602391032502055">
        <ele>424.800000000000011</ele>
        <time>2026-09-20T01:09:36Z</time>
      </trkpt>
      <trkpt lat="25.151406023651361" lon="121.60244601778686">
        <ele>426.5</ele>
        <time>2026-09-20T01:09:39Z</time>
      </trkpt>
      <trkpt lat="25.151410968974233" lon="121.602435037493706">
        <ele>422.5</ele>
        <time>2026-09-20T01:09:42Z</time>
      </trkpt>
      <trkpt lat="25.151424966752529" lon="121.602448029443622">
        <ele>422.699999999999989</ele>
        <time>2026-09-20T01:09:45Z</time>
      </trkpt>
      <trkpt lat="25.151480035856366" lon="121.602481976151466">
        <ele>421.199999999999989</ele>
        <time>2026-09-20T01:09:48Z</time>
      </trkpt>
      <trkpt lat="25.151528986170888" lon="121.602495973929763">
        <ele>415.699999999999989</ele>
        <time>2026-09-20T01:09:51Z</time>
      </trkpt>
      <trkpt lat="25.151587994769216" lon="121.602508965879679">
        <ele>416.300000000000011</ele>
        <time>2026-09-20T01:09:54Z</time>
      </trkpt>
      <trkpt lat="25.151629988104105" lon="121.602517012506723">
        <ele>416.300000000000011</ele>
        <time>2026-09-20T01:09:57Z</time>
      </trkpt>
      <trkpt lat="25.151672987267375" lon="121.602522041648626">
        <ele>414</ele>
        <time>2026-09-20T01:10:00Z</time>
      </trkpt>
      <trkpt lat="25.151708023622632" lon="121.602524975314736">
        <ele>415.300000000000011</ele>
        <time>2026-09-20T01:10:03Z</time>
      </trkpt>
      <trkpt lat="25.15176703222096" lon="121.602513995021582">
        <ele>416.600000000000023</ele>
        <time>2026-09-20T01:10:06Z</time>
      </trkpt>
      <trkpt lat="25.151815982535481" lon="121.602502008900046">
        <ele>418.800000000000011</ele>
        <time>2026-09-20T01:10:09Z</time>
      </trkpt>
      <trkpt lat="25.151787986978889" lon="121.602517012506723">
        <ele>419.300000000000011</ele>
        <time>2026-09-20T01:10:12Z</time>
      </trkpt>
      <trkpt lat="25.151743981987238" lon="121.602547019720078">
        <ele>418.199999999999989</ele>
        <time>2026-09-20T01:10:15Z</time>
      </trkpt>
      <trkpt lat="25.151712968945503" lon="121.602587001398206">
        <ele>418.699999999999989</ele>
        <time>2026-09-20T01:10:18Z</time>
      </trkpt>
      <trkpt lat="25.151678016409278" lon="121.602608961984515">
        <ele>421.399999999999977</ele>
        <time>2026-09-20T01:10:21Z</time>
      </trkpt>
      <trkpt lat="25.151635017246008" lon="121.602628994733095">
        <ele>420.5</ele>
        <time>2026-09-20T01:10:24Z</time>
      </trkpt>
      <trkpt lat="25.151610961183906" lon="121.602645004168153">
        <ele>423.800000000000011</ele>
        <time>2026-09-20T01:10:27Z</time>
      </trkpt>
      <trkpt lat="25.151567962020636" lon="121.602656990289688">
        <ele>422.800000000000011</ele>
        <time>2026-09-20T01:10:30Z</time>
      </trkpt>
      <trkpt lat="25.151517000049353" lon="121.602678028866649">
        <ele>418</ele>
        <time>2026-09-20T01:10:34Z</time>
      </trkpt>
      <trkpt lat="25.151497973129153" lon="121.6026839800179">
        <ele>413.899999999999977</ele>
        <time>2026-09-20T01:10:38Z</time>
      </trkpt>
      <trkpt lat="25.151471989229321" lon="121.6027030069381">
        <ele>413.699999999999989</ele>
        <time>2026-09-20T01:10:42Z</time>
      </trkpt>
      <trkpt lat="25.151441982015967" lon="121.602714993059635">
        <ele>415.899999999999977</ele>
        <time>2026-09-20T01:10:46Z</time>
      </trkpt>
      <trkpt lat="25.151417003944516" lon="121.602727985009551">
        <ele>416.699999999999989</ele>
        <time>2026-09-20T01:10:50Z</time>
      </trkpt>
      <trkpt lat="25.151405017822981" lon="121.602742988616228">
        <ele>417.699999999999989</ele>
        <time>2026-09-20T01:10:53Z</time>
      </trkpt>
      <trkpt lat="25.151685979217291" lon="121.60274701192975">
        <ele>416.699999999999989</ele>
        <time>2026-09-20T01:11:18Z</time>
      </trkpt>
      <trkpt lat="25.151348020881414" lon="121.602867962792516">
        <ele>421</ele>
        <time>2026-09-20T01:11:41Z</time>
      </trkpt>
      <trkpt lat="25.151309967041016" lon="121.602906016632915">
        <ele>416.199999999999989</ele>
        <time>2026-09-20T01:11:45Z</time>
      </trkpt>
      <trkpt lat="25.151319019496441" lon="121.602856982499361">
        <ele>417.199999999999989</ele>
        <time>2026-09-20T01:11:48Z</time>
      </trkpt>
      <trkpt lat="25.151323964819312" lon="121.602799985557795">
        <ele>414</ele>
        <time>2026-09-20T01:11:56Z</time>
      </trkpt>
      <trkpt lat="25.151326982304454" lon="121.602778024971485">
        <ele>413.399999999999977</ele>
        <time>2026-09-20T01:12:19Z</time>
      </trkpt>
      <trkpt lat="25.151337962597609" lon="121.602775007486343">
        <ele>413</ele>
        <time>2026-09-20T01:12:26Z</time>
      </trkpt>
      <trkpt lat="25.151350032538176" lon="121.602778024971485">
        <ele>413.5</ele>
        <time>2026-09-20T01:12:30Z</time>
      </trkpt>
      <trkpt lat="25.151712968945503" lon="121.602745000272989">
        <ele>416.699999999999989</ele>
        <time>2026-09-20T01:12:45Z</time>
      </trkpt>
      <trkpt lat="25.151762003079057" lon="121.602699989452958">
        <ele>421.100000000000023</ele>
        <time>2026-09-20T01:13:04Z</time>
      </trkpt>
      <trkpt lat="25.15176996588707" lon="121.602693032473326">
        <ele>421.100000000000023</ele>
        <time>2026-09-20T01:13:09Z</time>
      </trkpt>
      <trkpt lat="25.151793016120791" lon="121.602671993896365">
        <ele>423.300000000000011</ele>
        <time>2026-09-20T01:13:20Z</time>
      </trkpt>
      <trkpt lat="25.152057968080044" lon="121.602829992771149">
        <ele>521.399999999999977</ele>
        <time>2026-09-20T01:13:31Z</time>
      </trkpt>
      <trkpt lat="25.151811959221959" lon="121.602585995569825">
        <ele>433</ele>
        <time>2026-09-20T01:13:34Z</time>
      </trkpt>
      <trkpt lat="25.151784969493747" lon="121.602533021941781">
        <ele>423</ele>
        <time>2026-09-20T01:13:37Z</time>
      </trkpt>
      <trkpt lat="25.151792010292411" lon="121.602516006678343">
        <ele>420.600000000000023</ele>
        <time>2026-09-20T01:13:40Z</time>
      </trkpt>
      <trkpt lat="25.151798967272043" lon="121.602490022778511">
        <ele>419.100000000000023</ele>
        <time>2026-09-20T01:13:43Z</time>
      </trkpt>
      <trkpt lat="25.151785975322127" lon="121.602477030828595">
        <ele>417.199999999999989</ele>
        <time>2026-09-20T01:13:46Z</time>
      </trkpt>
      <trkpt lat="25.151735013350844" lon="121.602480970323086">
        <ele>416.300000000000011</ele>
        <time>2026-09-20T01:13:49Z</time>
      </trkpt>
      <trkpt lat="25.151719003915787" lon="121.602478036656976">
        <ele>417.600000000000023</ele>
        <time>2026-09-20T01:13:52Z</time>
      </trkpt>
      <trkpt lat="25.15168396756053" lon="121.602498991414905">
        <ele>418.899999999999977</ele>
        <time>2026-09-20T01:13:55Z</time>
      </trkpt>
      <trkpt lat="25.151644991710782" lon="121.602522041648626">
        <ele>420.399999999999977</ele>
        <time>2026-09-20T01:13:58Z</time>
      </trkpt>
      <trkpt lat="25.151623031124473" lon="121.60253101028502">
        <ele>421.600000000000023</ele>
        <time>2026-09-20T01:14:01Z</time>
      </trkpt>
      <trkpt lat="25.15159897506237" lon="121.602522041648626">
        <ele>423.399999999999977</ele>
        <time>2026-09-20T01:14:04Z</time>
      </trkpt>
      <trkpt lat="25.1515750028193" lon="121.602516006678343">
        <ele>423.199999999999989</ele>
        <time>2026-09-20T01:14:07Z</time>
      </trkpt>
      <trkpt lat="25.151552958413959" lon="121.602522963657975">
        <ele>424.300000000000011</ele>
        <time>2026-09-20T01:14:10Z</time>
      </trkpt>
      <trkpt lat="25.151524040848017" lon="121.602551965042949">
        <ele>427.800000000000011</ele>
        <time>2026-09-20T01:14:13Z</time>
      </trkpt>
      <trkpt lat="25.151504008099437" lon="121.602546013891697">
        <ele>426.600000000000023</ele>
        <time>2026-09-20T01:14:16Z</time>
      </trkpt>
      <trkpt lat="25.15149001032114" lon="121.602518018335104">
        <ele>424.199999999999989</ele>
        <time>2026-09-20T01:14:19Z</time>
      </trkpt>
      <trkpt lat="25.151461008936167" lon="121.602527992799878">
        <ele>427.699999999999989</ele>
        <time>2026-09-20T01:14:22Z</time>
      </trkpt>
      <trkpt lat="25.15148900449276" lon="121.602504020556808">
        <ele>424</ele>
        <time>2026-09-20T01:14:25Z</time>
      </trkpt>
      <trkpt lat="25.151478024199605" lon="121.602466972544789">
        <ele>426.600000000000023</ele>
        <time>2026-09-20T01:14:28Z</time>
      </trkpt>
      <trkpt lat="25.151500990614295" lon="121.602417016401887">
        <ele>426.800000000000011</ele>
        <time>2026-09-20T01:14:31Z</time>
      </trkpt>
      <trkpt lat="25.151434019207954" lon="121.602440988644958">
        <ele>434</ele>
        <time>2026-09-20T01:14:34Z</time>
      </trkpt>
      <trkpt lat="25.151481041684747" lon="121.602418022230268">
        <ele>437.300000000000011</ele>
        <time>2026-09-20T01:14:37Z</time>
      </trkpt>
      <trkpt lat="25.151496967300773" lon="121.602440988644958">
        <ele>436.5</ele>
        <time>2026-09-20T01:14:40Z</time>
      </trkpt>
      <trkpt lat="25.151513982564211" lon="121.602458003908396">
        <ele>440.600000000000023</ele>
        <time>2026-09-20T01:14:43Z</time>
      </trkpt>
      <trkpt lat="25.151518005877733" lon="121.602473007515073">
        <ele>441.300000000000011</ele>
        <time>2026-09-20T01:14:46Z</time>
      </trkpt>
      <trkpt lat="25.151536026969552" lon="121.60248901695013">
        <ele>447</ele>
        <time>2026-09-20T01:14:50Z</time>
      </trkpt>
      <trkpt lat="25.151551030576229" lon="121.602501003071666">
        <ele>445</ele>
        <time>2026-09-20T01:14:54Z</time>
      </trkpt>
      <trkpt lat="25.151569973677397" lon="121.602505026385188">
        <ele>440.600000000000023</ele>
        <time>2026-09-20T01:14:58Z</time>
      </trkpt>
      <trkpt lat="25.151580031961203" lon="121.602507038041949">
        <ele>441.899999999999977</ele>
        <time>2026-09-20T01:15:01Z</time>
      </trkpt>
      <trkpt lat="25.151599980890751" lon="121.60251097753644">
        <ele>429.600000000000023</ele>
        <time>2026-09-20T01:15:06Z</time>
      </trkpt>
      <trkpt lat="25.151644991710782" lon="121.602519024163485">
        <ele>431.300000000000011</ele>
        <time>2026-09-20T01:15:10Z</time>
      </trkpt>
      <trkpt lat="25.151706011965871" lon="121.602523969486356">
        <ele>431.300000000000011</ele>
        <time>2026-09-20T01:15:14Z</time>
      </trkpt>
      <trkpt lat="25.151861999183893" lon="121.602367982268333">
        <ele>424.5</ele>
        <time>2026-09-20T01:15:30Z</time>
      </trkpt>
      <trkpt lat="25.15185697004199" lon="121.60246797837317">
        <ele>429.300000000000011</ele>
        <time>2026-09-20T01:15:34Z</time>
      </trkpt>
      <trkpt lat="25.151041997596622" lon="121.602222975343466">
        <ele>429.5</ele>
        <time>2026-09-20T01:15:40Z</time>
      </trkpt>
      <trkpt lat="25.151021964848042" lon="121.602234039455652">
        <ele>430.399999999999977</ele>
        <time>2026-09-20T01:15:43Z</time>
      </trkpt>
      <trkpt lat="25.150990029796958" lon="121.602275026962161">
        <ele>431.699999999999989</ele>
        <time>2026-09-20T01:15:46Z</time>
      </trkpt>
      <trkpt lat="25.150986006483436" lon="121.602306040003896">
        <ele>431.300000000000011</ele>
        <time>2026-09-20T01:15:49Z</time>
      </trkpt>
      <trkpt lat="25.150979971513152" lon="121.602337975054979">
        <ele>431.199999999999989</ele>
        <time>2026-09-20T01:15:52Z</time>
      </trkpt>
      <trkpt lat="25.150977959856391" lon="121.602369993925095">
        <ele>430.800000000000011</ele>
        <time>2026-09-20T01:15:55Z</time>
      </trkpt>
      <trkpt lat="25.150951975956559" lon="121.602407963946462">
        <ele>430.5</ele>
        <time>2026-09-20T01:15:58Z</time>
      </trkpt>
      <trkpt lat="25.150929009541869" lon="121.602432020008564">
        <ele>430.199999999999989</ele>
        <time>2026-09-20T01:16:01Z</time>
      </trkpt>
      <trkpt lat="25.150905037298799" lon="121.602452974766493">
        <ele>429.399999999999977</ele>
        <time>2026-09-20T01:16:04Z</time>
      </trkpt>
      <trkpt lat="25.150872012600303" lon="121.602472001686692">
        <ele>429.399999999999977</ele>
        <time>2026-09-20T01:16:07Z</time>
      </trkpt>
      <trkpt lat="25.150839993730187" lon="121.602492034435272">
        <ele>429.800000000000011</ele>
        <time>2026-09-20T01:16:10Z</time>
      </trkpt>
      <trkpt lat="25.150808980688453" lon="121.602509971708059">
        <ele>429.5</ele>
        <time>2026-09-20T01:16:13Z</time>
      </trkpt>
      <trkpt lat="25.150775033980608" lon="121.602519024163485">
        <ele>429.699999999999989</ele>
        <time>2026-09-20T01:16:16Z</time>
      </trkpt>
      <trkpt lat="25.15073798596859" lon="121.602523969486356">
        <ele>430.300000000000011</ele>
        <time>2026-09-20T01:16:19Z</time>
      </trkpt>
      <trkpt lat="25.150701021775603" lon="121.602524975314736">
        <ele>430.800000000000011</ele>
        <time>2026-09-20T01:16:22Z</time>
      </trkpt>
      <trkpt lat="25.150661962106824" lon="121.602522041648626">
        <ele>431.199999999999989</ele>
        <time>2026-09-20T01:16:25Z</time>
      </trkpt>
      <trkpt lat="25.150628015398979" lon="121.602521035820246">
        <ele>431</ele>
        <time>2026-09-20T01:16:28Z</time>
      </trkpt>
      <trkpt lat="25.150597002357244" lon="121.602534027770162">
        <ele>432.5</ele>
        <time>2026-09-20T01:16:31Z</time>
      </trkpt>
      <trkpt lat="25.150558026507497" lon="121.602535033598542">
        <ele>431.100000000000023</ele>
        <time>2026-09-20T01:16:34Z</time>
      </trkpt>
      <trkpt lat="25.150526007637382" lon="121.602525981143117">
        <ele>430.600000000000023</ele>
        <time>2026-09-20T01:16:37Z</time>
      </trkpt>
      <trkpt lat="25.150494994595647" lon="121.602535033598542">
        <ele>428.699999999999989</ele>
        <time>2026-09-20T01:16:40Z</time>
      </trkpt>
      <trkpt lat="25.150465993210673" lon="121.6025320161134">
        <ele>427.699999999999989</ele>
        <time>2026-09-20T01:16:43Z</time>
      </trkpt>
      <trkpt lat="25.150445960462093" lon="121.60255397669971">
        <ele>433.600000000000023</ele>
        <time>2026-09-20T01:16:46Z</time>
      </trkpt>
      <trkpt lat="25.150392986834049" lon="121.602573003619909">
        <ele>430.399999999999977</ele>
        <time>2026-09-20T01:16:49Z</time>
      </trkpt>
      <trkpt lat="25.150354010984302" lon="121.602577026933432">
        <ele>429.899999999999977</ele>
        <time>2026-09-20T01:16:52Z</time>
      </trkpt>
      <trkpt lat="25.150345964357257" lon="121.602582978084683">
        <ele>432.399999999999977</ele>
        <time>2026-09-20T01:16:55Z</time>
      </trkpt>
      <trkpt lat="25.150297014042735" lon="121.602568980306387">
        <ele>429.300000000000011</ele>
        <time>2026-09-20T01:16:58Z</time>
      </trkpt>
      <trkpt lat="25.150274969637394" lon="121.602527992799878">
        <ele>429.5</ele>
        <time>2026-09-20T01:17:01Z</time>
      </trkpt>
      <trkpt lat="25.150266001001" lon="121.602534027770162">
        <ele>430.800000000000011</ele>
        <time>2026-09-20T01:17:04Z</time>
      </trkpt>
      <trkpt lat="25.150273041799664" lon="121.602516006678343">
        <ele>427.300000000000011</ele>
        <time>2026-09-20T01:17:07Z</time>
      </trkpt>
      <trkpt lat="25.15028796158731" lon="121.602483987808228">
        <ele>423</ele>
        <time>2026-09-20T01:17:10Z</time>
      </trkpt>
      <trkpt lat="25.150276981294155" lon="121.60246898420155">
        <ele>420.100000000000023</ele>
        <time>2026-09-20T01:17:13Z</time>
      </trkpt>
      <trkpt lat="25.150232976302505" lon="121.602401006966829">
        <ele>419.699999999999989</ele>
        <time>2026-09-20T01:17:16Z</time>
      </trkpt>
      <trkpt lat="25.150209004059434" lon="121.60236001946032">
        <ele>416.800000000000011</ele>
        <time>2026-09-20T01:17:19Z</time>
      </trkpt>
      <trkpt lat="25.15018000267446" lon="121.602368988096714">
        <ele>417.300000000000011</ele>
        <time>2026-09-20T01:17:22Z</time>
      </trkpt>
      <trkpt lat="25.15015603043139" lon="121.602329006418586">
        <ele>415.800000000000011</ele>
        <time>2026-09-20T01:17:25Z</time>
      </trkpt>
      <trkpt lat="25.15011596493423" lon="121.602350967004895">
        <ele>416.600000000000023</ele>
        <time>2026-09-20T01:17:29Z</time>
      </trkpt>
      <trkpt lat="25.150085035711527" lon="121.602364964783192">
        <ele>415.600000000000023</ele>
        <time>2026-09-20T01:17:32Z</time>
      </trkpt>
      <trkpt lat="25.150041030719876" lon="121.602380974218249">
        <ele>416</ele>
        <time>2026-09-20T01:17:35Z</time>
      </trkpt>
      <trkpt lat="25.150001971051097" lon="121.60240201279521">
        <ele>416.800000000000011</ele>
        <time>2026-09-20T01:17:38Z</time>
      </trkpt>
      <trkpt lat="25.149960983544588" lon="121.6024249792099">
        <ele>417.5</ele>
        <time>2026-09-20T01:17:41Z</time>
      </trkpt>
      <trkpt lat="25.149916978552938" lon="121.6024249792099">
        <ele>418</ele>
        <time>2026-09-20T01:17:44Z</time>
      </trkpt>
      <trkpt lat="25.149886971339583" lon="121.602456998080015">
        <ele>417.399999999999977</ele>
        <time>2026-09-20T01:17:47Z</time>
      </trkpt>
      <trkpt lat="25.149841038510203" lon="121.602480970323086">
        <ele>417.100000000000023</ele>
        <time>2026-09-20T01:17:50Z</time>
      </trkpt>
      <trkpt lat="25.149766020476818" lon="121.602459009736776">
        <ele>418.699999999999989</ele>
        <time>2026-09-20T01:17:53Z</time>
      </trkpt>
      <trkpt lat="25.149735007435083" lon="121.602475019171834">
        <ele>419.399999999999977</ele>
        <time>2026-09-20T01:17:56Z</time>
      </trkpt>
      <trkpt lat="25.149691002443433" lon="121.602491028606892">
        <ele>422.899999999999977</ele>
        <time>2026-09-20T01:17:59Z</time>
      </trkpt>
      <trkpt lat="25.149653032422066" lon="121.602483987808228">
        <ele>421.100000000000023</ele>
        <time>2026-09-20T01:18:02Z</time>
      </trkpt>
      <trkpt lat="25.149627970531583" lon="121.602491028606892">
        <ele>420.5</ele>
        <time>2026-09-20T01:18:05Z</time>
      </trkpt>
      <trkpt lat="25.149601986631751" lon="121.602517012506723">
        <ele>417.899999999999977</ele>
        <time>2026-09-20T01:18:08Z</time>
      </trkpt>
      <trkpt lat="25.149601986631751" lon="121.602564034983516">
        <ele>416.300000000000011</ele>
        <time>2026-09-20T01:18:11Z</time>
      </trkpt>
      <trkpt lat="25.149580026045442" lon="121.602599993348122">
        <ele>413.600000000000023</ele>
        <time>2026-09-20T01:18:14Z</time>
      </trkpt>
      <trkpt lat="25.149564016610384" lon="121.602625977247953">
        <ele>412.699999999999989</ele>
        <time>2026-09-20T01:18:17Z</time>
      </trkpt>
      <trkpt lat="25.149548007175326" lon="121.602666964754462">
        <ele>410.699999999999989</ele>
        <time>2026-09-20T01:18:20Z</time>
      </trkpt>
      <trkpt lat="25.14953400939703" lon="121.60270401276648">
        <ele>410.899999999999977</ele>
        <time>2026-09-20T01:18:23Z</time>
      </trkpt>
      <trkpt lat="25.14953400939703" lon="121.602740976959467">
        <ele>409.5</ele>
        <time>2026-09-20T01:18:26Z</time>
      </trkpt>
      <trkpt lat="25.14953400939703" lon="121.602779030799866">
        <ele>407.399999999999977</ele>
        <time>2026-09-20T01:18:29Z</time>
      </trkpt>
      <trkpt lat="25.149541972205043" lon="121.602824963629246">
        <ele>408.199999999999989</ele>
        <time>2026-09-20T01:18:32Z</time>
      </trkpt>
      <trkpt lat="25.149541972205043" lon="121.602872991934419">
        <ele>408.600000000000023</ele>
        <time>2026-09-20T01:18:36Z</time>
      </trkpt>
      <trkpt lat="25.149533003568649" lon="121.60291900858283">
        <ele>408.100000000000023</ele>
        <time>2026-09-20T01:18:39Z</time>
      </trkpt>
      <trkpt lat="25.149527974426746" lon="121.602953039109707">
        <ele>405.600000000000023</ele>
        <time>2026-09-20T01:18:42Z</time>
      </trkpt>
      <trkpt lat="25.149525040760636" lon="121.602995032444596">
        <ele>405.899999999999977</ele>
        <time>2026-09-20T01:18:45Z</time>
      </trkpt>
      <trkpt lat="25.149521017447114" lon="121.603039037436247">
        <ele>406.199999999999989</ele>
        <time>2026-09-20T01:18:48Z</time>
      </trkpt>
      <trkpt lat="25.149515988305211" lon="121.603084970265627">
        <ele>406</ele>
        <time>2026-09-20T01:18:51Z</time>
      </trkpt>
      <trkpt lat="25.149516994133592" lon="121.603125035762787">
        <ele>407.100000000000023</ele>
        <time>2026-09-20T01:18:54Z</time>
      </trkpt>
      <trkpt lat="25.149516994133592" lon="121.603167029097676">
        <ele>407.100000000000023</ele>
        <time>2026-09-20T01:18:57Z</time>
      </trkpt>
      <trkpt lat="25.149525040760636" lon="121.603211034089327">
        <ele>405.899999999999977</ele>
        <time>2026-09-20T01:19:00Z</time>
      </trkpt>
      <trkpt lat="25.14953400939703" lon="121.603238023817539">
        <ele>405</ele>
        <time>2026-09-20T01:19:03Z</time>
      </trkpt>
      <trkpt lat="25.149548007175326" lon="121.603284040465951">
        <ele>404.899999999999977</ele>
        <time>2026-09-20T01:19:06Z</time>
      </trkpt>
      <trkpt lat="25.149563010782003" lon="121.603319998830557">
        <ele>404.5</ele>
        <time>2026-09-20T01:19:09Z</time>
      </trkpt>
      <trkpt lat="25.149572985246778" lon="121.603362997993827">
        <ele>402.800000000000011</ele>
        <time>2026-09-20T01:19:12Z</time>
      </trkpt>
      <trkpt lat="25.149582959711552" lon="121.603399962186813">
        <ele>399.399999999999977</ele>
        <time>2026-09-20T01:19:15Z</time>
      </trkpt>
      <trkpt lat="25.149598969146609" lon="121.603441033512354">
        <ele>397.300000000000011</ele>
        <time>2026-09-20T01:19:18Z</time>
      </trkpt>
      <trkpt lat="25.149597963318229" lon="121.603503981605172">
        <ele>397.5</ele>
        <time>2026-09-20T01:19:21Z</time>
      </trkpt>
      <trkpt lat="25.149585977196693" lon="121.603551004081964">
        <ele>398.300000000000011</ele>
        <time>2026-09-20T01:19:24Z</time>
      </trkpt>
      <trkpt lat="25.149566028267145" lon="121.603588974103332">
        <ele>395.399999999999977</ele>
        <time>2026-09-20T01:19:27Z</time>
      </trkpt>
      <trkpt lat="25.14953400939703" lon="121.603621998801827">
        <ele>395.300000000000011</ele>
        <time>2026-09-20T01:19:30Z</time>
      </trkpt>
      <trkpt lat="25.149509031325579" lon="121.60364999435842">
        <ele>392.399999999999977</ele>
        <time>2026-09-20T01:19:33Z</time>
      </trkpt>
      <trkpt lat="25.149477012455463" lon="121.603672038763762">
        <ele>389.100000000000023</ele>
        <time>2026-09-20T01:19:36Z</time>
      </trkpt>
      <trkpt lat="25.149445999413729" lon="121.603707997128367">
        <ele>390.600000000000023</ele>
        <time>2026-09-20T01:19:39Z</time>
      </trkpt>
      <trkpt lat="25.14940501190722" lon="121.603764994069934">
        <ele>394.899999999999977</ele>
        <time>2026-09-20T01:19:42Z</time>
      </trkpt>
      <trkpt lat="25.149361006915569" lon="121.603773962706327">
        <ele>394.199999999999989</ele>
        <time>2026-09-20T01:19:45Z</time>
      </trkpt>
      <trkpt lat="25.14931901358068" lon="121.603791983798146">
        <ele>393</ele>
        <time>2026-09-20T01:19:48Z</time>
      </trkpt>
      <trkpt lat="25.149282971397042" lon="121.603808999061584">
        <ele>393.399999999999977</ele>
        <time>2026-09-20T01:19:51Z</time>
      </trkpt>
      <trkpt lat="25.149247013032436" lon="121.603845041245222">
        <ele>397.399999999999977</ele>
        <time>2026-09-20T01:19:54Z</time>
      </trkpt>
      <trkpt lat="25.149227986112237" lon="121.60386398434639">
        <ele>396.800000000000011</ele>
        <time>2026-09-20T01:19:57Z</time>
      </trkpt>
      <trkpt lat="25.149198984727263" lon="121.603891979902983">
        <ele>396</ele>
        <time>2026-09-20T01:20:01Z</time>
      </trkpt>
      <trkpt lat="25.149171994999051" lon="121.603912012651563">
        <ele>394</ele>
        <time>2026-09-20T01:20:04Z</time>
      </trkpt>
      <trkpt lat="25.149149028584361" lon="121.603934979066253">
        <ele>393.899999999999977</ele>
        <time>2026-09-20T01:20:07Z</time>
      </trkpt>
      <trkpt lat="25.149128995835781" lon="121.603963980451226">
        <ele>394.100000000000023</ele>
        <time>2026-09-20T01:20:10Z</time>
      </trkpt>
      <trkpt lat="25.149098988622427" lon="121.603987030684948">
        <ele>393.199999999999989</ele>
        <time>2026-09-20T01:20:13Z</time>
      </trkpt>
      <trkpt lat="25.149076022207737" lon="121.604017959907651">
        <ele>392</ele>
        <time>2026-09-20T01:20:16Z</time>
      </trkpt>
      <trkpt lat="25.149044003337622" lon="121.604051990434527">
        <ele>392.300000000000011</ele>
        <time>2026-09-20T01:20:19Z</time>
      </trkpt>
      <trkpt lat="25.149012990295887" lon="121.604067999869585">
        <ele>390.899999999999977</ele>
        <time>2026-09-20T01:20:22Z</time>
      </trkpt>
      <trkpt lat="25.148978037759662" lon="121.604094989597797">
        <ele>390.199999999999989</ele>
        <time>2026-09-20T01:20:25Z</time>
      </trkpt>
      <trkpt lat="25.148940989747643" lon="121.604132037609816">
        <ele>390.600000000000023</ele>
        <time>2026-09-20T01:20:28Z</time>
      </trkpt>
      <trkpt lat="25.148920034989715" lon="121.604190040379763">
        <ele>392</ele>
        <time>2026-09-20T01:20:31Z</time>
      </trkpt>
      <trkpt lat="25.148906959220767" lon="121.604236979037523">
        <ele>391.800000000000011</ele>
        <time>2026-09-20T01:20:34Z</time>
      </trkpt>
      <trkpt lat="25.148894973099232" lon="121.604277966544032">
        <ele>391.899999999999977</ele>
        <time>2026-09-20T01:20:37Z</time>
      </trkpt>
      <trkpt lat="25.148864965885878" lon="121.604322977364063">
        <ele>389.600000000000023</ele>
        <time>2026-09-20T01:20:41Z</time>
      </trkpt>
      <trkpt lat="25.148853985592723" lon="121.604362037032843">
        <ele>389.100000000000023</ele>
        <time>2026-09-20T01:20:44Z</time>
      </trkpt>
      <trkpt lat="25.148852979764342" lon="121.604397995397449">
        <ele>388.899999999999977</ele>
        <time>2026-09-20T01:20:47Z</time>
      </trkpt>
      <trkpt lat="25.148857003077865" lon="121.604437977075577">
        <ele>388.800000000000011</ele>
        <time>2026-09-20T01:20:50Z</time>
      </trkpt>
      <trkpt lat="25.148850968107581" lon="121.604475025087595">
        <ele>387.800000000000011</ele>
        <time>2026-09-20T01:20:53Z</time>
      </trkpt>
      <trkpt lat="25.148849962279201" lon="121.604515006765723">
        <ele>387.899999999999977</ele>
        <time>2026-09-20T01:20:56Z</time>
      </trkpt>
      <trkpt lat="25.148848034441471" lon="121.604555994272232">
        <ele>387.100000000000023</ele>
        <time>2026-09-20T01:20:59Z</time>
      </trkpt>
      <trkpt lat="25.148839987814426" lon="121.604588013142347">
        <ele>388.699999999999989</ele>
        <time>2026-09-20T01:21:02Z</time>
      </trkpt>
      <trkpt lat="25.148832025006413" lon="121.604624977335334">
        <ele>387.699999999999989</ele>
        <time>2026-09-20T01:21:05Z</time>
      </trkpt>
      <trkpt lat="25.148807968944311" lon="121.60465800203383">
        <ele>388</ele>
        <time>2026-09-20T01:21:08Z</time>
      </trkpt>
      <trkpt lat="25.148775028064847" lon="121.604676023125648">
        <ele>390.199999999999989</ele>
        <time>2026-09-20T01:21:11Z</time>
      </trkpt>
      <trkpt lat="25.14873999170959" lon="121.604689015075564">
        <ele>389.5</ele>
        <time>2026-09-20T01:21:14Z</time>
      </trkpt>
      <trkpt lat="25.148701015859842" lon="121.604688009247184">
        <ele>390.199999999999989</ele>
        <time>2026-09-20T01:21:17Z</time>
      </trkpt>
      <trkpt lat="25.148670002818108" lon="121.604669988155365">
        <ele>389.199999999999989</ele>
        <time>2026-09-20T01:21:20Z</time>
      </trkpt>
      <trkpt lat="25.148637983947992" lon="121.604650961235166">
        <ele>389.399999999999977</ele>
        <time>2026-09-20T01:21:23Z</time>
      </trkpt>
      <trkpt lat="25.148609988391399" lon="121.60463796928525">
        <ele>389.899999999999977</ele>
        <time>2026-09-20T01:21:26Z</time>
      </trkpt>
      <trkpt lat="25.148576041683555" lon="121.604622965678573">
        <ele>389.5</ele>
        <time>2026-09-20T01:21:29Z</time>
      </trkpt>
      <trkpt lat="25.148541005328298" lon="121.604610979557037">
        <ele>389.800000000000011</ele>
        <time>2026-09-20T01:21:32Z</time>
      </trkpt>
      <trkpt lat="25.148520972579718" lon="121.604587007313967">
        <ele>389.100000000000023</ele>
        <time>2026-09-20T01:21:35Z</time>
      </trkpt>
      <trkpt lat="25.148488031700253" lon="121.604558005928993">
        <ele>387</ele>
        <time>2026-09-20T01:21:38Z</time>
      </trkpt>
      <trkpt lat="25.148446038365364" lon="121.604539984837174">
        <ele>387.800000000000011</ele>
        <time>2026-09-20T01:21:41Z</time>
      </trkpt>
      <trkpt lat="25.148409996181726" lon="121.604531016200781">
        <ele>388</ele>
        <time>2026-09-20T01:21:44Z</time>
      </trkpt>
      <trkpt lat="25.148376971483231" lon="121.604531016200781">
        <ele>389</ele>
        <time>2026-09-20T01:21:47Z</time>
      </trkpt>
      <trkpt lat="25.148328021168709" lon="121.604547025635839">
        <ele>388.699999999999989</ele>
        <time>2026-09-20T01:21:50Z</time>
      </trkpt>
      <trkpt lat="25.148314023390412" lon="121.604569992050529">
        <ele>389.699999999999989</ele>
        <time>2026-09-20T01:21:53Z</time>
      </trkpt>
      <trkpt lat="25.148293990641832" lon="121.604610979557037">
        <ele>389.5</ele>
        <time>2026-09-20T01:21:56Z</time>
      </trkpt>
      <trkpt lat="25.148300025612116" lon="121.604639980942011">
        <ele>389.399999999999977</ele>
        <time>2026-09-20T01:21:59Z</time>
      </trkpt>
      <trkpt lat="25.148301031440496" lon="121.60467904061079">
        <ele>390.300000000000011</ele>
        <time>2026-09-20T01:22:02Z</time>
      </trkpt>
      <trkpt lat="25.148318968713284" lon="121.604704018682241">
        <ele>388</ele>
        <time>2026-09-20T01:22:06Z</time>
      </trkpt>
      <trkpt lat="25.148328021168709" lon="121.604756992310286">
        <ele>387</ele>
        <time>2026-09-20T01:22:10Z</time>
      </trkpt>
      <trkpt lat="25.148351993411779" lon="121.604818012565374">
        <ele>387.800000000000011</ele>
        <time>2026-09-20T01:22:14Z</time>
      </trkpt>
      <trkpt lat="25.148364985361695" lon="121.604860005900264">
        <ele>388</ele>
        <time>2026-09-20T01:22:18Z</time>
      </trkpt>
      <trkpt lat="25.148379988968372" lon="121.60489697009325">
        <ele>388.5</ele>
        <time>2026-09-20T01:22:22Z</time>
      </trkpt>
      <trkpt lat="25.14839599840343" lon="121.604933012276888">
        <ele>386.800000000000011</ele>
        <time>2026-09-20T01:22:26Z</time>
      </trkpt>
      <trkpt lat="25.148398010060191" lon="121.604998977854848">
        <ele>388.300000000000011</ele>
        <time>2026-09-20T01:22:30Z</time>
      </trkpt>
      <trkpt lat="25.148403039202094" lon="121.605041977018118">
        <ele>388.600000000000023</ele>
        <time>2026-09-20T01:22:33Z</time>
      </trkpt>
      <trkpt lat="25.148390969261527" lon="121.605079025030136">
        <ele>388.5</ele>
        <time>2026-09-20T01:22:36Z</time>
      </trkpt>
      <trkpt lat="25.148385018110275" lon="121.605112971737981">
        <ele>387.899999999999977</ele>
        <time>2026-09-20T01:22:39Z</time>
      </trkpt>
      <trkpt lat="25.148380994796753" lon="121.605150019749999">
        <ele>388</ele>
        <time>2026-09-20T01:22:42Z</time>
      </trkpt>
      <trkpt lat="25.148366997018456" lon="121.605186983942986">
        <ele>387.800000000000011</ele>
        <time>2026-09-20T01:22:45Z</time>
      </trkpt>
      <trkpt lat="25.148362973704934" lon="121.605215985327959">
        <ele>387.699999999999989</ele>
        <time>2026-09-20T01:22:48Z</time>
      </trkpt>
      <trkpt lat="25.148356016725302" lon="121.605254039168358">
        <ele>387.600000000000023</ele>
        <time>2026-09-20T01:22:51Z</time>
      </trkpt>
      <trkpt lat="25.148346964269876" lon="121.605288991704583">
        <ele>387.899999999999977</ele>
        <time>2026-09-20T01:22:54Z</time>
      </trkpt>
      <trkpt lat="25.148347970098257" lon="121.60532696172595">
        <ele>388.100000000000023</ele>
        <time>2026-09-20T01:22:57Z</time>
      </trkpt>
      <trkpt lat="25.148345958441496" lon="121.605359986424446">
        <ele>388</ele>
        <time>2026-09-20T01:23:00Z</time>
      </trkpt>
      <trkpt lat="25.148349981755018" lon="121.605396028608084">
        <ele>388.100000000000023</ele>
        <time>2026-09-20T01:23:03Z</time>
      </trkpt>
      <trkpt lat="25.148360040038824" lon="121.605428969487548">
        <ele>386.699999999999989</ele>
        <time>2026-09-20T01:23:06Z</time>
      </trkpt>
      <trkpt lat="25.148371020331979" lon="121.605464005842805">
        <ele>387.5</ele>
        <time>2026-09-20T01:23:09Z</time>
      </trkpt>
      <trkpt lat="25.148386023938656" lon="121.605500970035791">
        <ele>387.199999999999989</ele>
        <time>2026-09-20T01:23:12Z</time>
      </trkpt>
      <trkpt lat="25.148399015888572" lon="121.605537012219429">
        <ele>386.699999999999989</ele>
        <time>2026-09-20T01:23:15Z</time>
      </trkpt>
      <trkpt lat="25.148403961211443" lon="121.605570958927274">
        <ele>385.100000000000023</ele>
        <time>2026-09-20T01:23:18Z</time>
      </trkpt>
      <trkpt lat="25.148408990353346" lon="121.605611024424434">
        <ele>385.399999999999977</ele>
        <time>2026-09-20T01:23:21Z</time>
      </trkpt>
      <trkpt lat="25.148402033373713" lon="121.605650000274181">
        <ele>384.899999999999977</ele>
        <time>2026-09-20T01:23:24Z</time>
      </trkpt>
      <trkpt lat="25.148377977311611" lon="121.605680007487535">
        <ele>383.699999999999989</ele>
        <time>2026-09-20T01:23:27Z</time>
      </trkpt>
      <trkpt lat="25.148343024775386" lon="121.605699034407735">
        <ele>383.300000000000011</ele>
        <time>2026-09-20T01:23:30Z</time>
      </trkpt>
      <trkpt lat="25.148303965106606" lon="121.605705991387367">
        <ele>383.100000000000023</ele>
        <time>2026-09-20T01:23:33Z</time>
      </trkpt>
      <trkpt lat="25.148257026448846" lon="121.60571102052927">
        <ele>383.5</ele>
        <time>2026-09-20T01:23:36Z</time>
      </trkpt>
      <trkpt lat="25.148230036720634" lon="121.605729963630438">
        <ele>383.199999999999989</ele>
        <time>2026-09-20T01:23:39Z</time>
      </trkpt>
      <trkpt lat="25.148257026448846" lon="121.605771034955978">
        <ele>382</ele>
        <time>2026-09-20T01:23:42Z</time>
      </trkpt>
      <trkpt lat="25.148284016177058" lon="121.605786960572004">
        <ele>382.300000000000011</ele>
        <time>2026-09-20T01:23:45Z</time>
      </trkpt>
      <trkpt lat="25.148325003683567" lon="121.605799030512571">
        <ele>381.800000000000011</ele>
        <time>2026-09-20T01:23:48Z</time>
      </trkpt>
      <trkpt lat="25.148357022553682" lon="121.605803975835443">
        <ele>380.600000000000023</ele>
        <time>2026-09-20T01:23:51Z</time>
      </trkpt>
      <trkpt lat="25.148383006453514" lon="121.605809004977345">
        <ele>379.5</ele>
        <time>2026-09-20T01:23:54Z</time>
      </trkpt>
      <trkpt lat="25.148407984524965" lon="121.605815961956978">
        <ele>378.800000000000011</ele>
        <time>2026-09-20T01:23:57Z</time>
      </trkpt>
      <trkpt lat="25.148440003395081" lon="121.60581897944212">
        <ele>378.699999999999989</ele>
        <time>2026-09-20T01:24:00Z</time>
      </trkpt>
      <trkpt lat="25.148483002558351" lon="121.605810010805726">
        <ele>378</ele>
        <time>2026-09-20T01:24:03Z</time>
      </trkpt>
      <trkpt lat="25.148518960922956" lon="121.605805987492204">
        <ele>378.199999999999989</ele>
        <time>2026-09-20T01:24:06Z</time>
      </trkpt>
      <trkpt lat="25.148557014763355" lon="121.60579701885581">
        <ele>376.800000000000011</ele>
        <time>2026-09-20T01:24:09Z</time>
      </trkpt>
      <trkpt lat="25.148608982563019" lon="121.605774974450469">
        <ele>374.899999999999977</ele>
        <time>2026-09-20T01:24:13Z</time>
      </trkpt>
      <trkpt lat="25.14865399338305" lon="121.605742033571005">
        <ele>373.699999999999989</ele>
        <time>2026-09-20T01:24:17Z</time>
      </trkpt>
      <trkpt lat="25.148690035566688" lon="121.605702973902225">
        <ele>371.699999999999989</ele>
        <time>2026-09-20T01:24:21Z</time>
      </trkpt>
      <trkpt lat="25.148719036951661" lon="121.605659974738955">
        <ele>370.800000000000011</ele>
        <time>2026-09-20T01:24:25Z</time>
      </trkpt>
      <trkpt lat="25.14873999170959" lon="121.605620998889208">
        <ele>370.5</ele>
        <time>2026-09-20T01:24:29Z</time>
      </trkpt>
      <trkpt lat="25.14876002445817" lon="121.605579005554318">
        <ele>369.800000000000011</ele>
        <time>2026-09-20T01:24:33Z</time>
      </trkpt>
      <trkpt lat="25.148781985044479" lon="121.605526031926274">
        <ele>367.899999999999977</ele>
        <time>2026-09-20T01:24:37Z</time>
      </trkpt>
      <trkpt lat="25.148802017793059" lon="121.605464005842805">
        <ele>367.100000000000023</ele>
        <time>2026-09-20T01:24:41Z</time>
      </trkpt>
      <trkpt lat="25.148815009742975" lon="121.605417989194393">
        <ele>366.800000000000011</ele>
        <time>2026-09-20T01:24:44Z</time>
      </trkpt>
      <trkpt lat="25.148828001692891" lon="121.605370966717601">
        <ele>367.600000000000023</ele>
        <time>2026-09-20T01:24:47Z</time>
      </trkpt>
      <trkpt lat="25.148839987814426" lon="121.605327967554331">
        <ele>367.399999999999977</ele>
        <time>2026-09-20T01:24:50Z</time>
      </trkpt>
      <trkpt lat="25.148851973935962" lon="121.605289997532964">
        <ele>367.100000000000023</ele>
        <time>2026-09-20T01:24:53Z</time>
      </trkpt>
      <trkpt lat="25.148865971714258" lon="121.605252027511597">
        <ele>368</ele>
        <time>2026-09-20T01:24:56Z</time>
      </trkpt>
      <trkpt lat="25.148880975320935" lon="121.60521799698472">
        <ele>368.100000000000023</ele>
        <time>2026-09-20T01:24:59Z</time>
      </trkpt>
      <trkpt lat="25.148897990584373" lon="121.605185978114605">
        <ele>368.800000000000011</ele>
        <time>2026-09-20T01:25:02Z</time>
      </trkpt>
      <trkpt lat="25.148920034989715" lon="121.605157982558012">
        <ele>369.199999999999989</ele>
        <time>2026-09-20T01:25:05Z</time>
      </trkpt>
      <trkpt lat="25.148941995576024" lon="121.60513199865818">
        <ele>368.800000000000011</ele>
        <time>2026-09-20T01:25:08Z</time>
      </trkpt>
      <trkpt lat="25.148969991132617" lon="121.60510802641511">
        <ele>369.100000000000023</ele>
        <time>2026-09-20T01:25:11Z</time>
      </trkpt>
      <trkpt lat="25.148989018052816" lon="121.605096040293574">
        <ele>369</ele>
        <time>2026-09-20T01:25:14Z</time>
      </trkpt>
      <trkpt lat="25.149027993902564" lon="121.605069972574711">
        <ele>369.600000000000023</ele>
        <time>2026-09-20T01:25:17Z</time>
      </trkpt>
      <trkpt lat="25.149053977802396" lon="121.605051029473543">
        <ele>369</ele>
        <time>2026-09-20T01:25:20Z</time>
      </trkpt>
      <trkpt lat="25.149081973358989" lon="121.60502303391695">
        <ele>369.5</ele>
        <time>2026-09-20T01:25:23Z</time>
      </trkpt>
      <trkpt lat="25.149102006107569" lon="121.60500199533999">
        <ele>368.800000000000011</ele>
        <time>2026-09-20T01:25:26Z</time>
      </trkpt>
      <trkpt lat="25.149124972522259" lon="121.604976011440158">
        <ele>367.699999999999989</ele>
        <time>2026-09-20T01:25:29Z</time>
      </trkpt>
      <trkpt lat="25.149149028584361" lon="121.604943992570043">
        <ele>367.699999999999989</ele>
        <time>2026-09-20T01:25:32Z</time>
      </trkpt>
      <trkpt lat="25.149174006655812" lon="121.604909040033817">
        <ele>369.199999999999989</ele>
        <time>2026-09-20T01:25:35Z</time>
      </trkpt>
      <trkpt lat="25.149194961413741" lon="121.604876015335321">
        <ele>369</ele>
        <time>2026-09-20T01:25:38Z</time>
      </trkpt>
      <trkpt lat="25.149211976677179" lon="121.604837961494923">
        <ele>368.5</ele>
        <time>2026-09-20T01:25:41Z</time>
      </trkpt>
      <trkpt lat="25.149227986112237" lon="121.604798985645175">
        <ele>369.100000000000023</ele>
        <time>2026-09-20T01:25:44Z</time>
      </trkpt>
      <trkpt lat="25.149239972233772" lon="121.60476797260344">
        <ele>367.899999999999977</ele>
        <time>2026-09-20T01:25:47Z</time>
      </trkpt>
      <trkpt lat="25.149253970012069" lon="121.604730002582073">
        <ele>368.399999999999977</ele>
        <time>2026-09-20T01:25:50Z</time>
      </trkpt>
      <trkpt lat="25.149265034124255" lon="121.604703012853861">
        <ele>368.5</ele>
        <time>2026-09-20T01:25:53Z</time>
      </trkpt>
      <trkpt lat="25.149279031902552" lon="121.604671999812126">
        <ele>368.399999999999977</ele>
        <time>2026-09-20T01:25:56Z</time>
      </trkpt>
      <trkpt lat="25.149295041337609" lon="121.60463796928525">
        <ele>367.100000000000023</ele>
        <time>2026-09-20T01:25:59Z</time>
      </trkpt>
      <trkpt lat="25.149312978610396" lon="121.604597987607121">
        <ele>366.600000000000023</ele>
        <time>2026-09-20T01:26:02Z</time>
      </trkpt>
      <trkpt lat="25.149326976388693" lon="121.60455297678709">
        <ele>367.699999999999989</ele>
        <time>2026-09-20T01:26:05Z</time>
      </trkpt>
      <trkpt lat="25.149337034672499" lon="121.604516012594104">
        <ele>368.100000000000023</ele>
        <time>2026-09-20T01:26:08Z</time>
      </trkpt>
      <trkpt lat="25.149344997480512" lon="121.604484999552369">
        <ele>366.800000000000011</ele>
        <time>2026-09-20T01:26:11Z</time>
      </trkpt>
      <trkpt lat="25.149352038279176" lon="121.604452980682254">
        <ele>367</ele>
        <time>2026-09-20T01:26:14Z</time>
      </trkpt>
      <trkpt lat="25.149368969723582" lon="121.604397995397449">
        <ele>366.899999999999977</ele>
        <time>2026-09-20T01:26:18Z</time>
      </trkpt>
      <trkpt lat="25.149390008300543" lon="121.604362037032843">
        <ele>367.100000000000023</ele>
        <time>2026-09-20T01:26:22Z</time>
      </trkpt>
      <trkpt lat="25.149425966665149" lon="121.604344015941024">
        <ele>367.5</ele>
        <time>2026-09-20T01:26:26Z</time>
      </trkpt>
      <trkpt lat="25.149436024948955" lon="121.604352984577417">
        <ele>365.699999999999989</ele>
        <time>2026-09-20T01:26:32Z</time>
      </trkpt>
      <trkpt lat="25.149455973878503" lon="121.604354996234179">
        <ele>366.600000000000023</ele>
        <time>2026-09-20T01:26:36Z</time>
      </trkpt>
      <trkpt lat="25.149436024948955" lon="121.604352984577417">
        <ele>366.300000000000011</ele>
        <time>2026-09-20T01:26:40Z</time>
      </trkpt>
      <trkpt lat="25.149401994422078" lon="121.604362959042192">
        <ele>367.600000000000023</ele>
        <time>2026-09-20T01:26:44Z</time>
      </trkpt>
      <trkpt lat="25.149382967501879" lon="121.604369999840856">
        <ele>365.100000000000023</ele>
        <time>2026-09-20T01:26:48Z</time>
      </trkpt>
      <trkpt lat="25.149391014128923" lon="121.604361031204462">
        <ele>367.800000000000011</ele>
        <time>2026-09-20T01:26:57Z</time>
      </trkpt>
      <trkpt lat="25.149399982765317" lon="121.604353990405798">
        <ele>365.300000000000011</ele>
        <time>2026-09-20T01:27:02Z</time>
      </trkpt>
      <trkpt lat="25.149409035220742" lon="121.604347033426166">
        <ele>368.800000000000011</ele>
        <time>2026-09-20T01:27:05Z</time>
      </trkpt>
      <trkpt lat="25.149418003857136" lon="121.604339992627501">
        <ele>367.800000000000011</ele>
        <time>2026-09-20T01:27:12Z</time>
      </trkpt>
      <trkpt lat="25.149400988593698" lon="121.604292970150709">
        <ele>368.300000000000011</ele>
        <time>2026-09-20T01:27:15Z</time>
      </trkpt>
      <trkpt lat="25.149419009685516" lon="121.604287018999457">
        <ele>368.5</ele>
        <time>2026-09-20T01:27:18Z</time>
      </trkpt>
      <trkpt lat="25.149442981928587" lon="121.604275032877922">
        <ele>371.399999999999977</ele>
        <time>2026-09-20T01:27:21Z</time>
      </trkpt>
      <trkpt lat="25.149461003020406" lon="121.604273021221161">
        <ele>373.399999999999977</ele>
        <time>2026-09-20T01:27:24Z</time>
      </trkpt>
      <trkpt lat="25.149482963606715" lon="121.60427201539278">
        <ele>373.899999999999977</ele>
        <time>2026-09-20T01:27:27Z</time>
      </trkpt>
      <trkpt lat="25.149498973041773" lon="121.604266986250877">
        <ele>372.199999999999989</ele>
        <time>2026-09-20T01:27:31Z</time>
      </trkpt>
      <trkpt lat="25.149510959163308" lon="121.604274027049541">
        <ele>370.699999999999989</ele>
        <time>2026-09-20T01:27:37Z</time>
      </trkpt>
      <trkpt lat="25.149510959163308" lon="121.604290958493948">
        <ele>369.899999999999977</ele>
        <time>2026-09-20T01:27:40Z</time>
      </trkpt>
      <trkpt lat="25.149509031325579" lon="121.604275032877922">
        <ele>369.600000000000023</ele>
        <time>2026-09-20T01:27:43Z</time>
      </trkpt>
      <trkpt lat="25.149511964991689" lon="121.604261035099626">
        <ele>368.199999999999989</ele>
        <time>2026-09-20T01:27:46Z</time>
      </trkpt>
      <trkpt lat="25.149507019668818" lon="121.604249970987439">
        <ele>371.199999999999989</ele>
        <time>2026-09-20T01:27:52Z</time>
      </trkpt>
      <trkpt lat="25.149490004405379" lon="121.604261035099626">
        <ele>371.5</ele>
        <time>2026-09-20T01:27:56Z</time>
      </trkpt>
      <trkpt lat="25.149504002183676" lon="121.604286013171077">
        <ele>372.600000000000023</ele>
        <time>2026-09-20T01:28:04Z</time>
      </trkpt>
      <trkpt lat="25.149506013840437" lon="121.604276038706303">
        <ele>372.199999999999989</ele>
        <time>2026-09-20T01:28:07Z</time>
      </trkpt>
      <trkpt lat="25.149515988305211" lon="121.604277966544032">
        <ele>371.699999999999989</ele>
        <time>2026-09-20T01:28:12Z</time>
      </trkpt>
      <trkpt lat="25.149524034932256" lon="121.604284001514316">
        <ele>371.100000000000023</ele>
        <time>2026-09-20T01:28:15Z</time>
      </trkpt>
      <trkpt lat="25.149529986083508" lon="121.604276038706303">
        <ele>371.699999999999989</ele>
        <time>2026-09-20T01:28:19Z</time>
      </trkpt>
      <trkpt lat="25.149524034932256" lon="121.604265980422497">
        <ele>372.800000000000011</ele>
        <time>2026-09-20T01:28:23Z</time>
      </trkpt>
      <trkpt lat="25.149529986083508" lon="121.604258017614484">
        <ele>373</ele>
        <time>2026-09-20T01:28:31Z</time>
      </trkpt>
      <trkpt lat="25.149521017447114" lon="121.604247037321329">
        <ele>372.100000000000023</ele>
        <time>2026-09-20T01:28:38Z</time>
      </trkpt>
      <trkpt lat="25.14951397664845" lon="121.604237984865904">
        <ele>374.300000000000011</ele>
        <time>2026-09-20T01:28:47Z</time>
      </trkpt>
      <trkpt lat="25.149505008012056" lon="121.604235973209143">
        <ele>374.300000000000011</ele>
        <time>2026-09-20T01:28:54Z</time>
      </trkpt>
      <trkpt lat="25.149493021890521" lon="121.604233961552382">
        <ele>374.600000000000023</ele>
        <time>2026-09-20T01:29:02Z</time>
      </trkpt>
      <trkpt lat="25.149483969435096" lon="121.604232033714652">
        <ele>375.300000000000011</ele>
        <time>2026-09-20T01:29:08Z</time>
      </trkpt>
      <trkpt lat="25.149473994970322" lon="121.60422901622951">
        <ele>374.100000000000023</ele>
        <time>2026-09-20T01:29:37Z</time>
      </trkpt>
      <trkpt lat="25.149461003020406" lon="121.604227004572749">
        <ele>372.899999999999977</ele>
        <time>2026-09-20T01:29:40Z</time>
      </trkpt>
      <trkpt lat="25.14947198331356" lon="121.604224992915988">
        <ele>372.399999999999977</ele>
        <time>2026-09-20T01:29:49Z</time>
      </trkpt>
      <trkpt lat="25.149478018283844" lon="121.604217030107975">
        <ele>373.5</ele>
        <time>2026-09-20T01:29:53Z</time>
      </trkpt>
      <trkpt lat="25.14949101023376" lon="121.60422801040113">
        <ele>374</ele>
        <time>2026-09-20T01:30:00Z</time>
      </trkpt>
      <trkpt lat="25.149500984698534" lon="121.60422801040113">
        <ele>374.5</ele>
        <time>2026-09-20T01:30:07Z</time>
      </trkpt>
      <trkpt lat="25.14951498247683" lon="121.604233039543033">
        <ele>374.300000000000011</ele>
        <time>2026-09-20T01:30:16Z</time>
      </trkpt>
      <trkpt lat="25.149523029103875" lon="121.604242008179426">
        <ele>372.399999999999977</ele>
        <time>2026-09-20T01:30:34Z</time>
      </trkpt>
      <trkpt lat="25.149524034932256" lon="121.6042519826442">
        <ele>370.5</ele>
        <time>2026-09-20T01:30:46Z</time>
      </trkpt>
      <trkpt lat="25.149516994133592" lon="121.604267992079258">
        <ele>369.800000000000011</ele>
        <time>2026-09-20T01:30:56Z</time>
      </trkpt>
      <trkpt lat="25.14951397664845" lon="121.604280984029174">
        <ele>369.100000000000023</ele>
        <time>2026-09-20T01:31:04Z</time>
      </trkpt>
      <trkpt lat="25.149509031325579" lon="121.60427201539278">
        <ele>369.5</ele>
        <time>2026-09-20T01:31:10Z</time>
      </trkpt>
      <trkpt lat="25.14951397664845" lon="121.604261035099626">
        <ele>372.399999999999977</ele>
        <time>2026-09-20T01:31:19Z</time>
      </trkpt>
      <trkpt lat="25.14951397664845" lon="121.60425097681582">
        <ele>374.600000000000023</ele>
        <time>2026-09-20T01:31:39Z</time>
      </trkpt>
      <trkpt lat="25.149527974426746" lon="121.604266986250877">
        <ele>372.199999999999989</ele>
        <time>2026-09-20T01:32:05Z</time>
      </trkpt>
      <trkpt lat="25.149517999961972" lon="121.604266986250877">
        <ele>372.100000000000023</ele>
        <time>2026-09-20T01:32:20Z</time>
      </trkpt>
      <trkpt lat="25.149509031325579" lon="121.60427201539278">
        <ele>371.100000000000023</ele>
        <time>2026-09-20T01:32:25Z</time>
      </trkpt>
      <trkpt lat="25.149496961385012" lon="121.60427201539278">
        <ele>369.100000000000023</ele>
        <time>2026-09-20T01:32:30Z</time>
      </trkpt>
      <trkpt lat="25.149488998576999" lon="121.604263968765736">
        <ele>368.399999999999977</ele>
        <time>2026-09-20T01:32:33Z</time>
      </trkpt>
      <trkpt lat="25.149475000798702" lon="121.60427201539278">
        <ele>368.399999999999977</ele>
        <time>2026-09-20T01:32:37Z</time>
      </trkpt>
      <trkpt lat="25.14944801107049" lon="121.604278972372413">
        <ele>368.399999999999977</ele>
        <time>2026-09-20T01:32:41Z</time>
      </trkpt>
      <trkpt lat="25.149423032999039" lon="121.604276038706303">
        <ele>368</ele>
        <time>2026-09-20T01:32:45Z</time>
      </trkpt>
      <trkpt lat="25.149407023563981" lon="121.604285007342696">
        <ele>368.5</ele>
        <time>2026-09-20T01:32:49Z</time>
      </trkpt>
      <trkpt lat="25.149386990815401" lon="121.604286013171077">
        <ele>370.699999999999989</ele>
        <time>2026-09-20T01:32:53Z</time>
      </trkpt>
      <trkpt lat="25.149410963058472" lon="121.60431501455605">
        <ele>371.100000000000023</ele>
        <time>2026-09-20T01:32:57Z</time>
      </trkpt>
      <trkpt lat="25.149404006078839" lon="121.604330018162727">
        <ele>370.5</ele>
        <time>2026-09-20T01:33:01Z</time>
      </trkpt>
      <trkpt lat="25.14938497915864" lon="121.604334963485599">
        <ele>369.100000000000023</ele>
        <time>2026-09-20T01:33:05Z</time>
      </trkpt>
      <trkpt lat="25.149373998865485" lon="121.604346027597785">
        <ele>367.899999999999977</ele>
        <time>2026-09-20T01:33:09Z</time>
      </trkpt>
      <trkpt lat="25.149371987208724" lon="121.604382991790771">
        <ele>368.199999999999989</ele>
        <time>2026-09-20T01:33:13Z</time>
      </trkpt>
      <trkpt lat="25.14936201274395" lon="121.604425990954041">
        <ele>368.600000000000023</ele>
        <time>2026-09-20T01:33:17Z</time>
      </trkpt>
      <trkpt lat="25.149357989430428" lon="121.604446023702621">
        <ele>370.100000000000023</ele>
        <time>2026-09-20T01:33:20Z</time>
      </trkpt>
      <trkpt lat="25.149349020794034" lon="121.604455998167396">
        <ele>368.199999999999989</ele>
        <time>2026-09-20T01:33:23Z</time>
      </trkpt>
      <trkpt lat="25.149333011358976" lon="121.604460021480918">
        <ele>368.300000000000011</ele>
        <time>2026-09-20T01:33:26Z</time>
      </trkpt>
      <trkpt lat="25.149326976388693" lon="121.604482987895608">
        <ele>368.199999999999989</ele>
        <time>2026-09-20T01:33:29Z</time>
      </trkpt>
      <trkpt lat="25.149322031065822" lon="121.604492962360382">
        <ele>365.600000000000023</ele>
        <time>2026-09-20T01:33:33Z</time>
      </trkpt>
      <trkpt lat="25.149309039115906" lon="121.604515006765723">
        <ele>365.399999999999977</ele>
        <time>2026-09-20T01:33:36Z</time>
      </trkpt>
      <trkpt lat="25.149297975003719" lon="121.604526992887259">
        <ele>364.899999999999977</ele>
        <time>2026-09-20T01:33:39Z</time>
      </trkpt>
      <trkpt lat="25.149282971397042" lon="121.604555994272232">
        <ele>365.800000000000011</ele>
        <time>2026-09-20T01:33:42Z</time>
      </trkpt>
      <trkpt lat="25.149265034124255" lon="121.604581978172064">
        <ele>365</ele>
        <time>2026-09-20T01:33:45Z</time>
      </trkpt>
      <trkpt lat="25.149250030517578" lon="121.604605028405786">
        <ele>364.899999999999977</ele>
        <time>2026-09-20T01:33:48Z</time>
      </trkpt>
      <trkpt lat="25.149248018860817" lon="121.60463897511363">
        <ele>364.5</ele>
        <time>2026-09-20T01:33:51Z</time>
      </trkpt>
      <trkpt lat="25.149237038567662" lon="121.604670993983746">
        <ele>364.100000000000023</ele>
        <time>2026-09-20T01:33:54Z</time>
      </trkpt>
      <trkpt lat="25.149226980283856" lon="121.604685997590423">
        <ele>364.399999999999977</ele>
        <time>2026-09-20T01:33:57Z</time>
      </trkpt>
      <trkpt lat="25.14921298250556" lon="121.604718016460538">
        <ele>365</ele>
        <time>2026-09-20T01:34:00Z</time>
      </trkpt>
      <trkpt lat="25.149205019697547" lon="121.604748023673892">
        <ele>366.800000000000011</ele>
        <time>2026-09-20T01:34:03Z</time>
      </trkpt>
      <trkpt lat="25.149184986948967" lon="121.604779036715627">
        <ele>367.300000000000011</ele>
        <time>2026-09-20T01:34:06Z</time>
      </trkpt>
      <trkpt lat="25.149161014705896" lon="121.604794040322304">
        <ele>368.199999999999989</ele>
        <time>2026-09-20T01:34:09Z</time>
      </trkpt>
      <trkpt lat="25.149137964472175" lon="121.604825975373387">
        <ele>368.399999999999977</ele>
        <time>2026-09-20T01:34:12Z</time>
      </trkpt>
      <trkpt lat="25.149128995835781" lon="121.604857994243503">
        <ele>368.800000000000011</ele>
        <time>2026-09-20T01:34:15Z</time>
      </trkpt>
      <trkpt lat="25.149122960865498" lon="121.60489303059876">
        <ele>369.199999999999989</ele>
        <time>2026-09-20T01:34:18Z</time>
      </trkpt>
      <trkpt lat="25.149119021371007" lon="121.604921026155353">
        <ele>367.600000000000023</ele>
        <time>2026-09-20T01:34:21Z</time>
      </trkpt>
      <trkpt lat="25.149110974743962" lon="121.604954972863197">
        <ele>367.699999999999989</ele>
        <time>2026-09-20T01:34:24Z</time>
      </trkpt>
      <trkpt lat="25.149098988622427" lon="121.6049790289253">
        <ele>368.199999999999989</ele>
        <time>2026-09-20T01:34:27Z</time>
      </trkpt>
      <trkpt lat="25.149090019986033" lon="121.605008030310273">
        <ele>368.600000000000023</ele>
        <time>2026-09-20T01:34:30Z</time>
      </trkpt>
      <trkpt lat="25.149076022207737" lon="121.605037031695247">
        <ele>370</ele>
        <time>2026-09-20T01:34:33Z</time>
      </trkpt>
      <trkpt lat="25.149053977802396" lon="121.605054968968034">
        <ele>369.800000000000011</ele>
        <time>2026-09-20T01:34:36Z</time>
      </trkpt>
      <trkpt lat="25.149035034701228" lon="121.605075001716614">
        <ele>370.5</ele>
        <time>2026-09-20T01:34:39Z</time>
      </trkpt>
      <trkpt lat="25.149001004174352" lon="121.605100985616446">
        <ele>370.100000000000023</ele>
        <time>2026-09-20T01:34:42Z</time>
      </trkpt>
      <trkpt lat="25.148972002789378" lon="121.605133004486561">
        <ele>371.100000000000023</ele>
        <time>2026-09-20T01:34:46Z</time>
      </trkpt>
      <trkpt lat="25.148936966434121" lon="121.605159994214773">
        <ele>370.699999999999989</ele>
        <time>2026-09-20T01:34:50Z</time>
      </trkpt>
      <trkpt lat="25.148906037211418" lon="121.60519503057003">
        <ele>371.399999999999977</ele>
        <time>2026-09-20T01:34:54Z</time>
      </trkpt>
      <trkpt lat="25.148878963664174" lon="121.605220008641481">
        <ele>371.600000000000023</ele>
        <time>2026-09-20T01:34:58Z</time>
      </trkpt>
      <trkpt lat="25.148850968107581" lon="121.605242975056171">
        <ele>369.800000000000011</ele>
        <time>2026-09-20T01:35:02Z</time>
      </trkpt>
      <trkpt lat="25.148829007521272" lon="121.60528102889657">
        <ele>369.199999999999989</ele>
        <time>2026-09-20T01:35:06Z</time>
      </trkpt>
      <trkpt lat="25.148831019178033" lon="121.605320004746318">
        <ele>371.399999999999977</ele>
        <time>2026-09-20T01:35:10Z</time>
      </trkpt>
      <trkpt lat="25.14882599003613" lon="121.60536702722311">
        <ele>369.800000000000011</ele>
        <time>2026-09-20T01:35:14Z</time>
      </trkpt>
      <trkpt lat="25.148830013349652" lon="121.60541296005249">
        <ele>371.5</ele>
        <time>2026-09-20T01:35:18Z</time>
      </trkpt>
      <trkpt lat="25.14880302362144" lon="121.605464005842805">
        <ele>370.600000000000023</ele>
        <time>2026-09-20T01:35:22Z</time>
      </trkpt>
      <trkpt lat="25.148788020014763" lon="121.605500970035791">
        <ele>372.100000000000023</ele>
        <time>2026-09-20T01:35:26Z</time>
      </trkpt>
      <trkpt lat="25.148769998922944" lon="121.605535000562668">
        <ele>372</ele>
        <time>2026-09-20T01:35:30Z</time>
      </trkpt>
      <trkpt lat="25.148761030286551" lon="121.605576993897557">
        <ele>372.199999999999989</ele>
        <time>2026-09-20T01:35:33Z</time>
      </trkpt>
      <trkpt lat="25.148756001144648" lon="121.60560498945415">
        <ele>372.199999999999989</ele>
        <time>2026-09-20T01:35:36Z</time>
      </trkpt>
      <trkpt lat="25.148748038336635" lon="121.605634996667504">
        <ele>372.300000000000011</ele>
        <time>2026-09-20T01:35:39Z</time>
      </trkpt>
      <trkpt lat="25.14873999170959" lon="121.605662992224097">
        <ele>373.399999999999977</ele>
        <time>2026-09-20T01:35:42Z</time>
      </trkpt>
      <trkpt lat="25.148735968396068" lon="121.605686964467168">
        <ele>372.800000000000011</ele>
        <time>2026-09-20T01:35:45Z</time>
      </trkpt>
      <trkpt lat="25.148710990324616" lon="121.605720994994044">
        <ele>372.199999999999989</ele>
        <time>2026-09-20T01:35:48Z</time>
      </trkpt>
      <trkpt lat="25.148677965626121" lon="121.605739016085863">
        <ele>373.100000000000023</ele>
        <time>2026-09-20T01:35:51Z</time>
      </trkpt>
      <trkpt lat="25.148659022524953" lon="121.605757037177682">
        <ele>373.899999999999977</ele>
        <time>2026-09-20T01:35:54Z</time>
      </trkpt>
      <trkpt lat="25.14863102696836" lon="121.605766005814075">
        <ele>374</ele>
        <time>2026-09-20T01:35:57Z</time>
      </trkpt>
      <trkpt lat="25.148605965077877" lon="121.60577598027885">
        <ele>375</ele>
        <time>2026-09-20T01:36:00Z</time>
      </trkpt>
      <trkpt lat="25.148573024198413" lon="121.605801964178681">
        <ele>377.199999999999989</ele>
        <time>2026-09-20T01:36:03Z</time>
      </trkpt>
      <trkpt lat="25.148498006165028" lon="121.605804981663823">
        <ele>376</ele>
        <time>2026-09-20T01:36:06Z</time>
      </trkpt>
      <trkpt lat="25.148408990353346" lon="121.605812022462487">
        <ele>377.5</ele>
        <time>2026-09-20T01:36:09Z</time>
      </trkpt>
      <trkpt lat="25.14833003282547" lon="121.605805987492204">
        <ele>381.100000000000023</ele>
        <time>2026-09-20T01:36:12Z</time>
      </trkpt>
      <trkpt lat="25.148256020620465" lon="121.605751002207398">
        <ele>383.100000000000023</ele>
        <time>2026-09-20T01:36:15Z</time>
      </trkpt>
      <trkpt lat="25.148241017013788" lon="121.605716971680522">
        <ele>384.199999999999989</ele>
        <time>2026-09-20T01:36:18Z</time>
      </trkpt>
      <trkpt lat="25.148204974830151" lon="121.605714038014412">
        <ele>384.600000000000023</ele>
        <time>2026-09-20T01:36:21Z</time>
      </trkpt>
      <trkpt lat="25.148197012022138" lon="121.605708003044128">
        <ele>384.399999999999977</ele>
        <time>2026-09-20T01:36:25Z</time>
      </trkpt>
      <trkpt lat="25.148184020072222" lon="121.605716971680522">
        <ele>384.100000000000023</ele>
        <time>2026-09-20T01:36:28Z</time>
      </trkpt>
      <trkpt lat="25.148183014243841" lon="121.605704985558987">
        <ele>383.699999999999989</ele>
        <time>2026-09-20T01:36:34Z</time>
      </trkpt>
      <trkpt lat="25.148178990930319" lon="121.605714038014412">
        <ele>385.199999999999989</ele>
        <time>2026-09-20T01:36:42Z</time>
      </trkpt>
      <trkpt lat="25.148176979273558" lon="121.605703979730606">
        <ele>384.699999999999989</ele>
        <time>2026-09-20T01:36:45Z</time>
      </trkpt>
      <trkpt lat="25.148172033950686" lon="121.605686964467168">
        <ele>383.399999999999977</ele>
        <time>2026-09-20T01:36:48Z</time>
      </trkpt>
      <trkpt lat="25.1481609698385" lon="121.60566701553762">
        <ele>384.100000000000023</ele>
        <time>2026-09-20T01:36:52Z</time>
      </trkpt>
      <trkpt lat="25.148127023130655" lon="121.605643965303898">
        <ele>383.800000000000011</ele>
        <time>2026-09-20T01:36:56Z</time>
      </trkpt>
      <trkpt lat="25.148087963461876" lon="121.605629967525601">
        <ele>384.199999999999989</ele>
        <time>2026-09-20T01:37:00Z</time>
      </trkpt>
      <trkpt lat="25.148043036460876" lon="121.605619993060827">
        <ele>385.100000000000023</ele>
        <time>2026-09-20T01:37:04Z</time>
      </trkpt>
      <trkpt lat="25.148000959306955" lon="121.605595014989376">
        <ele>383.899999999999977</ele>
        <time>2026-09-20T01:37:08Z</time>
      </trkpt>
      <trkpt lat="25.147959971800447" lon="121.605569031089544">
        <ele>384.100000000000023</ele>
        <time>2026-09-20T01:37:12Z</time>
      </trkpt>
      <trkpt lat="25.147926025092602" lon="121.605529971420765">
        <ele>384.899999999999977</ele>
        <time>2026-09-20T01:37:16Z</time>
      </trkpt>
      <trkpt lat="25.147903980687261" lon="121.605489989742637">
        <ele>385.300000000000011</ele>
        <time>2026-09-20T01:37:20Z</time>
      </trkpt>
      <trkpt lat="25.147890988737345" lon="121.605446990579367">
        <ele>384</ele>
        <time>2026-09-20T01:37:24Z</time>
      </trkpt>
      <trkpt lat="25.147857964038849" lon="121.605412038043141">
        <ele>385.5</ele>
        <time>2026-09-20T01:37:28Z</time>
      </trkpt>
      <trkpt lat="25.14781697653234" lon="121.605386976152658">
        <ele>385.699999999999989</ele>
        <time>2026-09-20T01:37:32Z</time>
      </trkpt>
      <trkpt lat="25.147778000682592" lon="121.605383958667517">
        <ele>386.199999999999989</ele>
        <time>2026-09-20T01:37:36Z</time>
      </trkpt>
      <trkpt lat="25.147732989862561" lon="121.605380019173026">
        <ele>386.699999999999989</ele>
        <time>2026-09-20T01:37:40Z</time>
      </trkpt>
      <trkpt lat="25.147695019841194" lon="121.605373984202743">
        <ele>387.199999999999989</ele>
        <time>2026-09-20T01:37:44Z</time>
      </trkpt>
      <trkpt lat="25.147654032334685" lon="121.60534699447453">
        <ele>384</ele>
        <time>2026-09-20T01:37:48Z</time>
      </trkpt>
      <trkpt lat="25.147614972665906" lon="121.605340037494898">
        <ele>384.699999999999989</ele>
        <time>2026-09-20T01:37:52Z</time>
      </trkpt>
      <trkpt lat="25.147598963230848" lon="121.605379013344646">
        <ele>384.5</ele>
        <time>2026-09-20T01:37:56Z</time>
      </trkpt>
      <trkpt lat="25.147597035393119" lon="121.605394016951323">
        <ele>382.699999999999989</ele>
        <time>2026-09-20T01:38:00Z</time>
      </trkpt>
      <trkpt lat="25.147612038999796" lon="121.605396028608084">
        <ele>381</ele>
        <time>2026-09-20T01:38:04Z</time>
      </trkpt>
      <trkpt lat="25.147661995142698" lon="121.605423018336296">
        <ele>380.399999999999977</ele>
        <time>2026-09-20T01:38:08Z</time>
      </trkpt>
      <trkpt lat="25.14770801179111" lon="121.605427963659167">
        <ele>379.300000000000011</ele>
        <time>2026-09-20T01:38:12Z</time>
      </trkpt>
      <trkpt lat="25.147758973762393" lon="121.605439027771354">
        <ele>378.800000000000011</ele>
        <time>2026-09-20T01:38:16Z</time>
      </trkpt>
      <trkpt lat="25.147809013724327" lon="121.605480015277863">
        <ele>376.899999999999977</ele>
        <time>2026-09-20T01:38:20Z</time>
      </trkpt>
      <trkpt lat="25.147831980139017" lon="121.605532988905907">
        <ele>378.100000000000023</ele>
        <time>2026-09-20T01:38:24Z</time>
      </trkpt>
      <trkpt lat="25.147839020937681" lon="121.605579005554318">
        <ele>378.899999999999977</ele>
        <time>2026-09-20T01:38:27Z</time>
      </trkpt>
      <trkpt lat="25.147855030372739" lon="121.605636002495885">
        <ele>377.300000000000011</ele>
        <time>2026-09-20T01:38:31Z</time>
      </trkpt>
      <trkpt lat="25.147853018715978" lon="121.605696016922593">
        <ele>374</ele>
        <time>2026-09-20T01:38:35Z</time>
      </trkpt>
      <trkpt lat="25.147869028151035" lon="121.605755025520921">
        <ele>373.100000000000023</ele>
        <time>2026-09-20T01:38:39Z</time>
      </trkpt>
      <trkpt lat="25.147879002615809" lon="121.605807999148965">
        <ele>373</ele>
        <time>2026-09-20T01:38:43Z</time>
      </trkpt>
      <trkpt lat="25.147913033142686" lon="121.605845969170332">
        <ele>374.100000000000023</ele>
        <time>2026-09-20T01:38:47Z</time>
      </trkpt>
      <trkpt lat="25.147938011214137" lon="121.605872036889195">
        <ele>371.399999999999977</ele>
        <time>2026-09-20T01:38:51Z</time>
      </trkpt>
      <trkpt lat="25.147987967357039" lon="121.605895003303885">
        <ele>368</ele>
        <time>2026-09-20T01:38:55Z</time>
      </trkpt>
      <trkpt lat="25.14798603951931" lon="121.605956023558974">
        <ele>363.800000000000011</ele>
        <time>2026-09-20T01:38:59Z</time>
      </trkpt>
      <trkpt lat="25.147973969578743" lon="121.60601201467216">
        <ele>361.399999999999977</ele>
        <time>2026-09-20T01:39:03Z</time>
      </trkpt>
      <trkpt lat="25.147951003164053" lon="121.606080997735262">
        <ele>363.199999999999989</ele>
        <time>2026-09-20T01:39:07Z</time>
      </trkpt>
      <trkpt lat="25.147939017042518" lon="121.606133971363306">
        <ele>360.100000000000023</ele>
        <time>2026-09-20T01:39:11Z</time>
      </trkpt>
      <trkpt lat="25.147927030920982" lon="121.606187028810382">
        <ele>357.800000000000011</ele>
        <time>2026-09-20T01:39:15Z</time>
      </trkpt>
      <trkpt lat="25.147914960980415" lon="121.606246959418058">
        <ele>357.5</ele>
        <time>2026-09-20T01:39:19Z</time>
      </trkpt>
      <trkpt lat="25.147901969030499" lon="121.606294987723231">
        <ele>356.300000000000011</ele>
        <time>2026-09-20T01:39:23Z</time>
      </trkpt>
      <trkpt lat="25.147891994565725" lon="121.606343016028404">
        <ele>355.199999999999989</ele>
        <time>2026-09-20T01:39:27Z</time>
      </trkpt>
      <trkpt lat="25.147872967645526" lon="121.606395989656448">
        <ele>355</ele>
        <time>2026-09-20T01:39:31Z</time>
      </trkpt>
      <trkpt lat="25.147858969867229" lon="121.606448963284492">
        <ele>353.899999999999977</ele>
        <time>2026-09-20T01:39:35Z</time>
      </trkpt>
      <trkpt lat="25.147842038422823" lon="121.606501014903188">
        <ele>353.699999999999989</ele>
        <time>2026-09-20T01:39:39Z</time>
      </trkpt>
      <trkpt lat="25.147843966260552" lon="121.606558011844754">
        <ele>354.699999999999989</ele>
        <time>2026-09-20T01:39:43Z</time>
      </trkpt>
      <trkpt lat="25.147856958210468" lon="121.606608973816037">
        <ele>355.100000000000023</ele>
        <time>2026-09-20T01:39:47Z</time>
      </trkpt>
      <trkpt lat="25.147874979302287" lon="121.60665599629283">
        <ele>355.199999999999989</ele>
        <time>2026-09-20T01:39:51Z</time>
      </trkpt>
      <trkpt lat="25.147888977080584" lon="121.606706036254764">
        <ele>356.300000000000011</ele>
        <time>2026-09-20T01:39:55Z</time>
      </trkpt>
      <trkpt lat="25.147879002615809" lon="121.606737971305847">
        <ele>355.399999999999977</ele>
        <time>2026-09-20T01:39:59Z</time>
      </trkpt>
      <trkpt lat="25.147843966260552" lon="121.606750963255763">
        <ele>354.399999999999977</ele>
        <time>2026-09-20T01:40:03Z</time>
      </trkpt>
      <trkpt lat="25.147840026766062" lon="121.606761021539569">
        <ele>354.899999999999977</ele>
        <time>2026-09-20T01:40:08Z</time>
      </trkpt>
      <trkpt lat="25.147844972088933" lon="121.606770996004343">
        <ele>357.199999999999989</ele>
        <time>2026-09-20T01:40:23Z</time>
      </trkpt>
      <trkpt lat="25.147846983745694" lon="121.606787005439401">
        <ele>359</ele>
        <time>2026-09-20T01:40:41Z</time>
      </trkpt>
      <trkpt lat="25.147857964038849" lon="121.606778036803007">
        <ele>358.600000000000023</ele>
        <time>2026-09-20T01:40:49Z</time>
      </trkpt>
      <trkpt lat="25.147873973473907" lon="121.606756998226047">
        <ele>357.399999999999977</ele>
        <time>2026-09-20T01:40:53Z</time>
      </trkpt>
      <trkpt lat="25.147871039807796" lon="121.60672003403306">
        <ele>355.800000000000011</ele>
        <time>2026-09-20T01:40:57Z</time>
      </trkpt>
      <trkpt lat="25.147865004837513" lon="121.606709975749254">
        <ele>356.399999999999977</ele>
        <time>2026-09-20T01:41:01Z</time>
      </trkpt>
      <trkpt lat="25.147854024544358" lon="121.606690026819706">
        <ele>356.399999999999977</ele>
        <time>2026-09-20T01:41:05Z</time>
      </trkpt>
      <trkpt lat="25.147848995402455" lon="121.606670999899507">
        <ele>355.600000000000023</ele>
        <time>2026-09-20T01:41:09Z</time>
      </trkpt>
      <trkpt lat="25.147842038422823" lon="121.606632024049759">
        <ele>355.699999999999989</ele>
        <time>2026-09-20T01:41:13Z</time>
      </trkpt>
      <trkpt lat="25.147836003452539" lon="121.606594976037741">
        <ele>356.199999999999989</ele>
        <time>2026-09-20T01:41:17Z</time>
      </trkpt>
      <trkpt lat="25.147827034816146" lon="121.606554994359612">
        <ele>357.100000000000023</ele>
        <time>2026-09-20T01:41:21Z</time>
      </trkpt>
      <trkpt lat="25.147824017331004" lon="121.606546025723219">
        <ele>357.199999999999989</ele>
        <time>2026-09-20T01:41:25Z</time>
      </trkpt>
      <trkpt lat="25.147819994017482" lon="121.606515012681484">
        <ele>357.600000000000023</ele>
        <time>2026-09-20T01:41:29Z</time>
      </trkpt>
      <trkpt lat="25.147826028987765" lon="121.606477964669466">
        <ele>357.399999999999977</ele>
        <time>2026-09-20T01:41:33Z</time>
      </trkpt>
      <trkpt lat="25.147840026766062" lon="121.606436977162957">
        <ele>356.399999999999977</ele>
        <time>2026-09-20T01:41:37Z</time>
      </trkpt>
      <trkpt lat="25.147848995402455" lon="121.606402024626732">
        <ele>357.300000000000011</ele>
        <time>2026-09-20T01:41:41Z</time>
      </trkpt>
      <trkpt lat="25.147851007059216" lon="121.606362964957952">
        <ele>359.399999999999977</ele>
        <time>2026-09-20T01:41:45Z</time>
      </trkpt>
      <trkpt lat="25.147858969867229" lon="121.606329018250108">
        <ele>359.600000000000023</ele>
        <time>2026-09-20T01:41:49Z</time>
      </trkpt>
      <trkpt lat="25.147868022322655" lon="121.60628903657198">
        <ele>361.399999999999977</ele>
        <time>2026-09-20T01:41:53Z</time>
      </trkpt>
      <trkpt lat="25.147877996787429" lon="121.606252994388342">
        <ele>361.100000000000023</ele>
        <time>2026-09-20T01:41:57Z</time>
      </trkpt>
      <trkpt lat="25.147894006222486" lon="121.606228016316891">
        <ele>360.399999999999977</ele>
        <time>2026-09-20T01:42:01Z</time>
      </trkpt>
      <trkpt lat="25.147912027314305" lon="121.60618401132524">
        <ele>359.800000000000011</ele>
        <time>2026-09-20T01:42:05Z</time>
      </trkpt>
      <trkpt lat="25.14792300760746" lon="121.606148974969983">
        <ele>359.699999999999989</ele>
        <time>2026-09-20T01:42:09Z</time>
      </trkpt>
      <trkpt lat="25.147919990122318" lon="121.60611997358501">
        <ele>359.899999999999977</ele>
        <time>2026-09-20T01:42:13Z</time>
      </trkpt>
      <trkpt lat="25.147927030920982" lon="121.606090972200036">
        <ele>360.899999999999977</ele>
        <time>2026-09-20T01:42:17Z</time>
      </trkpt>
      <trkpt lat="25.147938011214137" lon="121.606050990521908">
        <ele>361.300000000000011</ele>
        <time>2026-09-20T01:42:21Z</time>
      </trkpt>
      <trkpt lat="25.147957038134336" lon="121.606018971651793">
        <ele>361.699999999999989</ele>
        <time>2026-09-20T01:42:25Z</time>
      </trkpt>
      <trkpt lat="25.147960977628827" lon="121.605988964438438">
        <ele>365.600000000000023</ele>
        <time>2026-09-20T01:42:29Z</time>
      </trkpt>
      <trkpt lat="25.147963995113969" lon="121.605950994417071">
        <ele>366.699999999999989</ele>
        <time>2026-09-20T01:42:33Z</time>
      </trkpt>
      <trkpt lat="25.147970030084252" lon="121.605924004688859">
        <ele>368.100000000000023</ele>
        <time>2026-09-20T01:42:37Z</time>
      </trkpt>
      <trkpt lat="25.147968018427491" lon="121.605891985818744">
        <ele>367.5</ele>
        <time>2026-09-20T01:42:41Z</time>
      </trkpt>
      <trkpt lat="25.14794597402215" lon="121.605887962505221">
        <ele>371</ele>
        <time>2026-09-20T01:42:45Z</time>
      </trkpt>
      <trkpt lat="25.147917978465557" lon="121.605855021625757">
        <ele>370.399999999999977</ele>
        <time>2026-09-20T01:42:49Z</time>
      </trkpt>
      <trkpt lat="25.14790297485888" lon="121.605832977220416">
        <ele>371.899999999999977</ele>
        <time>2026-09-20T01:42:53Z</time>
      </trkpt>
      <trkpt lat="25.147869028151035" lon="121.605829959735274">
        <ele>376.800000000000011</ele>
        <time>2026-09-20T01:42:56Z</time>
      </trkpt>
      <trkpt lat="25.147863999009132" lon="121.605780003592372">
        <ele>374.800000000000011</ele>
        <time>2026-09-20T01:43:00Z</time>
      </trkpt>
      <trkpt lat="25.147851007059216" lon="121.60575301386416">
        <ele>374.699999999999989</ele>
        <time>2026-09-20T01:43:03Z</time>
      </trkpt>
      <trkpt lat="25.147826028987765" lon="121.605759970843792">
        <ele>380.399999999999977</ele>
        <time>2026-09-20T01:43:07Z</time>
      </trkpt>
      <trkpt lat="25.147823011502624" lon="121.60571102052927">
        <ele>379</ele>
        <time>2026-09-20T01:43:11Z</time>
      </trkpt>
      <trkpt lat="25.147817982360721" lon="121.605652011930943">
        <ele>376.100000000000023</ele>
        <time>2026-09-20T01:43:15Z</time>
      </trkpt>
      <trkpt lat="25.147813037037849" lon="121.605601971969008">
        <ele>377.199999999999989</ele>
        <time>2026-09-20T01:43:19Z</time>
      </trkpt>
      <trkpt lat="25.147820999845862" lon="121.605569031089544">
        <ele>376.300000000000011</ele>
        <time>2026-09-20T01:43:23Z</time>
      </trkpt>
      <trkpt lat="25.147826028987765" lon="121.605542041361332">
        <ele>377</ele>
        <time>2026-09-20T01:43:27Z</time>
      </trkpt>
      <trkpt lat="25.147828040644526" lon="121.605508010834455">
        <ele>377.199999999999989</ele>
        <time>2026-09-20T01:43:31Z</time>
      </trkpt>
      <trkpt lat="25.147813037037849" lon="121.605490995571017">
        <ele>380.699999999999989</ele>
        <time>2026-09-20T01:43:35Z</time>
      </trkpt>
      <trkpt lat="25.147801972925663" lon="121.60547498613596">
        <ele>384.399999999999977</ele>
        <time>2026-09-20T01:43:39Z</time>
      </trkpt>
      <trkpt lat="25.147783029824495" lon="121.605451013892889">
        <ele>384.399999999999977</ele>
        <time>2026-09-20T01:43:43Z</time>
      </trkpt>
      <trkpt lat="25.147750005125999" lon="121.605427963659167">
        <ele>384.800000000000011</ele>
        <time>2026-09-20T01:43:47Z</time>
      </trkpt>
      <trkpt lat="25.147728966549039" lon="121.605418995022774">
        <ele>384.5</ele>
        <time>2026-09-20T01:43:51Z</time>
      </trkpt>
      <trkpt lat="25.147711029276252" lon="121.605407008901238">
        <ele>383.800000000000011</ele>
        <time>2026-09-20T01:43:55Z</time>
      </trkpt>
      <trkpt lat="25.147686973214149" lon="121.605402985587716">
        <ele>383.699999999999989</ele>
        <time>2026-09-20T01:43:59Z</time>
      </trkpt>
      <trkpt lat="25.147653026506305" lon="121.605384964495897">
        <ele>382.800000000000011</ele>
        <time>2026-09-20T01:44:03Z</time>
      </trkpt>
      <trkpt lat="25.147621007636189" lon="121.605358980596066">
        <ele>382.699999999999989</ele>
        <time>2026-09-20T01:44:07Z</time>
      </trkpt>
      <trkpt lat="25.147597035393119" lon="121.605321010574698">
        <ele>383.5</ele>
        <time>2026-09-20T01:44:11Z</time>
      </trkpt>
      <trkpt lat="25.147583037614822" lon="121.60530399531126">
        <ele>383.399999999999977</ele>
        <time>2026-09-20T01:44:15Z</time>
      </trkpt>
      <trkpt lat="25.147594017907977" lon="121.60530298948288">
        <ele>383.600000000000023</ele>
        <time>2026-09-20T01:44:39Z</time>
      </trkpt>
      <trkpt lat="25.147559987381101" lon="121.605311036109924">
        <ele>383.5</ele>
        <time>2026-09-20T01:44:43Z</time>
      </trkpt>
      <trkpt lat="25.147524029016495" lon="121.605316987261176">
        <ele>381.800000000000011</ele>
        <time>2026-09-20T01:44:47Z</time>
      </trkpt>
      <trkpt lat="25.147486981004477" lon="121.605316987261176">
        <ele>382.399999999999977</ele>
        <time>2026-09-20T01:44:51Z</time>
      </trkpt>
      <trkpt lat="25.147451022639871" lon="121.605332996696234">
        <ele>384.5</ele>
        <time>2026-09-20T01:44:55Z</time>
      </trkpt>
      <trkpt lat="25.147421015426517" lon="121.605349006131291">
        <ele>383.800000000000011</ele>
        <time>2026-09-20T01:44:59Z</time>
      </trkpt>
      <trkpt lat="25.147390002384782" lon="121.605378007516265">
        <ele>383.199999999999989</ele>
        <time>2026-09-20T01:45:03Z</time>
      </trkpt>
      <trkpt lat="25.147365024313331" lon="121.605415977537632">
        <ele>381.899999999999977</ele>
        <time>2026-09-20T01:45:07Z</time>
      </trkpt>
      <trkpt lat="25.147331999614835" lon="121.605455037206411">
        <ele>384.100000000000023</ele>
        <time>2026-09-20T01:45:11Z</time>
      </trkpt>
      <trkpt lat="25.147339040413499" lon="121.605473980307579">
        <ele>383.199999999999989</ele>
        <time>2026-09-20T01:45:15Z</time>
      </trkpt>
      <trkpt lat="25.147348009049892" lon="121.605472974479198">
        <ele>383.199999999999989</ele>
        <time>2026-09-20T01:45:23Z</time>
      </trkpt>
      <trkpt lat="25.147367035970092" lon="121.605469034984708">
        <ele>381.699999999999989</ele>
        <time>2026-09-20T01:45:26Z</time>
      </trkpt>
      <trkpt lat="25.147377010434866" lon="121.605469034984708">
        <ele>380</ele>
        <time>2026-09-20T01:45:29Z</time>
      </trkpt>
      <trkpt lat="25.147383967414498" lon="121.605461994186044">
        <ele>380.100000000000023</ele>
        <time>2026-09-20T01:45:34Z</time>
      </trkpt>
      <trkpt lat="25.147384973242879" lon="121.605451013892889">
        <ele>379.300000000000011</ele>
        <time>2026-09-20T01:45:42Z</time>
      </trkpt>
      <trkpt lat="25.147399976849556" lon="121.605441039428115">
        <ele>379</ele>
        <time>2026-09-20T01:45:45Z</time>
      </trkpt>
      <trkpt lat="25.147412968799472" lon="121.605435004457831">
        <ele>379.300000000000011</ele>
        <time>2026-09-20T01:45:48Z</time>
      </trkpt>
      <trkpt lat="25.147426966577768" lon="121.605435004457831">
        <ele>379.399999999999977</ele>
        <time>2026-09-20T01:45:51Z</time>
      </trkpt>
      <trkpt lat="25.147439036518335" lon="121.605449002236128">
        <ele>379.199999999999989</ele>
        <time>2026-09-20T01:45:54Z</time>
      </trkpt>
      <trkpt lat="25.147453034296632" lon="121.60545201972127">
        <ele>378.300000000000011</ele>
        <time>2026-09-20T01:45:57Z</time>
      </trkpt>
      <trkpt lat="25.14747298322618" lon="121.605469034984708">
        <ele>377.399999999999977</ele>
        <time>2026-09-20T01:46:01Z</time>
      </trkpt>
      <trkpt lat="25.147497961297631" lon="121.605484960600734">
        <ele>375.399999999999977</ele>
        <time>2026-09-20T01:46:05Z</time>
      </trkpt>
      <trkpt lat="25.147526040673256" lon="121.605514967814088">
        <ele>376.199999999999989</ele>
        <time>2026-09-20T01:46:09Z</time>
      </trkpt>
      <trkpt lat="25.147544983774424" lon="121.605529971420765">
        <ele>377</ele>
        <time>2026-09-20T01:46:13Z</time>
      </trkpt>
      <trkpt lat="25.147554036229849" lon="121.605551009997725">
        <ele>375.800000000000011</ele>
        <time>2026-09-20T01:46:17Z</time>
      </trkpt>
      <trkpt lat="25.147560993209481" lon="121.605574982240796">
        <ele>376.199999999999989</ele>
        <time>2026-09-20T01:46:21Z</time>
      </trkpt>
      <trkpt lat="25.147566022351384" lon="121.605586968362331">
        <ele>376</ele>
        <time>2026-09-20T01:46:25Z</time>
      </trkpt>
      <trkpt lat="25.147582031786442" lon="121.605594009160995">
        <ele>375.800000000000011</ele>
        <time>2026-09-20T01:46:29Z</time>
      </trkpt>
      <trkpt lat="25.147592006251216" lon="121.60560498945415">
        <ele>375.800000000000011</ele>
        <time>2026-09-20T01:46:33Z</time>
      </trkpt>
      <trkpt lat="25.147602986544371" lon="121.605613958090544">
        <ele>374.600000000000023</ele>
        <time>2026-09-20T01:46:37Z</time>
      </trkpt>
      <trkpt lat="25.147613966837525" lon="121.605629967525601">
        <ele>373.800000000000011</ele>
        <time>2026-09-20T01:46:41Z</time>
      </trkpt>
      <trkpt lat="25.147636011242867" lon="121.60564698278904">
        <ele>373</ele>
        <time>2026-09-20T01:46:45Z</time>
      </trkpt>
      <trkpt lat="25.147658977657557" lon="121.605661986395717">
        <ele>372.899999999999977</ele>
        <time>2026-09-20T01:46:49Z</time>
      </trkpt>
      <trkpt lat="25.147675992920995" lon="121.605666009709239">
        <ele>371.300000000000011</ele>
        <time>2026-09-20T01:46:53Z</time>
      </trkpt>
      <trkpt lat="25.147698037326336" lon="121.605701968073845">
        <ele>371.399999999999977</ele>
        <time>2026-09-20T01:46:57Z</time>
      </trkpt>
      <trkpt lat="25.147711029276252" lon="121.60573398694396">
        <ele>372.800000000000011</ele>
        <time>2026-09-20T01:47:01Z</time>
      </trkpt>
      <trkpt lat="25.147712035104632" lon="121.605759970843792">
        <ele>372.600000000000023</ele>
        <time>2026-09-20T01:47:05Z</time>
      </trkpt>
      <trkpt lat="25.147725027054548" lon="121.60577598027885">
        <ele>370.699999999999989</ele>
        <time>2026-09-20T01:47:09Z</time>
      </trkpt>
      <trkpt lat="25.147733995690942" lon="121.605795007199049">
        <ele>370.100000000000023</ele>
        <time>2026-09-20T01:47:13Z</time>
      </trkpt>
      <trkpt lat="25.1477309782058" lon="121.605803975835443">
        <ele>368.399999999999977</ele>
        <time>2026-09-20T01:47:16Z</time>
      </trkpt>
      <trkpt lat="25.147731984034181" lon="121.605814034119248">
        <ele>368.399999999999977</ele>
        <time>2026-09-20T01:47:19Z</time>
      </trkpt>
      <trkpt lat="25.147741036489606" lon="121.605826020240784">
        <ele>367</ele>
        <time>2026-09-20T01:47:22Z</time>
      </trkpt>
      <trkpt lat="25.147754028439522" lon="121.605832977220416">
        <ele>367.100000000000023</ele>
        <time>2026-09-20T01:47:25Z</time>
      </trkpt>
      <trkpt lat="25.147760985419154" lon="121.605852004140615">
        <ele>368.300000000000011</ele>
        <time>2026-09-20T01:47:28Z</time>
      </trkpt>
      <trkpt lat="25.147768026217818" lon="121.605858961120248">
        <ele>368.600000000000023</ele>
        <time>2026-09-20T01:47:31Z</time>
      </trkpt>
      <trkpt lat="25.14777397736907" lon="121.605872036889195">
        <ele>367.5</ele>
        <time>2026-09-20T01:47:34Z</time>
      </trkpt>
      <trkpt lat="25.147789986804128" lon="121.605888968333602">
        <ele>366.100000000000023</ele>
        <time>2026-09-20T01:47:37Z</time>
      </trkpt>
      <trkpt lat="25.147796021774411" lon="121.605906989425421">
        <ele>365.300000000000011</ele>
        <time>2026-09-20T01:47:40Z</time>
      </trkpt>
      <trkpt lat="25.147799961268902" lon="121.60592501051724">
        <ele>365.300000000000011</ele>
        <time>2026-09-20T01:47:43Z</time>
      </trkpt>
      <trkpt lat="25.147801972925663" lon="121.605944037437439">
        <ele>365.300000000000011</ele>
        <time>2026-09-20T01:47:46Z</time>
      </trkpt>
      <trkpt lat="25.147798033431172" lon="121.605954011902213">
        <ele>365.399999999999977</ele>
        <time>2026-09-20T01:47:49Z</time>
      </trkpt>
      <trkpt lat="25.147795015946031" lon="121.60596901550889">
        <ele>364.899999999999977</ele>
        <time>2026-09-20T01:47:52Z</time>
      </trkpt>
      <trkpt lat="25.14779401011765" lon="121.605979995802045">
        <ele>364.699999999999989</ele>
        <time>2026-09-20T01:47:57Z</time>
      </trkpt>
      <trkpt lat="25.147791998460889" lon="121.605993993580341">
        <ele>363.199999999999989</ele>
        <time>2026-09-20T01:48:04Z</time>
      </trkpt>
      <trkpt lat="25.147784035652876" lon="121.606005979701877">
        <ele>363</ele>
        <time>2026-09-20T01:48:07Z</time>
      </trkpt>
      <trkpt lat="25.147772971540689" lon="121.606056019663811">
        <ele>363.600000000000023</ele>
        <time>2026-09-20T01:48:10Z</time>
      </trkpt>
      <trkpt lat="25.147748999297619" lon="121.606048978865147">
        <ele>364.800000000000011</ele>
        <time>2026-09-20T01:48:13Z</time>
      </trkpt>
      <trkpt lat="25.147762997075915" lon="121.606049984693527">
        <ele>363.399999999999977</ele>
        <time>2026-09-20T01:48:16Z</time>
      </trkpt>
      <trkpt lat="25.147771965712309" lon="121.606040010228753">
        <ele>361.199999999999989</ele>
        <time>2026-09-20T01:48:22Z</time>
      </trkpt>
      <trkpt lat="25.147782023996115" lon="121.606039004400373">
        <ele>360.300000000000011</ele>
        <time>2026-09-20T01:48:26Z</time>
      </trkpt>
      <trkpt lat="25.147797027602792" lon="121.606043027713895">
        <ele>359.600000000000023</ele>
        <time>2026-09-20T01:48:30Z</time>
      </trkpt>
      <trkpt lat="25.147810019552708" lon="121.606047973036766">
        <ele>360.100000000000023</ele>
        <time>2026-09-20T01:48:34Z</time>
      </trkpt>
      <trkpt lat="25.147813037037849" lon="121.606064988300204">
        <ele>361.300000000000011</ele>
        <time>2026-09-20T01:48:38Z</time>
      </trkpt>
      <trkpt lat="25.147807002067566" lon="121.606080997735262">
        <ele>360.899999999999977</ele>
        <time>2026-09-20T01:48:42Z</time>
      </trkpt>
      <trkpt lat="25.147797027602792" lon="121.606092983856797">
        <ele>361.5</ele>
        <time>2026-09-20T01:48:46Z</time>
      </trkpt>
      <trkpt lat="25.147801972925663" lon="121.606102036312222">
        <ele>362.5</ele>
        <time>2026-09-20T01:48:50Z</time>
      </trkpt>
      <trkpt lat="25.147810019552708" lon="121.606107987463474">
        <ele>361.600000000000023</ele>
        <time>2026-09-20T01:48:56Z</time>
      </trkpt>
      <trkpt lat="25.147796021774411" lon="121.606107987463474">
        <ele>361.699999999999989</ele>
        <time>2026-09-20T01:49:07Z</time>
      </trkpt>
      <trkpt lat="25.147797027602792" lon="121.606134977191687">
        <ele>362.300000000000011</ele>
        <time>2026-09-20T01:49:11Z</time>
      </trkpt>
      <trkpt lat="25.147779006510973" lon="121.606144029647112">
        <ele>361.399999999999977</ele>
        <time>2026-09-20T01:49:26Z</time>
      </trkpt>
      <trkpt lat="25.147784035652876" lon="121.606161966919899">
        <ele>362.800000000000011</ele>
        <time>2026-09-20T01:49:29Z</time>
      </trkpt>
      <trkpt lat="25.147782023996115" lon="121.606175964698195">
        <ele>362.300000000000011</ele>
        <time>2026-09-20T01:49:32Z</time>
      </trkpt>
      <trkpt lat="25.147776994854212" lon="121.606185017153621">
        <ele>362</ele>
        <time>2026-09-20T01:49:35Z</time>
      </trkpt>
      <trkpt lat="25.147780012339354" lon="121.606193985790014">
        <ele>361</ele>
        <time>2026-09-20T01:49:40Z</time>
      </trkpt>
      <trkpt lat="25.147786969318986" lon="121.606202032417059">
        <ele>361.199999999999989</ele>
        <time>2026-09-20T01:49:44Z</time>
      </trkpt>
      <trkpt lat="25.147798033431172" lon="121.606199014931917">
        <ele>361</ele>
        <time>2026-09-20T01:49:51Z</time>
      </trkpt>
      <trkpt lat="25.147802978754044" lon="121.60620697773993">
        <ele>360.600000000000023</ele>
        <time>2026-09-20T01:50:00Z</time>
      </trkpt>
      <trkpt lat="25.147791998460889" lon="121.606219969689846">
        <ele>360.699999999999989</ele>
        <time>2026-09-20T01:50:03Z</time>
      </trkpt>
      <trkpt lat="25.147771965712309" lon="121.606230027973652">
        <ele>359.199999999999989</ele>
        <time>2026-09-20T01:50:07Z</time>
      </trkpt>
      <trkpt lat="25.147762997075915" lon="121.606237990781665">
        <ele>358.300000000000011</ele>
        <time>2026-09-20T01:50:11Z</time>
      </trkpt>
      <trkpt lat="25.147756962105632" lon="121.606252994388342">
        <ele>359.5</ele>
        <time>2026-09-20T01:50:18Z</time>
      </trkpt>
      <trkpt lat="25.147762997075915" lon="121.606265986338258">
        <ele>358</ele>
        <time>2026-09-20T01:50:26Z</time>
      </trkpt>
      <trkpt lat="25.147766014561057" lon="121.606275038793683">
        <ele>357.600000000000023</ele>
        <time>2026-09-20T01:50:30Z</time>
      </trkpt>
      <trkpt lat="25.147766014561057" lon="121.606287024915218">
        <ele>357.100000000000023</ele>
        <time>2026-09-20T01:50:34Z</time>
      </trkpt>
      <trkpt lat="25.147765008732677" lon="121.606300016865134">
        <ele>356.5</ele>
        <time>2026-09-20T01:50:40Z</time>
      </trkpt>
      <trkpt lat="25.147761991247535" lon="121.60631200298667">
        <ele>356.899999999999977</ele>
        <time>2026-09-20T01:50:47Z</time>
      </trkpt>
      <trkpt lat="25.147754028439522" lon="121.606324994936585">
        <ele>356.5</ele>
        <time>2026-09-20T01:50:50Z</time>
      </trkpt>
      <trkpt lat="25.147745981812477" lon="121.606343016028404">
        <ele>357</ele>
        <time>2026-09-20T01:50:54Z</time>
      </trkpt>
      <trkpt lat="25.147741958498955" lon="121.606351984664798">
        <ele>357.5</ele>
        <time>2026-09-20T01:51:06Z</time>
      </trkpt>
      <trkpt lat="25.147737013176084" lon="121.606361037120223">
        <ele>357.800000000000011</ele>
        <time>2026-09-20T01:51:10Z</time>
      </trkpt>
      <trkpt lat="25.1477309782058" lon="121.606372017413378">
        <ele>357.600000000000023</ele>
        <time>2026-09-20T01:51:14Z</time>
      </trkpt>
      <trkpt lat="25.147727960720658" lon="121.606395989656448">
        <ele>356.699999999999989</ele>
        <time>2026-09-20T01:51:18Z</time>
      </trkpt>
      <trkpt lat="25.147721003741026" lon="121.606407975777984">
        <ele>355.5</ele>
        <time>2026-09-20T01:51:22Z</time>
      </trkpt>
      <trkpt lat="25.147713962942362" lon="121.606424991041422">
        <ele>354.300000000000011</ele>
        <time>2026-09-20T01:51:26Z</time>
      </trkpt>
      <trkpt lat="25.147719997912645" lon="121.606434965506196">
        <ele>355.5</ele>
        <time>2026-09-20T01:51:29Z</time>
      </trkpt>
      <trkpt lat="25.147725027054548" lon="121.606447035446763">
        <ele>354.399999999999977</ele>
        <time>2026-09-20T01:51:34Z</time>
      </trkpt>
      <trkpt lat="25.147735001519322" lon="121.606460027396679">
        <ele>354.300000000000011</ele>
        <time>2026-09-20T01:51:39Z</time>
      </trkpt>
      <trkpt lat="25.147732989862561" lon="121.606470001861453">
        <ele>354.199999999999989</ele>
        <time>2026-09-20T01:51:51Z</time>
      </trkpt>
      <trkpt lat="25.147736007347703" lon="121.606479976326227">
        <ele>353.899999999999977</ele>
        <time>2026-09-20T01:51:55Z</time>
      </trkpt>
      <trkpt lat="25.147732989862561" lon="121.606497997418046">
        <ele>355.600000000000023</ele>
        <time>2026-09-20T01:51:59Z</time>
      </trkpt>
      <trkpt lat="25.147731984034181" lon="121.606513001024723">
        <ele>356.300000000000011</ele>
        <time>2026-09-20T01:52:04Z</time>
      </trkpt>
      <trkpt lat="25.147727038711309" lon="121.606540996581316">
        <ele>356.199999999999989</ele>
        <time>2026-09-20T01:52:08Z</time>
      </trkpt>
      <trkpt lat="25.147717986255884" lon="121.606546025723219">
        <ele>357</ele>
        <time>2026-09-20T01:52:19Z</time>
      </trkpt>
      <trkpt lat="25.147709017619491" lon="121.606548959389329">
        <ele>355.899999999999977</ele>
        <time>2026-09-20T01:52:30Z</time>
      </trkpt>
      <trkpt lat="25.147711029276252" lon="121.606537979096174">
        <ele>356.399999999999977</ele>
        <time>2026-09-20T01:52:36Z</time>
      </trkpt>
      <trkpt lat="25.147706000134349" lon="121.606548959389329">
        <ele>356</ele>
        <time>2026-09-20T01:52:48Z</time>
      </trkpt>
      <trkpt lat="25.147696025669575" lon="121.606548959389329">
        <ele>356.199999999999989</ele>
        <time>2026-09-20T01:53:16Z</time>
      </trkpt>
      <trkpt lat="25.147698959335685" lon="121.606560023501515">
        <ele>354.800000000000011</ele>
        <time>2026-09-20T01:53:38Z</time>
      </trkpt>
      <trkpt lat="25.147693008184433" lon="121.606552982702851">
        <ele>354.100000000000023</ele>
        <time>2026-09-20T01:54:16Z</time>
      </trkpt>
      <trkpt lat="25.147701976820827" lon="121.606551976874471">
        <ele>355.800000000000011</ele>
        <time>2026-09-20T01:54:20Z</time>
      </trkpt>
      <trkpt lat="25.147709017619491" lon="121.606545019894838">
        <ele>357.5</ele>
        <time>2026-09-20T01:54:54Z</time>
      </trkpt>
      <trkpt lat="25.147699965164065" lon="121.606548959389329">
        <ele>358.5</ele>
        <time>2026-09-20T01:55:02Z</time>
      </trkpt>
      <trkpt lat="25.147711029276252" lon="121.606548959389329">
        <ele>357.899999999999977</ele>
        <time>2026-09-20T01:55:09Z</time>
      </trkpt>
      <trkpt lat="25.147702982649207" lon="121.606544014066458">
        <ele>357.300000000000011</ele>
        <time>2026-09-20T01:55:13Z</time>
      </trkpt>
      <trkpt lat="25.147695019841194" lon="121.606552982702851">
        <ele>354</ele>
        <time>2026-09-20T01:55:43Z</time>
      </trkpt>
      <trkpt lat="25.147692002356052" lon="121.606563962996006">
        <ele>353.300000000000011</ele>
        <time>2026-09-20T01:55:46Z</time>
      </trkpt>
      <trkpt lat="25.147697031497955" lon="121.606573015451431">
        <ele>353.699999999999989</ele>
        <time>2026-09-20T01:55:50Z</time>
      </trkpt>
      <trkpt lat="25.147696025669575" lon="121.606590030714869">
        <ele>354.199999999999989</ele>
        <time>2026-09-20T01:55:53Z</time>
      </trkpt>
      <trkpt lat="25.147688984870911" lon="121.606628000736237">
        <ele>354.300000000000011</ele>
        <time>2026-09-20T01:55:56Z</time>
      </trkpt>
      <trkpt lat="25.147681022062898" lon="121.606653984636068">
        <ele>354.5</ele>
        <time>2026-09-20T01:55:59Z</time>
      </trkpt>
      <trkpt lat="25.147674987092614" lon="121.606675023213029">
        <ele>353.600000000000023</ele>
        <time>2026-09-20T01:56:02Z</time>
      </trkpt>
      <trkpt lat="25.147666018456221" lon="121.606705030426383">
        <ele>353.300000000000011</ele>
        <time>2026-09-20T01:56:06Z</time>
      </trkpt>
      <trkpt lat="25.147655960172415" lon="121.606724979355931">
        <ele>352.100000000000023</ele>
        <time>2026-09-20T01:56:10Z</time>
      </trkpt>
      <trkpt lat="25.147646991536021" lon="121.606754986569285">
        <ele>351.899999999999977</ele>
        <time>2026-09-20T01:56:14Z</time>
      </trkpt>
      <trkpt lat="25.147637017071247" lon="121.606787005439401">
        <ele>351.699999999999989</ele>
        <time>2026-09-20T01:56:18Z</time>
      </trkpt>
      <trkpt lat="25.147623019292951" lon="121.606826987117529">
        <ele>351</ele>
        <time>2026-09-20T01:56:22Z</time>
      </trkpt>
      <trkpt lat="25.147616984322667" lon="121.606870992109179">
        <ele>348.800000000000011</ele>
        <time>2026-09-20T01:56:26Z</time>
      </trkpt>
      <trkpt lat="25.147612961009145" lon="121.606912985444069">
        <ele>348.399999999999977</ele>
        <time>2026-09-20T01:56:30Z</time>
      </trkpt>
      <trkpt lat="25.147620001807809" lon="121.606953972950578">
        <ele>348.100000000000023</ele>
        <time>2026-09-20T01:56:34Z</time>
      </trkpt>
      <trkpt lat="25.147618995979428" lon="121.606989009305835">
        <ele>346.100000000000023</ele>
        <time>2026-09-20T01:56:38Z</time>
      </trkpt>
      <trkpt lat="25.147642968222499" lon="121.607038965448737">
        <ele>346</ele>
        <time>2026-09-20T01:56:42Z</time>
      </trkpt>
      <trkpt lat="25.147652020677924" lon="121.607081964612007">
        <ele>345.399999999999977</ele>
        <time>2026-09-20T01:56:46Z</time>
      </trkpt>
      <trkpt lat="25.147667024284601" lon="121.607124963775277">
        <ele>344.100000000000023</ele>
        <time>2026-09-20T01:56:50Z</time>
      </trkpt>
      <trkpt lat="25.147681022062898" lon="121.607166035100818">
        <ele>344.300000000000011</ele>
        <time>2026-09-20T01:56:54Z</time>
      </trkpt>
      <trkpt lat="25.147688984870911" lon="121.607219008728862">
        <ele>343.100000000000023</ele>
        <time>2026-09-20T01:56:58Z</time>
      </trkpt>
      <trkpt lat="25.147692002356052" lon="121.607266031205654">
        <ele>340.899999999999977</ele>
        <time>2026-09-20T01:57:02Z</time>
      </trkpt>
      <trkpt lat="25.147683033719659" lon="121.607312969863415">
        <ele>340.5</ele>
        <time>2026-09-20T01:57:06Z</time>
      </trkpt>
      <trkpt lat="25.147680016234517" lon="121.607331996783614">
        <ele>340.899999999999977</ele>
        <time>2026-09-20T01:57:10Z</time>
      </trkpt>
      <trkpt lat="25.147666018456221" lon="121.607373990118504">
        <ele>341.899999999999977</ele>
        <time>2026-09-20T01:57:14Z</time>
      </trkpt>
      <trkpt lat="25.147649003192782" lon="121.607412965968251">
        <ele>343</ele>
        <time>2026-09-20T01:57:18Z</time>
      </trkpt>
      <trkpt lat="25.147638022899628" lon="121.607440961524844">
        <ele>342.199999999999989</ele>
        <time>2026-09-20T01:57:22Z</time>
      </trkpt>
      <trkpt lat="25.147627964615822" lon="121.607472980394959">
        <ele>341.399999999999977</ele>
        <time>2026-09-20T01:57:26Z</time>
      </trkpt>
      <trkpt lat="25.147620001807809" lon="121.60749401897192">
        <ele>340.100000000000023</ele>
        <time>2026-09-20T01:57:30Z</time>
      </trkpt>
      <trkpt lat="25.147621007636189" lon="121.607520002871752">
        <ele>339.100000000000023</ele>
        <time>2026-09-20T01:57:34Z</time>
      </trkpt>
      <trkpt lat="25.147620001807809" lon="121.607545986771584">
        <ele>337.5</ele>
        <time>2026-09-20T01:57:38Z</time>
      </trkpt>
      <trkpt lat="25.147641040384769" lon="121.607585968449712">
        <ele>337.800000000000011</ele>
        <time>2026-09-20T01:57:42Z</time>
      </trkpt>
      <trkpt lat="25.147657971829176" lon="121.607607007026672">
        <ele>337.300000000000011</ele>
        <time>2026-09-20T01:57:45Z</time>
      </trkpt>
      <trkpt lat="25.147674987092614" lon="121.607627961784601">
        <ele>336.899999999999977</ele>
        <time>2026-09-20T01:57:48Z</time>
      </trkpt>
      <trkpt lat="25.147700970992446" lon="121.607633996754885">
        <ele>336.800000000000011</ele>
        <time>2026-09-20T01:57:52Z</time>
      </trkpt>
      <trkpt lat="25.147726032882929" lon="121.607651012018323">
        <ele>336.600000000000023</ele>
        <time>2026-09-20T01:57:56Z</time>
      </trkpt>
      <trkpt lat="25.147737013176084" lon="121.607669033110142">
        <ele>336.899999999999977</ele>
        <time>2026-09-20T01:58:04Z</time>
      </trkpt>
      <trkpt lat="25.147729972377419" lon="121.607657968997955">
        <ele>337.899999999999977</ele>
        <time>2026-09-20T01:58:10Z</time>
      </trkpt>
      <trkpt lat="25.147746987640858" lon="121.607670038938522">
        <ele>339.199999999999989</ele>
        <time>2026-09-20T01:58:16Z</time>
      </trkpt>
      <trkpt lat="25.147775989025831" lon="121.607713960111141">
        <ele>339.199999999999989</ele>
        <time>2026-09-20T01:58:20Z</time>
      </trkpt>
      <trkpt lat="25.147820999845862" lon="121.607715971767902">
        <ele>338.300000000000011</ele>
        <time>2026-09-20T01:58:24Z</time>
      </trkpt>
      <trkpt lat="25.147843966260552" lon="121.607737010344863">
        <ele>337.399999999999977</ele>
        <time>2026-09-20T01:58:28Z</time>
      </trkpt>
      <trkpt lat="25.147855030372739" lon="121.607785038650036">
        <ele>336.899999999999977</ele>
        <time>2026-09-20T01:58:32Z</time>
      </trkpt>
      <trkpt lat="25.147894006222486" lon="121.607786966487765">
        <ele>336.399999999999977</ele>
        <time>2026-09-20T01:58:36Z</time>
      </trkpt>
      <trkpt lat="25.147937005385756" lon="121.607772968709469">
        <ele>337.199999999999989</ele>
        <time>2026-09-20T01:58:40Z</time>
      </trkpt>
      <trkpt lat="25.147967012599111" lon="121.607750002294779">
        <ele>336.899999999999977</ele>
        <time>2026-09-20T01:58:44Z</time>
      </trkpt>
      <trkpt lat="25.14798897318542" lon="121.607723012566566">
        <ele>336.600000000000023</ele>
        <time>2026-09-20T01:58:48Z</time>
      </trkpt>
      <trkpt lat="25.148014035075903" lon="121.607705997303128">
        <ele>333.800000000000011</ele>
        <time>2026-09-20T01:58:52Z</time>
      </trkpt>
      <trkpt lat="25.148003976792097" lon="121.607728041708469">
        <ele>334.600000000000023</ele>
        <time>2026-09-20T01:58:56Z</time>
      </trkpt>
      <trkpt lat="25.14798603951931" lon="121.60775201395154">
        <ele>335.399999999999977</ele>
        <time>2026-09-20T01:59:00Z</time>
      </trkpt>
      <trkpt lat="25.147991990670562" lon="121.607773974537849">
        <ele>334.300000000000011</ele>
        <time>2026-09-20T01:59:04Z</time>
      </trkpt>
      <trkpt lat="25.148004982620478" lon="121.607791995629668">
        <ele>335.399999999999977</ele>
        <time>2026-09-20T01:59:08Z</time>
      </trkpt>
      <trkpt lat="25.148033984005451" lon="121.607799036428332">
        <ele>336.199999999999989</ele>
        <time>2026-09-20T01:59:12Z</time>
      </trkpt>
      <trkpt lat="25.148038007318974" lon="121.607813034206629">
        <ele>336.699999999999989</ele>
        <time>2026-09-20T01:59:16Z</time>
      </trkpt>
      <trkpt lat="25.148041024804115" lon="121.607839018106461">
        <ele>337</ele>
        <time>2026-09-20T01:59:20Z</time>
      </trkpt>
      <trkpt lat="25.148033984005451" lon="121.607848992571235">
        <ele>338.100000000000023</ele>
        <time>2026-09-20T01:59:24Z</time>
      </trkpt>
      <trkpt lat="25.148021997883916" lon="121.607849998399615">
        <ele>336.600000000000023</ele>
        <time>2026-09-20T01:59:28Z</time>
      </trkpt>
      <trkpt lat="25.148012023419142" lon="121.607874976471066">
        <ele>337.199999999999989</ele>
        <time>2026-09-20T01:59:32Z</time>
      </trkpt>
      <trkpt lat="25.148019986227155" lon="121.607888974249363">
        <ele>338.300000000000011</ele>
        <time>2026-09-20T01:59:35Z</time>
      </trkpt>
      <trkpt lat="25.14802903868258" lon="121.607913030311465">
        <ele>338</ele>
        <time>2026-09-20T01:59:39Z</time>
      </trkpt>
      <trkpt lat="25.148045970126987" lon="121.607925016433001">
        <ele>335.300000000000011</ele>
        <time>2026-09-20T01:59:43Z</time>
      </trkpt>
      <trkpt lat="25.14805200509727" lon="121.607933985069394">
        <ele>335</ele>
        <time>2026-09-20T01:59:47Z</time>
      </trkpt>
      <trkpt lat="25.148062985390425" lon="121.607953011989594">
        <ele>333.699999999999989</ele>
        <time>2026-09-20T01:59:51Z</time>
      </trkpt>
      <trkpt lat="25.148069020360708" lon="121.607961980625987">
        <ele>334</ele>
        <time>2026-09-20T01:59:56Z</time>
      </trkpt>
      <trkpt lat="25.148089975118637" lon="121.607959968969226">
        <ele>336.300000000000011</ele>
        <time>2026-09-20T02:00:00Z</time>
      </trkpt>
      <trkpt lat="25.148091986775398" lon="121.607973966747522">
        <ele>335.899999999999977</ele>
        <time>2026-09-20T02:00:04Z</time>
      </trkpt>
      <trkpt lat="25.148086035624146" lon="121.607982013374567">
        <ele>335.199999999999989</ele>
        <time>2026-09-20T02:00:08Z</time>
      </trkpt>
      <trkpt lat="25.148086035624146" lon="121.607993999496102">
        <ele>334.800000000000011</ele>
        <time>2026-09-20T02:00:12Z</time>
      </trkpt>
      <trkpt lat="25.148089975118637" lon="121.60801000893116">
        <ele>334.5</ele>
        <time>2026-09-20T02:00:16Z</time>
      </trkpt>
      <trkpt lat="25.148101961240172" lon="121.608020989224315">
        <ele>334.300000000000011</ele>
        <time>2026-09-20T02:00:23Z</time>
      </trkpt>
      <trkpt lat="25.148111013695598" lon="121.608020989224315">
        <ele>335.699999999999989</ele>
        <time>2026-09-20T02:00:32Z</time>
      </trkpt>
      <trkpt lat="25.148121993988752" lon="121.608015960082412">
        <ele>334.5</ele>
        <time>2026-09-20T02:00:41Z</time>
      </trkpt>
      <trkpt lat="25.148109002038836" lon="121.608012020587921">
        <ele>334.399999999999977</ele>
        <time>2026-09-20T02:00:47Z</time>
      </trkpt>
      <trkpt lat="25.148093998432159" lon="121.608009003102779">
        <ele>334.5</ele>
        <time>2026-09-20T02:00:51Z</time>
      </trkpt>
      <trkpt lat="25.148082012310624" lon="121.608006991446018">
        <ele>334.5</ele>
        <time>2026-09-20T02:00:56Z</time>
      </trkpt>
      <trkpt lat="25.148071032017469" lon="121.608005985617638">
        <ele>335.100000000000023</ele>
        <time>2026-09-20T02:01:00Z</time>
      </trkpt>
      <trkpt lat="25.148058962076902" lon="121.608004979789257">
        <ele>335.699999999999989</ele>
        <time>2026-09-20T02:01:07Z</time>
      </trkpt>
      <trkpt lat="25.148069020360708" lon="121.607998022809625">
        <ele>333</ele>
        <time>2026-09-20T02:01:20Z</time>
      </trkpt>
      <trkpt lat="25.148059967905283" lon="121.607999028638005">
        <ele>334.899999999999977</ele>
        <time>2026-09-20T02:01:29Z</time>
      </trkpt>
      <trkpt lat="25.148071032017469" lon="121.608004979789257">
        <ele>334.399999999999977</ele>
        <time>2026-09-20T02:01:33Z</time>
      </trkpt>
      <trkpt lat="25.148060973733664" lon="121.608004979789257">
        <ele>336.300000000000011</ele>
        <time>2026-09-20T02:01:37Z</time>
      </trkpt>
      <trkpt lat="25.148054016754031" lon="121.607997016981244">
        <ele>337.5</ele>
        <time>2026-09-20T02:01:41Z</time>
      </trkpt>
      <trkpt lat="25.148060973733664" lon="121.607987964525819">
        <ele>336.699999999999989</ele>
        <time>2026-09-20T02:01:45Z</time>
      </trkpt>
      <trkpt lat="25.14805200509727" lon="121.607981007546186">
        <ele>335.100000000000023</ele>
        <time>2026-09-20T02:02:04Z</time>
      </trkpt>
      <trkpt lat="25.148046975955367" lon="121.607971033081412">
        <ele>337.300000000000011</ele>
        <time>2026-09-20T02:02:18Z</time>
      </trkpt>
      <trkpt lat="25.148055022582412" lon="121.607964998111129">
        <ele>336.699999999999989</ele>
        <time>2026-09-20T02:02:27Z</time>
      </trkpt>
      <trkpt lat="25.148062985390425" lon="121.607973966747522">
        <ele>335.5</ele>
        <time>2026-09-20T02:02:35Z</time>
      </trkpt>
      <trkpt lat="25.148072959855199" lon="121.607974972575903">
        <ele>336.199999999999989</ele>
        <time>2026-09-20T02:02:41Z</time>
      </trkpt>
      <trkpt lat="25.148071032017469" lon="121.607962986454368">
        <ele>338.300000000000011</ele>
        <time>2026-09-20T02:02:52Z</time>
      </trkpt>
      <trkpt lat="25.148078994825482" lon="121.607969021424651">
        <ele>338.5</ele>
        <time>2026-09-20T02:03:05Z</time>
      </trkpt>
      <trkpt lat="25.148087041452527" lon="121.607983019202948">
        <ele>336.600000000000023</ele>
        <time>2026-09-20T02:03:09Z</time>
      </trkpt>
      <trkpt lat="25.14807203784585" lon="121.607983019202948">
        <ele>338.800000000000011</ele>
        <time>2026-09-20T02:03:34Z</time>
      </trkpt>
      <trkpt lat="25.148082012310624" lon="121.607984025031328">
        <ele>336.899999999999977</ele>
        <time>2026-09-20T02:03:58Z</time>
      </trkpt>
      <trkpt lat="25.148090980947018" lon="121.607987964525819">
        <ele>337.199999999999989</ele>
        <time>2026-09-20T02:04:07Z</time>
      </trkpt>
      <trkpt lat="25.148107996210456" lon="121.607984025031328">
        <ele>335.800000000000011</ele>
        <time>2026-09-20T02:04:11Z</time>
      </trkpt>
      <trkpt lat="25.14811503700912" lon="121.607970027253032">
        <ele>334.699999999999989</ele>
        <time>2026-09-20T02:04:15Z</time>
      </trkpt>
      <trkpt lat="25.148130040615797" lon="121.607953011989594">
        <ele>333.199999999999989</ele>
        <time>2026-09-20T02:04:19Z</time>
      </trkpt>
      <trkpt lat="25.148144038394094" lon="121.607940020039678">
        <ele>332.399999999999977</ele>
        <time>2026-09-20T02:04:23Z</time>
      </trkpt>
      <trkpt lat="25.148158958181739" lon="121.607941025868058">
        <ele>329.399999999999977</ele>
        <time>2026-09-20T02:04:27Z</time>
      </trkpt>
      <trkpt lat="25.148173961788416" lon="121.607943037524819">
        <ele>333.100000000000023</ele>
        <time>2026-09-20T02:04:31Z</time>
      </trkpt>
      <trkpt lat="25.148189971223474" lon="121.607918981462717">
        <ele>334.399999999999977</ele>
        <time>2026-09-20T02:04:35Z</time>
      </trkpt>
      <trkpt lat="25.148195000365376" lon="121.607900960370898">
        <ele>334.699999999999989</ele>
        <time>2026-09-20T02:04:39Z</time>
      </trkpt>
      <trkpt lat="25.148218972608447" lon="121.607885034754872">
        <ele>330</ele>
        <time>2026-09-20T02:04:43Z</time>
      </trkpt>
      <trkpt lat="25.148213021457195" lon="121.607862990349531">
        <ele>333.899999999999977</ele>
        <time>2026-09-20T02:04:47Z</time>
      </trkpt>
      <trkpt lat="25.148230036720634" lon="121.607830971479416">
        <ele>334.899999999999977</ele>
        <time>2026-09-20T02:04:51Z</time>
      </trkpt>
      <trkpt lat="25.14824403449893" lon="121.607805993407965">
        <ele>334.800000000000011</ele>
        <time>2026-09-20T02:04:55Z</time>
      </trkpt>
      <trkpt lat="25.148258032277226" lon="121.607789983972907">
        <ele>334.100000000000023</ele>
        <time>2026-09-20T02:04:59Z</time>
      </trkpt>
      <trkpt lat="25.148278987035155" lon="121.607785960659385">
        <ele>334</ele>
        <time>2026-09-20T02:05:03Z</time>
      </trkpt>
      <trkpt lat="25.148305976763368" lon="121.607769029214978">
        <ele>333.399999999999977</ele>
        <time>2026-09-20T02:05:07Z</time>
      </trkpt>
      <trkpt lat="25.148303965106606" lon="121.607754025608301">
        <ele>333</ele>
        <time>2026-09-20T02:05:11Z</time>
      </trkpt>
      <trkpt lat="25.148316035047174" lon="121.60775201395154">
        <ele>334.100000000000023</ele>
        <time>2026-09-20T02:05:15Z</time>
      </trkpt>
      <trkpt lat="25.148325003683567" lon="121.607760982587934">
        <ele>333.100000000000023</ele>
        <time>2026-09-20T02:05:21Z</time>
      </trkpt>
      <trkpt lat="25.148315029218793" lon="121.607756959274411">
        <ele>334.100000000000023</ele>
        <time>2026-09-20T02:05:27Z</time>
      </trkpt>
      <trkpt lat="25.148312011733651" lon="121.607767017558217">
        <ele>333</ele>
        <time>2026-09-20T02:05:43Z</time>
      </trkpt>
      <trkpt lat="25.148316035047174" lon="121.607757965102792">
        <ele>334</ele>
        <time>2026-09-20T02:06:25Z</time>
      </trkpt>
      <trkpt lat="25.148318968713284" lon="121.607738016173244">
        <ele>334.100000000000023</ele>
        <time>2026-09-20T02:06:29Z</time>
      </trkpt>
      <trkpt lat="25.14833003282547" lon="121.607729969546199">
        <ele>334.399999999999977</ele>
        <time>2026-09-20T02:06:33Z</time>
      </trkpt>
      <trkpt lat="25.148343024775386" lon="121.607691999524832">
        <ele>333.699999999999989</ele>
        <time>2026-09-20T02:06:36Z</time>
      </trkpt>
      <trkpt lat="25.14833003282547" lon="121.607664003968239">
        <ele>343.300000000000011</ele>
        <time>2026-09-20T02:06:40Z</time>
      </trkpt>
      <trkpt lat="25.148218972608447" lon="121.60745101980865">
        <ele>208.5</ele>
        <time>2026-09-20T02:07:47Z</time>
      </trkpt>
      <trkpt lat="25.148268006742001" lon="121.607420006766915">
        <ele>341.399999999999977</ele>
        <time>2026-09-20T02:08:01Z</time>
      </trkpt>
      <trkpt lat="25.148233976215124" lon="121.607506005093455">
        <ele>344.300000000000011</ele>
        <time>2026-09-20T02:08:04Z</time>
      </trkpt>
      <trkpt lat="25.148202041164041" lon="121.607587980106473">
        <ele>350.5</ele>
        <time>2026-09-20T02:08:07Z</time>
      </trkpt>
      <trkpt lat="25.148228025063872" lon="121.60762301646173">
        <ele>351.100000000000023</ele>
        <time>2026-09-20T02:08:11Z</time>
      </trkpt>
      <trkpt lat="25.148190977051854" lon="121.607600972056389">
        <ele>355.300000000000011</ele>
        <time>2026-09-20T02:08:14Z</time>
      </trkpt>
      <trkpt lat="25.148382000625134" lon="121.607584040611982">
        <ele>320</ele>
        <time>2026-09-20T02:10:20Z</time>
      </trkpt>
      <trkpt lat="25.148364985361695" lon="121.607601977884769">
        <ele>335</ele>
        <time>2026-09-20T02:10:24Z</time>
      </trkpt>
      <trkpt lat="25.148323997855186" lon="121.607653023675084">
        <ele>339.300000000000011</ele>
        <time>2026-09-20T02:10:27Z</time>
      </trkpt>
      <trkpt lat="25.148340007290244" lon="121.607666015625">
        <ele>337.800000000000011</ele>
        <time>2026-09-20T02:10:31Z</time>
      </trkpt>
      <trkpt lat="25.148347970098257" lon="121.607670960947871">
        <ele>337.300000000000011</ele>
        <time>2026-09-20T02:10:36Z</time>
      </trkpt>
      <trkpt lat="25.148358028382063" lon="121.607675990089774">
        <ele>336.5</ele>
        <time>2026-09-20T02:10:42Z</time>
      </trkpt>
      <trkpt lat="25.148368002846837" lon="121.607681019231677">
        <ele>336.300000000000011</ele>
        <time>2026-09-20T02:10:46Z</time>
      </trkpt>
      <trkpt lat="25.148387029767036" lon="121.607705997303128">
        <ele>338</ele>
        <time>2026-09-20T02:10:56Z</time>
      </trkpt>
      <trkpt lat="25.148398010060191" lon="121.607710020616651">
        <ele>337.800000000000011</ele>
        <time>2026-09-20T02:11:00Z</time>
      </trkpt>
      <trkpt lat="25.148399015888572" lon="121.607694011181593">
        <ele>336.800000000000011</ele>
        <time>2026-09-20T02:11:04Z</time>
      </trkpt>
      <trkpt lat="25.148413013666868" lon="121.607684036716819">
        <ele>335.800000000000011</ele>
        <time>2026-09-20T02:11:08Z</time>
      </trkpt>
      <trkpt lat="25.148434974253178" lon="121.607698034495115">
        <ele>334.5</ele>
        <time>2026-09-20T02:11:12Z</time>
      </trkpt>
      <trkpt lat="25.148420976474881" lon="121.607679007574916">
        <ele>336.100000000000023</ele>
        <time>2026-09-20T02:11:16Z</time>
      </trkpt>
      <trkpt lat="25.148426005616784" lon="121.607669033110142">
        <ele>336.699999999999989</ele>
        <time>2026-09-20T02:11:22Z</time>
      </trkpt>
      <trkpt lat="25.148447966203094" lon="121.607702979817986">
        <ele>337.199999999999989</ele>
        <time>2026-09-20T02:11:26Z</time>
      </trkpt>
      <trkpt lat="25.148446960374713" lon="121.607685964554548">
        <ele>338.100000000000023</ele>
        <time>2026-09-20T02:11:30Z</time>
      </trkpt>
      <trkpt lat="25.148452995344996" lon="121.607661992311478">
        <ele>336.5</ele>
        <time>2026-09-20T02:11:34Z</time>
      </trkpt>
      <trkpt lat="25.148466993123293" lon="121.607647994533181">
        <ele>336.100000000000023</ele>
        <time>2026-09-20T02:11:38Z</time>
      </trkpt>
      <trkpt lat="25.148466993123293" lon="121.607637014240026">
        <ele>337.800000000000011</ele>
        <time>2026-09-20T02:11:43Z</time>
      </trkpt>
      <trkpt lat="25.148486020043492" lon="121.607633996754885">
        <ele>337.699999999999989</ele>
        <time>2026-09-20T02:11:47Z</time>
      </trkpt>
      <trkpt lat="25.148501023650169" lon="121.607633996754885">
        <ele>335.5</ele>
        <time>2026-09-20T02:11:51Z</time>
      </trkpt>
      <trkpt lat="25.148513009771705" lon="121.607627961784601">
        <ele>335.5</ele>
        <time>2026-09-20T02:11:55Z</time>
      </trkpt>
      <trkpt lat="25.148527007550001" lon="121.607612958177924">
        <ele>335.699999999999989</ele>
        <time>2026-09-20T02:11:59Z</time>
      </trkpt>
      <trkpt lat="25.148534970358014" lon="121.607592003419995">
        <ele>335.600000000000023</ele>
        <time>2026-09-20T02:12:03Z</time>
      </trkpt>
      <trkpt lat="25.148544022813439" lon="121.607574988156557">
        <ele>334.5</ele>
        <time>2026-09-20T02:12:07Z</time>
      </trkpt>
      <trkpt lat="25.148558020591736" lon="121.607569037005305">
        <ele>334.800000000000011</ele>
        <time>2026-09-20T02:12:11Z</time>
      </trkpt>
      <trkpt lat="25.14856799505651" lon="121.607547998428345">
        <ele>333.5</ele>
        <time>2026-09-20T02:12:15Z</time>
      </trkpt>
      <trkpt lat="25.148584004491568" lon="121.60753701813519">
        <ele>333.600000000000023</ele>
        <time>2026-09-20T02:12:19Z</time>
      </trkpt>
      <trkpt lat="25.148592973127961" lon="121.607528971508145">
        <ele>332.800000000000011</ele>
        <time>2026-09-20T02:12:23Z</time>
      </trkpt>
      <trkpt lat="25.148604037240148" lon="121.607518997043371">
        <ele>333.600000000000023</ele>
        <time>2026-09-20T02:12:27Z</time>
      </trkpt>
      <trkpt lat="25.148622980341315" lon="121.607512962073088">
        <ele>335.600000000000023</ele>
        <time>2026-09-20T02:12:31Z</time>
      </trkpt>
      <trkpt lat="25.148635972291231" lon="121.607508016750216">
        <ele>337.699999999999989</ele>
        <time>2026-09-20T02:12:34Z</time>
      </trkpt>
      <trkpt lat="25.148656005039811" lon="121.607504999265075">
        <ele>339.899999999999977</ele>
        <time>2026-09-20T02:12:38Z</time>
      </trkpt>
      <trkpt lat="25.148665979504585" lon="121.607487984001637">
        <ele>340.199999999999989</ele>
        <time>2026-09-20T02:12:42Z</time>
      </trkpt>
      <trkpt lat="25.148667991161346" lon="121.607474992051721">
        <ele>340</ele>
        <time>2026-09-20T02:12:46Z</time>
      </trkpt>
      <trkpt lat="25.148671008646488" lon="121.607488989830017">
        <ele>337.899999999999977</ele>
        <time>2026-09-20T02:12:50Z</time>
      </trkpt>
      <trkpt lat="25.148677965626121" lon="121.607475997880101">
        <ele>340.100000000000023</ele>
        <time>2026-09-20T02:13:00Z</time>
      </trkpt>
      <trkpt lat="25.148662962019444" lon="121.607445990666747">
        <ele>339.300000000000011</ele>
        <time>2026-09-20T02:13:04Z</time>
      </trkpt>
      <trkpt lat="25.148681988939643" lon="121.607436016201973">
        <ele>340.699999999999989</ele>
        <time>2026-09-20T02:13:08Z</time>
      </trkpt>
      <trkpt lat="25.148697998374701" lon="121.607420006766915">
        <ele>338.899999999999977</ele>
        <time>2026-09-20T02:13:12Z</time>
      </trkpt>
      <trkpt lat="25.148700010031462" lon="121.607398968189955">
        <ele>334.800000000000011</ele>
        <time>2026-09-20T02:13:16Z</time>
      </trkpt>
      <trkpt lat="25.14873999170959" lon="121.607401985675097">
        <ele>333.600000000000023</ele>
        <time>2026-09-20T02:13:20Z</time>
      </trkpt>
      <trkpt lat="25.148761030286551" lon="121.607398968189955">
        <ele>332</ele>
        <time>2026-09-20T02:13:24Z</time>
      </trkpt>
      <trkpt lat="25.148775028064847" lon="121.607389999553561">
        <ele>337.100000000000023</ele>
        <time>2026-09-20T02:13:28Z</time>
      </trkpt>
      <trkpt lat="25.148781985044479" lon="121.607354963198304">
        <ele>334.5</ele>
        <time>2026-09-20T02:13:32Z</time>
      </trkpt>
      <trkpt lat="25.148793971166015" lon="121.607336020097136">
        <ele>333.600000000000023</ele>
        <time>2026-09-20T02:13:36Z</time>
      </trkpt>
      <trkpt lat="25.148802017793059" lon="121.607329985126853">
        <ele>333</ele>
        <time>2026-09-20T02:13:40Z</time>
      </trkpt>
      <trkpt lat="25.148802017793059" lon="121.607312969863415">
        <ele>334.5</ele>
        <time>2026-09-20T02:13:44Z</time>
      </trkpt>
      <trkpt lat="25.148809980601072" lon="121.607321016490459">
        <ele>335.199999999999989</ele>
        <time>2026-09-20T02:13:48Z</time>
      </trkpt>
      <trkpt lat="25.148816015571356" lon="121.607309030368924">
        <ele>335.600000000000023</ele>
        <time>2026-09-20T02:13:52Z</time>
      </trkpt>
      <trkpt lat="25.148847028613091" lon="121.607286985963583">
        <ele>336.300000000000011</ele>
        <time>2026-09-20T02:13:56Z</time>
      </trkpt>
      <trkpt lat="25.148826995864511" lon="121.607245998457074">
        <ele>337.399999999999977</ele>
        <time>2026-09-20T02:14:00Z</time>
      </trkpt>
      <trkpt lat="25.148820960894227" lon="121.607268964871764">
        <ele>345.100000000000023</ele>
        <time>2026-09-20T02:14:05Z</time>
      </trkpt>
      <trkpt lat="25.148817021399736" lon="121.607300983741879">
        <ele>334.300000000000011</ele>
        <time>2026-09-20T02:14:09Z</time>
      </trkpt>
      <trkpt lat="25.148801011964679" lon="121.607292015105486">
        <ele>336.300000000000011</ele>
        <time>2026-09-20T02:14:14Z</time>
      </trkpt>
      <trkpt lat="25.148797994479537" lon="121.607278017327189">
        <ele>335</ele>
        <time>2026-09-20T02:14:19Z</time>
      </trkpt>
      <trkpt lat="25.148820038884878" lon="121.607272988185287">
        <ele>332.600000000000023</ele>
        <time>2026-09-20T02:14:23Z</time>
      </trkpt>
      <trkpt lat="25.148848034441471" lon="121.607257984578609">
        <ele>337.100000000000023</ele>
        <time>2026-09-20T02:14:27Z</time>
      </trkpt>
      <trkpt lat="25.148851973935962" lon="121.607234012335539">
        <ele>333.399999999999977</ele>
        <time>2026-09-20T02:14:31Z</time>
      </trkpt>
      <trkpt lat="25.148863038048148" lon="121.607261002063751">
        <ele>336</ele>
        <time>2026-09-20T02:14:35Z</time>
      </trkpt>
      <trkpt lat="25.148858008906245" lon="121.607232000678778">
        <ele>339.399999999999977</ele>
        <time>2026-09-20T02:14:38Z</time>
      </trkpt>
      <trkpt lat="25.148871000856161" lon="121.607224959880114">
        <ele>340</ele>
        <time>2026-09-20T02:14:42Z</time>
      </trkpt>
      <trkpt lat="25.148891033604741" lon="121.607222026214004">
        <ele>342.300000000000011</ele>
        <time>2026-09-20T02:14:46Z</time>
      </trkpt>
      <trkpt lat="25.148904025554657" lon="121.607232000678778">
        <ele>342.5</ele>
        <time>2026-09-20T02:14:50Z</time>
      </trkpt>
      <trkpt lat="25.148921040818095" lon="121.607221020385623">
        <ele>338</ele>
        <time>2026-09-20T02:15:15Z</time>
      </trkpt>
      <trkpt lat="25.148936966434121" lon="121.607228983193636">
        <ele>339.100000000000023</ele>
        <time>2026-09-20T02:15:19Z</time>
      </trkpt>
      <trkpt lat="25.148941995576024" lon="121.607219008728862">
        <ele>338.100000000000023</ele>
        <time>2026-09-20T02:15:24Z</time>
      </trkpt>
      <trkpt lat="25.148973008617759" lon="121.607227977365255">
        <ele>338.199999999999989</ele>
        <time>2026-09-20T02:15:28Z</time>
      </trkpt>
      <trkpt lat="25.148988012224436" lon="121.607243986800313">
        <ele>334.899999999999977</ele>
        <time>2026-09-20T02:15:32Z</time>
      </trkpt>
      <trkpt lat="25.149007039144635" lon="121.607219008728862">
        <ele>336.699999999999989</ele>
        <time>2026-09-20T02:15:49Z</time>
      </trkpt>
      <trkpt lat="25.149026988074183" lon="121.607241975143552">
        <ele>340.800000000000011</ele>
        <time>2026-09-20T02:15:56Z</time>
      </trkpt>
      <trkpt lat="25.149027993902564" lon="121.607254967093468">
        <ele>339</ele>
        <time>2026-09-20T02:16:00Z</time>
      </trkpt>
      <trkpt lat="25.149026988074183" lon="121.607270976528525">
        <ele>331.600000000000023</ele>
        <time>2026-09-20T02:16:08Z</time>
      </trkpt>
      <trkpt lat="25.149036040529609" lon="121.607292015105486">
        <ele>336.800000000000011</ele>
        <time>2026-09-20T02:16:12Z</time>
      </trkpt>
      <trkpt lat="25.149032017216086" lon="121.607267959043384">
        <ele>336.899999999999977</ele>
        <time>2026-09-20T02:16:16Z</time>
      </trkpt>
      <trkpt lat="25.149031011387706" lon="121.607253961265087">
        <ele>337.5</ele>
        <time>2026-09-20T02:16:20Z</time>
      </trkpt>
      <trkpt lat="25.149028999730945" lon="121.6072360239923">
        <ele>334.600000000000023</ele>
        <time>2026-09-20T02:16:25Z</time>
      </trkpt>
      <trkpt lat="25.149033023044467" lon="121.607250021770597">
        <ele>337.100000000000023</ele>
        <time>2026-09-20T02:16:29Z</time>
      </trkpt>
      <trkpt lat="25.149021958932281" lon="121.607232000678778">
        <ele>339.800000000000011</ele>
        <time>2026-09-20T02:16:33Z</time>
      </trkpt>
      <trkpt lat="25.149030005559325" lon="121.607199981808662">
        <ele>340.100000000000023</ele>
        <time>2026-09-20T02:16:37Z</time>
      </trkpt>
      <trkpt lat="25.149030005559325" lon="121.607186989858747">
        <ele>341.199999999999989</ele>
        <time>2026-09-20T02:16:41Z</time>
      </trkpt>
      <trkpt lat="25.149021036922932" lon="121.607191013172269">
        <ele>344.899999999999977</ele>
        <time>2026-09-20T02:16:55Z</time>
      </trkpt>
      <trkpt lat="25.149034028872848" lon="121.607192019000649">
        <ele>346.100000000000023</ele>
        <time>2026-09-20T02:16:59Z</time>
      </trkpt>
      <trkpt lat="25.149028999730945" lon="121.607182966545224">
        <ele>345.399999999999977</ele>
        <time>2026-09-20T02:17:03Z</time>
      </trkpt>
      <trkpt lat="25.149056995287538" lon="121.607184978201985">
        <ele>345.5</ele>
        <time>2026-09-20T02:17:07Z</time>
      </trkpt>
      <trkpt lat="25.149096976965666" lon="121.607214985415339">
        <ele>341.5</ele>
        <time>2026-09-20T02:17:11Z</time>
      </trkpt>
      <trkpt lat="25.149107035249472" lon="121.607176009565592">
        <ele>349.300000000000011</ele>
        <time>2026-09-20T02:17:15Z</time>
      </trkpt>
      <trkpt lat="25.149113992229104" lon="121.607152037322521">
        <ele>347.5</ele>
        <time>2026-09-20T02:17:19Z</time>
      </trkpt>
      <trkpt lat="25.149108041077852" lon="121.607167962938547">
        <ele>345.800000000000011</ele>
        <time>2026-09-20T02:17:23Z</time>
      </trkpt>
      <trkpt lat="25.149081973358989" lon="121.607125969603658">
        <ele>348.800000000000011</ele>
        <time>2026-09-20T02:17:27Z</time>
      </trkpt>
      <trkpt lat="25.149106029421091" lon="121.607095962390304">
        <ele>347.5</ele>
        <time>2026-09-20T02:17:31Z</time>
      </trkpt>
      <trkpt lat="25.149135030806065" lon="121.607042988762259">
        <ele>346.899999999999977</ele>
        <time>2026-09-20T02:17:35Z</time>
      </trkpt>
      <trkpt lat="25.149146011099219" lon="121.607040977105498">
        <ele>348</ele>
        <time>2026-09-20T02:17:40Z</time>
      </trkpt>
      <trkpt lat="25.149150034412742" lon="121.607023039832711">
        <ele>348.199999999999989</ele>
        <time>2026-09-20T02:17:44Z</time>
      </trkpt>
      <trkpt lat="25.149137964472175" lon="121.607008958235383">
        <ele>349</ele>
        <time>2026-09-20T02:17:48Z</time>
      </trkpt>
      <trkpt lat="25.149128995835781" lon="121.606986997649074">
        <ele>346.699999999999989</ele>
        <time>2026-09-20T02:17:52Z</time>
      </trkpt>
      <trkpt lat="25.149138970300555" lon="121.607003007084131">
        <ele>347.699999999999989</ele>
        <time>2026-09-20T02:17:56Z</time>
      </trkpt>
      <trkpt lat="25.149152968078852" lon="121.606983980163932">
        <ele>347.5</ele>
        <time>2026-09-20T02:18:00Z</time>
      </trkpt>
      <trkpt lat="25.149180963635445" lon="121.606979034841061">
        <ele>341.899999999999977</ele>
        <time>2026-09-20T02:18:04Z</time>
      </trkpt>
      <trkpt lat="25.149178029969335" lon="121.606946010142565">
        <ele>344.5</ele>
        <time>2026-09-20T02:18:08Z</time>
      </trkpt>
      <trkpt lat="25.149170989170671" lon="121.606919020414352">
        <ele>343.800000000000011</ele>
        <time>2026-09-20T02:18:12Z</time>
      </trkpt>
      <trkpt lat="25.149180041626096" lon="121.606884989887476">
        <ele>344.199999999999989</ele>
        <time>2026-09-20T02:18:16Z</time>
      </trkpt>
      <trkpt lat="25.149189010262489" lon="121.606873003765941">
        <ele>345</ele>
        <time>2026-09-20T02:18:20Z</time>
      </trkpt>
      <trkpt lat="25.149194039404392" lon="121.606844002380967">
        <ele>345.100000000000023</ele>
        <time>2026-09-20T02:18:24Z</time>
      </trkpt>
      <trkpt lat="25.14921298250556" lon="121.60682799294591">
        <ele>347.800000000000011</ele>
        <time>2026-09-20T02:18:28Z</time>
      </trkpt>
      <trkpt lat="25.149208959192038" lon="121.606803014874458">
        <ele>349.5</ele>
        <time>2026-09-20T02:18:32Z</time>
      </trkpt>
      <trkpt lat="25.149198984727263" lon="121.606778036803007">
        <ele>347.199999999999989</ele>
        <time>2026-09-20T02:18:36Z</time>
      </trkpt>
      <trkpt lat="25.149237038567662" lon="121.606796979904175">
        <ele>342.899999999999977</ele>
        <time>2026-09-20T02:18:40Z</time>
      </trkpt>
      <trkpt lat="25.149252964183688" lon="121.6068060323596">
        <ele>345.399999999999977</ele>
        <time>2026-09-20T02:18:44Z</time>
      </trkpt>
      <trkpt lat="25.149266961961985" lon="121.606807038187981">
        <ele>346</ele>
        <time>2026-09-20T02:18:58Z</time>
      </trkpt>
      <trkpt lat="25.149250030517578" lon="121.606797985732555">
        <ele>348.100000000000023</ele>
        <time>2026-09-20T02:19:02Z</time>
      </trkpt>
      <trkpt lat="25.14925598166883" lon="121.606788011267781">
        <ele>351.100000000000023</ele>
        <time>2026-09-20T02:19:13Z</time>
      </trkpt>
      <trkpt lat="25.149248018860817" lon="121.606775019317865">
        <ele>350.899999999999977</ele>
        <time>2026-09-20T02:19:16Z</time>
      </trkpt>
      <trkpt lat="25.149226980283856" lon="121.60676496103406">
        <ele>350</ele>
        <time>2026-09-20T02:19:19Z</time>
      </trkpt>
      <trkpt lat="25.149227986112237" lon="121.606749035418034">
        <ele>351.699999999999989</ele>
        <time>2026-09-20T02:19:23Z</time>
      </trkpt>
      <trkpt lat="25.149249024689198" lon="121.606733025982976">
        <ele>352.199999999999989</ele>
        <time>2026-09-20T02:19:27Z</time>
      </trkpt>
      <trkpt lat="25.149257993325591" lon="121.60672296769917">
        <ele>351.100000000000023</ele>
        <time>2026-09-20T02:19:31Z</time>
      </trkpt>
      <trkpt lat="25.149265034124255" lon="121.606716010719538">
        <ele>350.300000000000011</ele>
        <time>2026-09-20T02:19:37Z</time>
      </trkpt>
      <trkpt lat="25.149269979447126" lon="121.606704024598002">
        <ele>349.199999999999989</ele>
        <time>2026-09-20T02:19:45Z</time>
      </trkpt>
      <trkpt lat="25.149261010810733" lon="121.606688015162945">
        <ele>348.399999999999977</ele>
        <time>2026-09-20T02:19:49Z</time>
      </trkpt>
      <trkpt lat="25.149270985275507" lon="121.606668988242745">
        <ele>347.800000000000011</ele>
        <time>2026-09-20T02:19:53Z</time>
      </trkpt>
      <trkpt lat="25.149261010810733" lon="121.606637975201011">
        <ele>349.899999999999977</ele>
        <time>2026-09-20T02:19:57Z</time>
      </trkpt>
      <trkpt lat="25.149248018860817" lon="121.606621965765953">
        <ele>350.199999999999989</ele>
        <time>2026-09-20T02:20:01Z</time>
      </trkpt>
      <trkpt lat="25.149247013032436" lon="121.606610985472798">
        <ele>349.699999999999989</ele>
        <time>2026-09-20T02:20:05Z</time>
      </trkpt>
      <trkpt lat="25.149266039952636" lon="121.606600005179644">
        <ele>351.199999999999989</ele>
        <time>2026-09-20T02:20:09Z</time>
      </trkpt>
      <trkpt lat="25.149262016639113" lon="121.606585001572967">
        <ele>352.699999999999989</ele>
        <time>2026-09-20T02:20:13Z</time>
      </trkpt>
      <trkpt lat="25.149264028295875" lon="121.60657100379467">
        <ele>354</ele>
        <time>2026-09-20T02:20:17Z</time>
      </trkpt>
      <trkpt lat="25.149275008589029" lon="121.606564968824387">
        <ele>353.399999999999977</ele>
        <time>2026-09-20T02:20:22Z</time>
      </trkpt>
      <trkpt lat="25.149282971397042" lon="121.606573015451431">
        <ele>353.600000000000023</ele>
        <time>2026-09-20T02:20:27Z</time>
      </trkpt>
      <trkpt lat="25.149303004145622" lon="121.606581984087825">
        <ele>350.800000000000011</ele>
        <time>2026-09-20T02:20:31Z</time>
      </trkpt>
      <trkpt lat="25.149313984438777" lon="121.606565974652767">
        <ele>349.100000000000023</ele>
        <time>2026-09-20T02:20:35Z</time>
      </trkpt>
      <trkpt lat="25.149300992488861" lon="121.606537979096174">
        <ele>351.800000000000011</ele>
        <time>2026-09-20T02:20:38Z</time>
      </trkpt>
      <trkpt lat="25.149312978610396" lon="121.60650797188282">
        <ele>351.199999999999989</ele>
        <time>2026-09-20T02:20:42Z</time>
      </trkpt>
      <trkpt lat="25.149313984438777" lon="121.606489028781652">
        <ele>351.699999999999989</ele>
        <time>2026-09-20T02:20:46Z</time>
      </trkpt>
      <trkpt lat="25.149284983053803" lon="121.606468996033072">
        <ele>352.600000000000023</ele>
        <time>2026-09-20T02:20:50Z</time>
      </trkpt>
      <trkpt lat="25.149271991103888" lon="121.606462961062789">
        <ele>353.300000000000011</ele>
        <time>2026-09-20T02:20:54Z</time>
      </trkpt>
      <trkpt lat="25.149263022467494" lon="121.606457009911537">
        <ele>352.800000000000011</ele>
        <time>2026-09-20T02:20:58Z</time>
      </trkpt>
      <trkpt lat="25.149261010810733" lon="121.606444017961621">
        <ele>353.899999999999977</ele>
        <time>2026-09-20T02:21:02Z</time>
      </trkpt>
      <trkpt lat="25.149272996932268" lon="121.60644100047648">
        <ele>352.399999999999977</ele>
        <time>2026-09-20T02:21:07Z</time>
      </trkpt>
      <trkpt lat="25.149291018024087" lon="121.606445023790002">
        <ele>351.699999999999989</ele>
        <time>2026-09-20T02:21:11Z</time>
      </trkpt>
      <trkpt lat="25.149314990267158" lon="121.606471007689834">
        <ele>347.800000000000011</ele>
        <time>2026-09-20T02:21:15Z</time>
      </trkpt>
      <trkpt lat="25.149292023852468" lon="121.60646396689117">
        <ele>349.5</ele>
        <time>2026-09-20T02:21:19Z</time>
      </trkpt>
      <trkpt lat="25.149309039115906" lon="121.606460027396679">
        <ele>352.199999999999989</ele>
        <time>2026-09-20T02:21:23Z</time>
      </trkpt>
      <trkpt lat="25.14932001940906" lon="121.606454998254776">
        <ele>353.100000000000023</ele>
        <time>2026-09-20T02:21:27Z</time>
      </trkpt>
      <trkpt lat="25.149309961125255" lon="121.606433959677815">
        <ele>357.100000000000023</ele>
        <time>2026-09-20T02:21:31Z</time>
      </trkpt>
      <trkpt lat="25.149323958903551" lon="121.606435971334577">
        <ele>354.600000000000023</ele>
        <time>2026-09-20T02:21:35Z</time>
      </trkpt>
      <trkpt lat="25.149329993873835" lon="121.606428008526564">
        <ele>353.399999999999977</ele>
        <time>2026-09-20T02:21:40Z</time>
      </trkpt>
      <trkpt lat="25.149339968338609" lon="121.606429014354944">
        <ele>353.800000000000011</ele>
        <time>2026-09-20T02:21:44Z</time>
      </trkpt>
      <trkpt lat="25.149338962510228" lon="121.606410993263125">
        <ele>350.899999999999977</ele>
        <time>2026-09-20T02:21:50Z</time>
      </trkpt>
      <trkpt lat="25.149340974166989" lon="121.606419961899519">
        <ele>350.600000000000023</ele>
        <time>2026-09-20T02:21:54Z</time>
      </trkpt>
      <trkpt lat="25.149352960288525" lon="121.60641903989017">
        <ele>350.899999999999977</ele>
        <time>2026-09-20T02:21:58Z</time>
      </trkpt>
      <trkpt lat="25.149346003308892" lon="121.606406969949603">
        <ele>352.699999999999989</ele>
        <time>2026-09-20T02:22:02Z</time>
      </trkpt>
      <trkpt lat="25.149357989430428" lon="121.606400012969971">
        <ele>350.600000000000023</ele>
        <time>2026-09-20T02:22:06Z</time>
      </trkpt>
      <trkpt lat="25.149367963895202" lon="121.606390038505197">
        <ele>350.600000000000023</ele>
        <time>2026-09-20T02:22:12Z</time>
      </trkpt>
      <trkpt lat="25.14936201274395" lon="121.606376962736249">
        <ele>351.600000000000023</ele>
        <time>2026-09-20T02:22:16Z</time>
      </trkpt>
      <trkpt lat="25.149372993037105" lon="121.606376962736249">
        <ele>348.300000000000011</ele>
        <time>2026-09-20T02:22:20Z</time>
      </trkpt>
      <trkpt lat="25.14938598498702" lon="121.606362964957952">
        <ele>351.300000000000011</ele>
        <time>2026-09-20T02:22:24Z</time>
      </trkpt>
      <trkpt lat="25.149394031614065" lon="121.60635600797832">
        <ele>352.899999999999977</ele>
        <time>2026-09-20T02:22:28Z</time>
      </trkpt>
      <trkpt lat="25.14940501190722" lon="121.606350978836417">
        <ele>353.600000000000023</ele>
        <time>2026-09-20T02:22:33Z</time>
      </trkpt>
      <trkpt lat="25.149415992200375" lon="121.606343016028404">
        <ele>349.800000000000011</ele>
        <time>2026-09-20T02:22:37Z</time>
      </trkpt>
      <trkpt lat="25.149411968886852" lon="121.606324994936585">
        <ele>352.5</ele>
        <time>2026-09-20T02:22:43Z</time>
      </trkpt>
      <trkpt lat="25.149413980543613" lon="121.606314014643431">
        <ele>350.399999999999977</ele>
        <time>2026-09-20T02:22:47Z</time>
      </trkpt>
      <trkpt lat="25.149416998028755" lon="121.60629197023809">
        <ele>351.300000000000011</ele>
        <time>2026-09-20T02:22:51Z</time>
      </trkpt>
      <trkpt lat="25.149422027170658" lon="121.606281995773315">
        <ele>352.199999999999989</ele>
        <time>2026-09-20T02:22:55Z</time>
      </trkpt>
      <trkpt lat="25.14942797832191" lon="121.606238996610045">
        <ele>353.800000000000011</ele>
        <time>2026-09-20T02:22:58Z</time>
      </trkpt>
      <trkpt lat="25.149442981928587" lon="121.606232039630413">
        <ele>351.5</ele>
        <time>2026-09-20T02:23:02Z</time>
      </trkpt>
      <trkpt lat="25.149455973878503" lon="121.606217036023736">
        <ele>352.5</ele>
        <time>2026-09-20T02:23:07Z</time>
      </trkpt>
      <trkpt lat="25.149457985535264" lon="121.60620597191155">
        <ele>352.899999999999977</ele>
        <time>2026-09-20T02:23:12Z</time>
      </trkpt>
      <trkpt lat="25.149468965828419" lon="121.606204966083169">
        <ele>352.5</ele>
        <time>2026-09-20T02:23:17Z</time>
      </trkpt>
      <trkpt lat="25.149468965828419" lon="121.606193985790014">
        <ele>350.899999999999977</ele>
        <time>2026-09-20T02:23:26Z</time>
      </trkpt>
      <trkpt lat="25.14949101023376" lon="121.606181999668479">
        <ele>348</ele>
        <time>2026-09-20T02:23:30Z</time>
      </trkpt>
      <trkpt lat="25.149496961385012" lon="121.606168001890182">
        <ele>351</ele>
        <time>2026-09-20T02:23:34Z</time>
      </trkpt>
      <trkpt lat="25.149475000798702" lon="121.606125002726912">
        <ele>356.199999999999989</ele>
        <time>2026-09-20T02:23:38Z</time>
      </trkpt>
      <trkpt lat="25.149475000798702" lon="121.606102036312222">
        <ele>355.5</ele>
        <time>2026-09-20T02:23:42Z</time>
      </trkpt>
      <trkpt lat="25.149477012455463" lon="121.606088038533926">
        <ele>355.699999999999989</ele>
        <time>2026-09-20T02:23:46Z</time>
      </trkpt>
      <trkpt lat="25.14949101023376" lon="121.606079991906881">
        <ele>354.100000000000023</ele>
        <time>2026-09-20T02:23:50Z</time>
      </trkpt>
      <trkpt lat="25.149487992748618" lon="121.606063982471824">
        <ele>355.5</ele>
        <time>2026-09-20T02:23:54Z</time>
      </trkpt>
      <trkpt lat="25.149456979706883" lon="121.60605400800705">
        <ele>352.899999999999977</ele>
        <time>2026-09-20T02:23:59Z</time>
      </trkpt>
      <trkpt lat="25.149482963606715" lon="121.606035986915231">
        <ele>352.899999999999977</ele>
        <time>2026-09-20T02:24:03Z</time>
      </trkpt>
      <trkpt lat="25.14947097748518" lon="121.606021989136934">
        <ele>354.399999999999977</ele>
        <time>2026-09-20T02:24:07Z</time>
      </trkpt>
      <trkpt lat="25.149478018283844" lon="121.606008997187018">
        <ele>355.300000000000011</ele>
        <time>2026-09-20T02:24:11Z</time>
      </trkpt>
      <trkpt lat="25.149468965828419" lon="121.606000028550625">
        <ele>355.300000000000011</ele>
        <time>2026-09-20T02:24:20Z</time>
      </trkpt>
      <trkpt lat="25.14947198331356" lon="121.605987036600709">
        <ele>355.100000000000023</ele>
        <time>2026-09-20T02:24:24Z</time>
      </trkpt>
      <trkpt lat="25.149464020505548" lon="121.605979995802045">
        <ele>353.300000000000011</ele>
        <time>2026-09-20T02:24:31Z</time>
      </trkpt>
      <trkpt lat="25.149476006627083" lon="121.60596901550889">
        <ele>352.600000000000023</ele>
        <time>2026-09-20T02:24:38Z</time>
      </trkpt>
      <trkpt lat="25.149467960000038" lon="121.605957029387355">
        <ele>351.800000000000011</ele>
        <time>2026-09-20T02:24:42Z</time>
      </trkpt>
      <trkpt lat="25.149480029940605" lon="121.605949988588691">
        <ele>351.899999999999977</ele>
        <time>2026-09-20T02:24:46Z</time>
      </trkpt>
      <trkpt lat="25.14949101023376" lon="121.605938002467155">
        <ele>349.100000000000023</ele>
        <time>2026-09-20T02:24:54Z</time>
      </trkpt>
      <trkpt lat="25.149467960000038" lon="121.605933979153633">
        <ele>345.600000000000023</ele>
        <time>2026-09-20T02:24:58Z</time>
      </trkpt>
      <trkpt lat="25.149482963606715" lon="121.605940014123917">
        <ele>348.300000000000011</ele>
        <time>2026-09-20T02:25:02Z</time>
      </trkpt>
      <trkpt lat="25.149502996355295" lon="121.605971027165651">
        <ele>347.600000000000023</ele>
        <time>2026-09-20T02:25:07Z</time>
      </trkpt>
      <trkpt lat="25.149455973878503" lon="121.60594898276031">
        <ele>346.300000000000011</ele>
        <time>2026-09-20T02:25:11Z</time>
      </trkpt>
      <trkpt lat="25.149453040212393" lon="121.605901038274169">
        <ele>346.5</ele>
        <time>2026-09-20T02:25:15Z</time>
      </trkpt>
      <trkpt lat="25.149451028555632" lon="121.605922998860478">
        <ele>346.800000000000011</ele>
        <time>2026-09-20T02:25:18Z</time>
      </trkpt>
      <trkpt lat="25.149635011330247" lon="121.606043027713895">
        <ele>349.300000000000011</ele>
        <time>2026-09-20T02:25:21Z</time>
      </trkpt>
      <trkpt lat="25.149568039923906" lon="121.606005979701877">
        <ele>352.199999999999989</ele>
        <time>2026-09-20T02:25:25Z</time>
      </trkpt>
      <trkpt lat="25.149536021053791" lon="121.605935990810394">
        <ele>351.699999999999989</ele>
        <time>2026-09-20T02:25:29Z</time>
      </trkpt>
      <trkpt lat="25.149509031325579" lon="121.605946971103549">
        <ele>352.300000000000011</ele>
        <time>2026-09-20T02:25:33Z</time>
      </trkpt>
      <trkpt lat="25.149522023275495" lon="121.605952000245452">
        <ele>353.199999999999989</ele>
        <time>2026-09-20T02:25:43Z</time>
      </trkpt>
      <trkpt lat="25.149510037153959" lon="121.605970021337271">
        <ele>354.5</ele>
        <time>2026-09-20T02:25:47Z</time>
      </trkpt>
      <trkpt lat="25.149500984698534" lon="121.605960968881845">
        <ele>354.199999999999989</ele>
        <time>2026-09-20T02:25:52Z</time>
      </trkpt>
      <trkpt lat="25.149507019668818" lon="121.605944959446788">
        <ele>353.600000000000023</ele>
        <time>2026-09-20T02:26:02Z</time>
      </trkpt>
      <trkpt lat="25.149510037153959" lon="121.605887962505221">
        <ele>350.300000000000011</ele>
        <time>2026-09-20T02:26:06Z</time>
      </trkpt>
      <trkpt lat="25.149499978870153" lon="121.605885028839111">
        <ele>351.199999999999989</ele>
        <time>2026-09-20T02:26:10Z</time>
      </trkpt>
      <trkpt lat="25.14949101023376" lon="121.605888968333602">
        <ele>351.199999999999989</ele>
        <time>2026-09-20T02:26:14Z</time>
      </trkpt>
      <trkpt lat="25.149508025497198" lon="121.605875976383686">
        <ele>352.300000000000011</ele>
        <time>2026-09-20T02:26:18Z</time>
      </trkpt>
      <trkpt lat="25.149516994133592" lon="121.605864996090531">
        <ele>351.600000000000023</ele>
        <time>2026-09-20T02:26:22Z</time>
      </trkpt>
      <trkpt lat="25.149510959163308" lon="121.605849992483854">
        <ele>353.699999999999989</ele>
        <time>2026-09-20T02:26:26Z</time>
      </trkpt>
      <trkpt lat="25.149510959163308" lon="121.605833983048797">
        <ele>353.899999999999977</ele>
        <time>2026-09-20T02:26:30Z</time>
      </trkpt>
      <trkpt lat="25.149502996355295" lon="121.605821996927261">
        <ele>352.199999999999989</ele>
        <time>2026-09-20T02:26:34Z</time>
      </trkpt>
      <trkpt lat="25.149499978870153" lon="121.605809004977345">
        <ele>353.100000000000023</ele>
        <time>2026-09-20T02:26:38Z</time>
      </trkpt>
      <trkpt lat="25.149500984698534" lon="121.605798024684191">
        <ele>354.699999999999989</ele>
        <time>2026-09-20T02:26:44Z</time>
      </trkpt>
      <trkpt lat="25.149495033547282" lon="121.605786038562655">
        <ele>354.800000000000011</ele>
        <time>2026-09-20T02:26:50Z</time>
      </trkpt>
      <trkpt lat="25.149496961385012" lon="121.605774974450469">
        <ele>353.899999999999977</ele>
        <time>2026-09-20T02:26:55Z</time>
      </trkpt>
      <trkpt lat="25.149493021890521" lon="121.605757959187031">
        <ele>353.600000000000023</ele>
        <time>2026-09-20T02:26:59Z</time>
      </trkpt>
      <trkpt lat="25.149467960000038" lon="121.605731975287199">
        <ele>355.399999999999977</ele>
        <time>2026-09-20T02:27:03Z</time>
      </trkpt>
      <trkpt lat="25.149461003020406" lon="121.60571001470089">
        <ele>356</ele>
        <time>2026-09-20T02:27:07Z</time>
      </trkpt>
      <trkpt lat="25.149456979706883" lon="121.605699034407735">
        <ele>353.199999999999989</ele>
        <time>2026-09-20T02:27:10Z</time>
      </trkpt>
      <trkpt lat="25.149456979706883" lon="121.605685958638787">
        <ele>353.5</ele>
        <time>2026-09-20T02:27:14Z</time>
      </trkpt>
      <trkpt lat="25.149465026333928" lon="121.605661986395717">
        <ele>353.300000000000011</ele>
        <time>2026-09-20T02:27:17Z</time>
      </trkpt>
      <trkpt lat="25.149459997192025" lon="121.60564798861742">
        <ele>355.600000000000023</ele>
        <time>2026-09-20T02:27:20Z</time>
      </trkpt>
      <trkpt lat="25.149463014677167" lon="121.605636002495885">
        <ele>354.699999999999989</ele>
        <time>2026-09-20T02:27:23Z</time>
      </trkpt>
      <trkpt lat="25.149467960000038" lon="121.605627033859491">
        <ele>355.199999999999989</ele>
        <time>2026-09-20T02:27:26Z</time>
      </trkpt>
      <trkpt lat="25.149454968050122" lon="121.605614963918924">
        <ele>355.199999999999989</ele>
        <time>2026-09-20T02:27:41Z</time>
      </trkpt>
      <trkpt lat="25.149436024948955" lon="121.605595014989376">
        <ele>354.199999999999989</ele>
        <time>2026-09-20T02:28:02Z</time>
      </trkpt>
      <trkpt lat="25.149434013292193" lon="121.605579005554318">
        <ele>357.100000000000023</ele>
        <time>2026-09-20T02:28:20Z</time>
      </trkpt>
      <trkpt lat="25.149423032999039" lon="121.605580011382699">
        <ele>354.5</ele>
        <time>2026-09-20T02:28:24Z</time>
      </trkpt>
      <trkpt lat="25.149438958615065" lon="121.60558202303946">
        <ele>356.100000000000023</ele>
        <time>2026-09-20T02:28:28Z</time>
      </trkpt>
      <trkpt lat="25.149444993585348" lon="121.605573976412416">
        <ele>355.899999999999977</ele>
        <time>2026-09-20T02:28:33Z</time>
      </trkpt>
      <trkpt lat="25.149452034384012" lon="121.605566013604403">
        <ele>363.199999999999989</ele>
        <time>2026-09-20T02:28:47Z</time>
      </trkpt>
      <trkpt lat="25.149441976100206" lon="121.605541035532951">
        <ele>358.300000000000011</ele>
        <time>2026-09-20T02:28:51Z</time>
      </trkpt>
      <trkpt lat="25.149436024948955" lon="121.605525026097894">
        <ele>359.899999999999977</ele>
        <time>2026-09-20T02:28:59Z</time>
      </trkpt>
      <trkpt lat="25.149434013292193" lon="121.605513039976358">
        <ele>358.5</ele>
        <time>2026-09-20T02:29:05Z</time>
      </trkpt>
      <trkpt lat="25.149432001635432" lon="121.605501975864172">
        <ele>360</ele>
        <time>2026-09-20T02:29:15Z</time>
      </trkpt>
      <trkpt lat="25.149424038827419" lon="121.605509016662836">
        <ele>358.5</ele>
        <time>2026-09-20T02:29:19Z</time>
      </trkpt>
      <trkpt lat="25.149436024948955" lon="121.605507005006075">
        <ele>363.100000000000023</ele>
        <time>2026-09-20T02:29:24Z</time>
      </trkpt>
      <trkpt lat="25.149429989978671" lon="121.605494013056159">
        <ele>361.399999999999977</ele>
        <time>2026-09-20T02:29:27Z</time>
      </trkpt>
      <trkpt lat="25.149438036605716" lon="121.605487978085876">
        <ele>358.800000000000011</ele>
        <time>2026-09-20T02:29:32Z</time>
      </trkpt>
      <trkpt lat="25.149439964443445" lon="121.605463000014424">
        <ele>357.699999999999989</ele>
        <time>2026-09-20T02:29:36Z</time>
      </trkpt>
      <trkpt lat="25.149450022727251" lon="121.605455037206411">
        <ele>359.199999999999989</ele>
        <time>2026-09-20T02:29:40Z</time>
      </trkpt>
      <trkpt lat="25.149438036605716" lon="121.60543198697269">
        <ele>352.100000000000023</ele>
        <time>2026-09-20T02:29:44Z</time>
      </trkpt>
      <trkpt lat="25.149429989978671" lon="121.605438021942973">
        <ele>354</ele>
        <time>2026-09-20T02:29:48Z</time>
      </trkpt>
      <trkpt lat="25.149422027170658" lon="121.605451013892889">
        <ele>356.899999999999977</ele>
        <time>2026-09-20T02:29:52Z</time>
      </trkpt>
      <trkpt lat="25.149413980543613" lon="121.605436010286212">
        <ele>362.199999999999989</ele>
        <time>2026-09-20T02:30:02Z</time>
      </trkpt>
      <trkpt lat="25.1494060177356" lon="121.605425029993057">
        <ele>359.600000000000023</ele>
        <time>2026-09-20T02:30:09Z</time>
      </trkpt>
      <trkpt lat="25.149410041049123" lon="121.605395022779703">
        <ele>359.199999999999989</ele>
        <time>2026-09-20T02:30:13Z</time>
      </trkpt>
      <trkpt lat="25.149410041049123" lon="121.605383036658168">
        <ele>359.300000000000011</ele>
        <time>2026-09-20T02:30:17Z</time>
      </trkpt>
      <trkpt lat="25.149403000250459" lon="121.605374990031123">
        <ele>359.899999999999977</ele>
        <time>2026-09-20T02:30:21Z</time>
      </trkpt>
      <trkpt lat="25.149415992200375" lon="121.605371972545981">
        <ele>360.5</ele>
        <time>2026-09-20T02:30:25Z</time>
      </trkpt>
      <trkpt lat="25.149400988593698" lon="121.605365015566349">
        <ele>356.899999999999977</ele>
        <time>2026-09-20T02:30:34Z</time>
      </trkpt>
      <trkpt lat="25.149395037442446" lon="121.605355041101575">
        <ele>355.899999999999977</ele>
        <time>2026-09-20T02:30:38Z</time>
      </trkpt>
      <trkpt lat="25.149396965280175" lon="121.605340959504247">
        <ele>357</ele>
        <time>2026-09-20T02:30:42Z</time>
      </trkpt>
      <trkpt lat="25.149393025785685" lon="121.60532696172595">
        <ele>358.100000000000023</ele>
        <time>2026-09-20T02:30:46Z</time>
      </trkpt>
      <trkpt lat="25.149395037442446" lon="121.605307012796402">
        <ele>356.5</ele>
        <time>2026-09-20T02:30:50Z</time>
      </trkpt>
      <trkpt lat="25.149397971108556" lon="121.605272982269526">
        <ele>360.600000000000023</ele>
        <time>2026-09-20T02:30:54Z</time>
      </trkpt>
      <trkpt lat="25.149395959451795" lon="121.605221014469862">
        <ele>356.399999999999977</ele>
        <time>2026-09-20T02:30:58Z</time>
      </trkpt>
      <trkpt lat="25.149381961673498" lon="121.605184972286224">
        <ele>359.100000000000023</ele>
        <time>2026-09-20T02:31:02Z</time>
      </trkpt>
      <trkpt lat="25.149370981380343" lon="121.605179021134973">
        <ele>364.399999999999977</ele>
        <time>2026-09-20T02:31:10Z</time>
      </trkpt>
      <trkpt lat="25.14936301857233" lon="121.605169968679547">
        <ele>361.300000000000011</ele>
        <time>2026-09-20T02:31:14Z</time>
      </trkpt>
      <trkpt lat="25.149344997480512" lon="121.605168962851167">
        <ele>362.5</ele>
        <time>2026-09-20T02:31:19Z</time>
      </trkpt>
      <trkpt lat="25.149328988045454" lon="121.605163011699915">
        <ele>360.100000000000023</ele>
        <time>2026-09-20T02:31:23Z</time>
      </trkpt>
      <trkpt lat="25.149328988045454" lon="121.60515102557838">
        <ele>358.600000000000023</ele>
        <time>2026-09-20T02:31:28Z</time>
      </trkpt>
      <trkpt lat="25.149328988045454" lon="121.605137027800083">
        <ele>358.899999999999977</ele>
        <time>2026-09-20T02:31:31Z</time>
      </trkpt>
      <trkpt lat="25.149334017187357" lon="121.605127975344658">
        <ele>357.800000000000011</ele>
        <time>2026-09-20T02:31:36Z</time>
      </trkpt>
      <trkpt lat="25.149322031065822" lon="121.60510903224349">
        <ele>356.600000000000023</ele>
        <time>2026-09-20T02:31:40Z</time>
      </trkpt>
      <trkpt lat="25.149332005530596" lon="121.605104003101587">
        <ele>355.800000000000011</ele>
        <time>2026-09-20T02:31:44Z</time>
      </trkpt>
      <trkpt lat="25.149324964731932" lon="121.605091011151671">
        <ele>355.399999999999977</ele>
        <time>2026-09-20T02:31:48Z</time>
      </trkpt>
      <trkpt lat="25.149338040500879" lon="121.605077013373375">
        <ele>357.600000000000023</ele>
        <time>2026-09-20T02:31:52Z</time>
      </trkpt>
      <trkpt lat="25.149338962510228" lon="121.605056980624795">
        <ele>354</ele>
        <time>2026-09-20T02:31:56Z</time>
      </trkpt>
      <trkpt lat="25.149354971945286" lon="121.605056980624795">
        <ele>356.199999999999989</ele>
        <time>2026-09-20T02:32:00Z</time>
      </trkpt>
      <trkpt lat="25.149367041885853" lon="121.605040971189737">
        <ele>357.5</ele>
        <time>2026-09-20T02:32:04Z</time>
      </trkpt>
      <trkpt lat="25.149353966116905" lon="121.605029990896583">
        <ele>356.300000000000011</ele>
        <time>2026-09-20T02:32:08Z</time>
      </trkpt>
      <trkpt lat="25.149349020794034" lon="121.605005012825131">
        <ele>353.100000000000023</ele>
        <time>2026-09-20T02:32:12Z</time>
      </trkpt>
      <trkpt lat="25.149351032450795" lon="121.604994032531977">
        <ele>354</ele>
        <time>2026-09-20T02:32:19Z</time>
      </trkpt>
      <trkpt lat="25.149344997480512" lon="121.604984980076551">
        <ele>356</ele>
        <time>2026-09-20T02:32:24Z</time>
      </trkpt>
      <trkpt lat="25.149361006915569" lon="121.604975005611777">
        <ele>357</ele>
        <time>2026-09-20T02:32:28Z</time>
      </trkpt>
      <trkpt lat="25.149370981380343" lon="121.604970982298255">
        <ele>357.800000000000011</ele>
        <time>2026-09-20T02:32:33Z</time>
      </trkpt>
      <trkpt lat="25.149377016350627" lon="121.604962013661861">
        <ele>359.399999999999977</ele>
        <time>2026-09-20T02:32:39Z</time>
      </trkpt>
      <trkpt lat="25.14936301857233" lon="121.604949021711946">
        <ele>358.800000000000011</ele>
        <time>2026-09-20T02:32:43Z</time>
      </trkpt>
      <trkpt lat="25.149364024400711" lon="121.604929994791746">
        <ele>359.699999999999989</ele>
        <time>2026-09-20T02:32:47Z</time>
      </trkpt>
      <trkpt lat="25.149367963895202" lon="121.604921026155353">
        <ele>363.699999999999989</ele>
        <time>2026-09-20T02:32:59Z</time>
      </trkpt>
      <trkpt lat="25.149376010522246" lon="121.604914991185069">
        <ele>363.399999999999977</ele>
        <time>2026-09-20T02:33:05Z</time>
      </trkpt>
      <trkpt lat="25.149382967501879" lon="121.604925971478224">
        <ele>361.300000000000011</ele>
        <time>2026-09-20T02:33:13Z</time>
      </trkpt>
      <trkpt lat="25.149392019957304" lon="121.604924965649843">
        <ele>360.5</ele>
        <time>2026-09-20T02:33:20Z</time>
      </trkpt>
      <trkpt lat="25.149401994422078" lon="121.60491700284183">
        <ele>363</ele>
        <time>2026-09-20T02:33:25Z</time>
      </trkpt>
      <trkpt lat="25.14938598498702" lon="121.604925971478224">
        <ele>361.5</ele>
        <time>2026-09-20T02:33:29Z</time>
      </trkpt>
      <trkpt lat="25.149391014128923" lon="121.60491599701345">
        <ele>364.100000000000023</ele>
        <time>2026-09-20T02:33:34Z</time>
      </trkpt>
      <trkpt lat="25.14938598498702" lon="121.604925971478224">
        <ele>362.100000000000023</ele>
        <time>2026-09-20T02:33:43Z</time>
      </trkpt>
      <trkpt lat="25.149392019957304" lon="121.604942986741662">
        <ele>357.600000000000023</ele>
        <time>2026-09-20T02:33:48Z</time>
      </trkpt>
      <trkpt lat="25.149357989430428" lon="121.604921026155353">
        <ele>366.899999999999977</ele>
        <time>2026-09-20T02:33:52Z</time>
      </trkpt>
      <trkpt lat="25.149318007752299" lon="121.604919014498591">
        <ele>368.199999999999989</ele>
        <time>2026-09-20T02:33:56Z</time>
      </trkpt>
      <trkpt lat="25.149323036894202" lon="121.604901999235153">
        <ele>364.899999999999977</ele>
        <time>2026-09-20T02:34:01Z</time>
      </trkpt>
      <trkpt lat="25.149311972782016" lon="121.604883978143334">
        <ele>362.5</ele>
        <time>2026-09-20T02:34:05Z</time>
      </trkpt>
      <trkpt lat="25.149300992488861" lon="121.604867968708277">
        <ele>360.399999999999977</ele>
        <time>2026-09-20T02:34:09Z</time>
      </trkpt>
      <trkpt lat="25.149309039115906" lon="121.604854976758361">
        <ele>361.600000000000023</ele>
        <time>2026-09-20T02:34:13Z</time>
      </trkpt>
      <trkpt lat="25.149309961125255" lon="121.604865035042167">
        <ele>367.5</ele>
        <time>2026-09-20T02:34:17Z</time>
      </trkpt>
      <trkpt lat="25.149305015802383" lon="121.604880960658193">
        <ele>375</ele>
        <time>2026-09-20T02:34:24Z</time>
      </trkpt>
      <trkpt lat="25.149297975003719" lon="121.604871992021799">
        <ele>369.600000000000023</ele>
        <time>2026-09-20T02:34:32Z</time>
      </trkpt>
      <trkpt lat="25.149305015802383" lon="121.604846008121967">
        <ele>365.899999999999977</ele>
        <time>2026-09-20T02:34:36Z</time>
      </trkpt>
      <trkpt lat="25.14931901358068" lon="121.60480996593833">
        <ele>364.899999999999977</ele>
        <time>2026-09-20T02:34:40Z</time>
      </trkpt>
      <trkpt lat="25.149330999702215" lon="121.604794962331653">
        <ele>364.399999999999977</ele>
        <time>2026-09-20T02:34:44Z</time>
      </trkpt>
      <trkpt lat="25.149327982217073" lon="121.604783982038498">
        <ele>362.800000000000011</ele>
        <time>2026-09-20T02:34:48Z</time>
      </trkpt>
      <trkpt lat="25.149328988045454" lon="121.604769984260201">
        <ele>361.5</ele>
        <time>2026-09-20T02:34:52Z</time>
      </trkpt>
      <trkpt lat="25.149334017187357" lon="121.604754980653524">
        <ele>359.899999999999977</ele>
        <time>2026-09-20T02:34:56Z</time>
      </trkpt>
      <trkpt lat="25.149334017187357" lon="121.604742994531989">
        <ele>361.100000000000023</ele>
        <time>2026-09-20T02:35:02Z</time>
      </trkpt>
      <trkpt lat="25.149333011358976" lon="121.604726985096931">
        <ele>362.699999999999989</ele>
        <time>2026-09-20T02:35:09Z</time>
      </trkpt>
      <trkpt lat="25.149327982217073" lon="121.604714998975396">
        <ele>363.399999999999977</ele>
        <time>2026-09-20T02:35:15Z</time>
      </trkpt>
      <trkpt lat="25.149330999702215" lon="121.604699995368719">
        <ele>364.300000000000011</ele>
        <time>2026-09-20T02:35:19Z</time>
      </trkpt>
      <trkpt lat="25.14932001940906" lon="121.604683985933661">
        <ele>361.100000000000023</ele>
        <time>2026-09-20T02:35:23Z</time>
      </trkpt>
      <trkpt lat="25.149346003308892" lon="121.604668982326984">
        <ele>365.699999999999989</ele>
        <time>2026-09-20T02:35:27Z</time>
      </trkpt>
      <trkpt lat="25.149332005530596" lon="121.6046819742769">
        <ele>356.800000000000011</ele>
        <time>2026-09-20T02:35:31Z</time>
      </trkpt>
      <trkpt lat="25.149332005530596" lon="121.604706030339003">
        <ele>360.5</ele>
        <time>2026-09-20T02:35:35Z</time>
      </trkpt>
      <trkpt lat="25.149334017187357" lon="121.604695972055197">
        <ele>362.699999999999989</ele>
        <time>2026-09-20T02:35:38Z</time>
      </trkpt>
      <trkpt lat="25.149328988045454" lon="121.604679962620139">
        <ele>361.399999999999977</ele>
        <time>2026-09-20T02:35:41Z</time>
      </trkpt>
      <trkpt lat="25.149323036894202" lon="121.604665964841843">
        <ele>363.899999999999977</ele>
        <time>2026-09-20T02:35:45Z</time>
      </trkpt>
      <trkpt lat="25.149313984438777" lon="121.604652972891927">
        <ele>362.800000000000011</ele>
        <time>2026-09-20T02:35:48Z</time>
      </trkpt>
      <trkpt lat="25.149323958903551" lon="121.604646015912294">
        <ele>367.399999999999977</ele>
        <time>2026-09-20T02:35:53Z</time>
      </trkpt>
      <trkpt lat="25.149334017187357" lon="121.604639980942011">
        <ele>368.800000000000011</ele>
        <time>2026-09-20T02:35:57Z</time>
      </trkpt>
      <trkpt lat="25.149335023015738" lon="121.604621959850192">
        <ele>368.800000000000011</ele>
        <time>2026-09-20T02:36:01Z</time>
      </trkpt>
      <trkpt lat="25.149333011358976" lon="121.604603016749024">
        <ele>367.600000000000023</ele>
        <time>2026-09-20T02:36:05Z</time>
      </trkpt>
      <trkpt lat="25.14934298582375" lon="121.604590024799109">
        <ele>368.300000000000011</ele>
        <time>2026-09-20T02:36:09Z</time>
      </trkpt>
      <trkpt lat="25.149365030229092" lon="121.60457300953567">
        <ele>367</ele>
        <time>2026-09-20T02:36:13Z</time>
      </trkpt>
      <trkpt lat="25.149375004693866" lon="121.604561023414135">
        <ele>364.699999999999989</ele>
        <time>2026-09-20T02:36:17Z</time>
      </trkpt>
      <trkpt lat="25.149387996643782" lon="121.604540990665555">
        <ele>362.899999999999977</ele>
        <time>2026-09-20T02:36:21Z</time>
      </trkpt>
      <trkpt lat="25.149410963058472" lon="121.604516012594104">
        <ele>365.199999999999989</ele>
        <time>2026-09-20T02:36:25Z</time>
      </trkpt>
      <trkpt lat="25.149413980543613" lon="121.604492962360382">
        <ele>361.399999999999977</ele>
        <time>2026-09-20T02:36:29Z</time>
      </trkpt>
      <trkpt lat="25.149419009685516" lon="121.604475025087595">
        <ele>362.5</ele>
        <time>2026-09-20T02:36:33Z</time>
      </trkpt>
      <trkpt lat="25.149414986371994" lon="121.604462033137679">
        <ele>366.5</ele>
        <time>2026-09-20T02:36:40Z</time>
      </trkpt>
      <trkpt lat="25.149398976936936" lon="121.60444300621748">
        <ele>366</ele>
        <time>2026-09-20T02:36:44Z</time>
      </trkpt>
      <trkpt lat="25.14940501190722" lon="121.604428002610803">
        <ele>368.300000000000011</ele>
        <time>2026-09-20T02:36:49Z</time>
      </trkpt>
      <trkpt lat="25.149411968886852" lon="121.604414004832506">
        <ele>368.300000000000011</ele>
        <time>2026-09-20T02:36:53Z</time>
      </trkpt>
      <trkpt lat="25.149424038827419" lon="121.604407969862223">
        <ele>370</ele>
        <time>2026-09-20T02:36:57Z</time>
      </trkpt>
      <trkpt lat="25.149426972493529" lon="121.604395983740687">
        <ele>378.300000000000011</ele>
        <time>2026-09-20T02:37:01Z</time>
      </trkpt>
      <trkpt lat="25.149416998028755" lon="121.604397995397449">
        <ele>373.300000000000011</ele>
        <time>2026-09-20T02:37:08Z</time>
      </trkpt>
      <trkpt lat="25.14940501190722" lon="121.604402018710971">
        <ele>373.800000000000011</ele>
        <time>2026-09-20T02:37:14Z</time>
      </trkpt>
      <trkpt lat="25.149394031614065" lon="121.604412999004126">
        <ele>373.300000000000011</ele>
        <time>2026-09-20T02:37:18Z</time>
      </trkpt>
      <trkpt lat="25.149404006078839" lon="121.604420961812139">
        <ele>381</ele>
        <time>2026-09-20T02:37:23Z</time>
      </trkpt>
      <trkpt lat="25.149397971108556" lon="121.604409981518984">
        <ele>378.5</ele>
        <time>2026-09-20T02:37:27Z</time>
      </trkpt>
      <trkpt lat="25.149400988593698" lon="121.604396989569068">
        <ele>380.300000000000011</ele>
        <time>2026-09-20T02:37:33Z</time>
      </trkpt>
      <trkpt lat="25.1494060177356" lon="121.604388020932674">
        <ele>377.899999999999977</ele>
        <time>2026-09-20T02:37:38Z</time>
      </trkpt>
      <trkpt lat="25.149395037442446" lon="121.604399001225829">
        <ele>376.800000000000011</ele>
        <time>2026-09-20T02:37:42Z</time>
      </trkpt>
      <trkpt lat="25.149436024948955" lon="121.604402018710971">
        <ele>376.100000000000023</ele>
        <time>2026-09-20T02:37:46Z</time>
      </trkpt>
      <trkpt lat="25.149499978870153" lon="121.604376034811139">
        <ele>376.899999999999977</ele>
        <time>2026-09-20T02:37:50Z</time>
      </trkpt>
      <trkpt lat="25.149487992748618" lon="121.60433798097074">
        <ele>373.199999999999989</ele>
        <time>2026-09-20T02:37:54Z</time>
      </trkpt>
      <trkpt lat="25.14949101023376" lon="121.604327000677586">
        <ele>366.600000000000023</ele>
        <time>2026-09-20T02:37:59Z</time>
      </trkpt>
      <trkpt lat="25.149497967213392" lon="121.604299005120993">
        <ele>371.300000000000011</ele>
        <time>2026-09-20T02:38:03Z</time>
      </trkpt>
      <trkpt lat="25.149501990526915" lon="121.604276960715652">
        <ele>369.5</ele>
        <time>2026-09-20T02:38:07Z</time>
      </trkpt>
      <trkpt lat="25.14951498247683" lon="121.604259023442864">
        <ele>369.600000000000023</ele>
        <time>2026-09-20T02:38:11Z</time>
      </trkpt>
      <trkpt lat="25.149527974426746" lon="121.604264974594116">
        <ele>374.600000000000023</ele>
        <time>2026-09-20T02:38:15Z</time>
      </trkpt>
      <trkpt lat="25.14951498247683" lon="121.604266986250877">
        <ele>374.899999999999977</ele>
        <time>2026-09-20T02:38:19Z</time>
      </trkpt>
      <trkpt lat="25.149502996355295" lon="121.604265980422497">
        <ele>369.300000000000011</ele>
        <time>2026-09-20T02:38:23Z</time>
      </trkpt>
      <trkpt lat="25.149512970820069" lon="121.604268997907639">
        <ele>369.300000000000011</ele>
        <time>2026-09-20T02:38:27Z</time>
      </trkpt>
      <trkpt lat="25.149527974426746" lon="121.604268997907639">
        <ele>373.300000000000011</ele>
        <time>2026-09-20T02:38:31Z</time>
      </trkpt>
      <trkpt lat="25.149526968598366" lon="121.604235973209143">
        <ele>373.800000000000011</ele>
        <time>2026-09-20T02:38:35Z</time>
      </trkpt>
      <trkpt lat="25.149517999961972" lon="121.604233039543033">
        <ele>376.399999999999977</ele>
        <time>2026-09-20T02:38:40Z</time>
      </trkpt>
      <trkpt lat="25.149507019668818" lon="121.604221975430846">
        <ele>377.300000000000011</ele>
        <time>2026-09-20T02:38:45Z</time>
      </trkpt>
      <trkpt lat="25.149461003020406" lon="121.604222981259227">
        <ele>382.600000000000023</ele>
        <time>2026-09-20T02:38:49Z</time>
      </trkpt>
      <trkpt lat="25.149393025785685" lon="121.604180987924337">
        <ele>388.5</ele>
        <time>2026-09-20T02:38:53Z</time>
      </trkpt>
      <trkpt lat="25.149336028844118" lon="121.60416497848928">
        <ele>403.600000000000023</ele>
        <time>2026-09-20T02:38:56Z</time>
      </trkpt>
      <trkpt lat="25.149434013292193" lon="121.604230022057891">
        <ele>378.300000000000011</ele>
        <time>2026-09-20T02:39:00Z</time>
      </trkpt>
      <trkpt lat="25.149469971656799" lon="121.604245025664568">
        <ele>377</ele>
        <time>2026-09-20T02:39:04Z</time>
      </trkpt>
      <trkpt lat="25.149452034384012" lon="121.604248965159059">
        <ele>378.5</ele>
        <time>2026-09-20T02:39:08Z</time>
      </trkpt>
      <trkpt lat="25.149459997192025" lon="121.604232033714652">
        <ele>376.699999999999989</ele>
        <time>2026-09-20T02:39:12Z</time>
      </trkpt>
      <trkpt lat="25.149453040212393" lon="121.604222981259227">
        <ele>376.600000000000023</ele>
        <time>2026-09-20T02:39:28Z</time>
      </trkpt>
      <trkpt lat="25.149447005242109" lon="121.60420797765255">
        <ele>375.300000000000011</ele>
        <time>2026-09-20T02:39:32Z</time>
      </trkpt>
      <trkpt lat="25.149456979706883" lon="121.604205965995789">
        <ele>373.800000000000011</ele>
        <time>2026-09-20T02:39:36Z</time>
      </trkpt>
      <trkpt lat="25.14947198331356" lon="121.604200014844537">
        <ele>372.300000000000011</ele>
        <time>2026-09-20T02:39:40Z</time>
      </trkpt>
      <trkpt lat="25.149480029940605" lon="121.604192974045873">
        <ele>372.699999999999989</ele>
        <time>2026-09-20T02:39:47Z</time>
      </trkpt>
      <trkpt lat="25.149488998576999" lon="121.604202026501298">
        <ele>374.100000000000023</ele>
        <time>2026-09-20T02:40:16Z</time>
      </trkpt>
      <trkpt lat="25.149497967213392" lon="121.604212000966072">
        <ele>372.899999999999977</ele>
        <time>2026-09-20T02:40:22Z</time>
      </trkpt>
      <trkpt lat="25.149507019668818" lon="121.604213006794453">
        <ele>373.600000000000023</ele>
        <time>2026-09-20T02:40:27Z</time>
      </trkpt>
      <trkpt lat="25.149516994133592" lon="121.604205965995789">
        <ele>372.300000000000011</ele>
        <time>2026-09-20T02:40:33Z</time>
      </trkpt>
      <trkpt lat="25.14951498247683" lon="121.604191968217492">
        <ele>370.5</ele>
        <time>2026-09-20T02:40:44Z</time>
      </trkpt>
      <trkpt lat="25.149508025497198" lon="121.60418501123786">
        <ele>370.199999999999989</ele>
        <time>2026-09-20T02:40:56Z</time>
      </trkpt>
      <trkpt lat="25.149498973041773" lon="121.604177970439196">
        <ele>371.300000000000011</ele>
        <time>2026-09-20T02:41:02Z</time>
      </trkpt>
      <trkpt lat="25.14949201606214" lon="121.60418601706624">
        <ele>368.399999999999977</ele>
        <time>2026-09-20T02:41:16Z</time>
      </trkpt>
      <trkpt lat="25.149497967213392" lon="121.604169001802802">
        <ele>364</ele>
        <time>2026-09-20T02:41:20Z</time>
      </trkpt>
      <trkpt lat="25.149547001346946" lon="121.604107981547713">
        <ele>364.199999999999989</ele>
        <time>2026-09-20T02:41:24Z</time>
      </trkpt>
      <trkpt lat="25.149507019668818" lon="121.604175958782434">
        <ele>370.399999999999977</ele>
        <time>2026-09-20T02:41:28Z</time>
      </trkpt>
      <trkpt lat="25.149498973041773" lon="121.604187022894621">
        <ele>370.399999999999977</ele>
        <time>2026-09-20T02:41:33Z</time>
      </trkpt>
      <trkpt lat="25.149480029940605" lon="121.604175036773086">
        <ele>371.300000000000011</ele>
        <time>2026-09-20T02:41:37Z</time>
      </trkpt>
      <trkpt lat="25.149488998576999" lon="121.604167995974422">
        <ele>370.800000000000011</ele>
        <time>2026-09-20T02:41:41Z</time>
      </trkpt>
      <trkpt lat="25.149490004405379" lon="121.604178976267576">
        <ele>371.199999999999989</ele>
        <time>2026-09-20T02:41:46Z</time>
      </trkpt>
      <trkpt lat="25.149506013840437" lon="121.604161038994789">
        <ele>372.899999999999977</ele>
        <time>2026-09-20T02:41:50Z</time>
      </trkpt>
      <trkpt lat="25.149525962769985" lon="121.604158021509647">
        <ele>370.800000000000011</ele>
        <time>2026-09-20T02:41:54Z</time>
      </trkpt>
      <trkpt lat="25.149539960548282" lon="121.604146035388112">
        <ele>369.699999999999989</ele>
        <time>2026-09-20T02:41:58Z</time>
      </trkpt>
      <trkpt lat="25.149566028267145" lon="121.604144023731351">
        <ele>370.199999999999989</ele>
        <time>2026-09-20T02:42:02Z</time>
      </trkpt>
      <trkpt lat="25.14957801438868" lon="121.604135977104306">
        <ele>372.800000000000011</ele>
        <time>2026-09-20T02:42:06Z</time>
      </trkpt>
      <trkpt lat="25.149587988853455" lon="121.604129020124674">
        <ele>369.699999999999989</ele>
        <time>2026-09-20T02:42:10Z</time>
      </trkpt>
      <trkpt lat="25.1495770085603" lon="121.604118039831519">
        <ele>368</ele>
        <time>2026-09-20T02:42:14Z</time>
      </trkpt>
      <trkpt lat="25.149571979418397" lon="121.6041000187397">
        <ele>365.800000000000011</ele>
        <time>2026-09-20T02:42:18Z</time>
      </trkpt>
      <trkpt lat="25.149581031873822" lon="121.604075962677598">
        <ele>365.699999999999989</ele>
        <time>2026-09-20T02:42:22Z</time>
      </trkpt>
      <trkpt lat="25.149572985246778" lon="121.604089960455894">
        <ele>366.399999999999977</ele>
        <time>2026-09-20T02:42:26Z</time>
      </trkpt>
      <trkpt lat="25.149559993296862" lon="121.604083003476262">
        <ele>364.100000000000023</ele>
        <time>2026-09-20T02:42:32Z</time>
      </trkpt>
      <trkpt lat="25.149558987468481" lon="121.604073029011488">
        <ele>366.199999999999989</ele>
        <time>2026-09-20T02:42:37Z</time>
      </trkpt>
      <trkpt lat="25.149564016610384" lon="121.604061964899302">
        <ele>367.600000000000023</ele>
        <time>2026-09-20T02:42:41Z</time>
      </trkpt>
      <trkpt lat="25.149563010782003" lon="121.604051990434527">
        <ele>368.600000000000023</ele>
        <time>2026-09-20T02:42:46Z</time>
      </trkpt>
      <trkpt lat="25.149563010782003" lon="121.604041010141373">
        <ele>367.699999999999989</ele>
        <time>2026-09-20T02:42:52Z</time>
      </trkpt>
      <trkpt lat="25.149559993296862" lon="121.604029024019837">
        <ele>368.899999999999977</ele>
        <time>2026-09-20T02:42:57Z</time>
      </trkpt>
      <trkpt lat="25.1495770085603" lon="121.604006979614496">
        <ele>367.5</ele>
        <time>2026-09-20T02:43:01Z</time>
      </trkpt>
      <trkpt lat="25.149580026045442" lon="121.603983007371426">
        <ele>367.699999999999989</ele>
        <time>2026-09-20T02:43:05Z</time>
      </trkpt>
      <trkpt lat="25.149591006338596" lon="121.603960040956736">
        <ele>369</ele>
        <time>2026-09-20T02:43:09Z</time>
      </trkpt>
      <trkpt lat="25.149579020217061" lon="121.603941014036536">
        <ele>368</ele>
        <time>2026-09-20T02:43:13Z</time>
      </trkpt>
      <trkpt lat="25.149583965539932" lon="121.603925004601479">
        <ele>366.5</ele>
        <time>2026-09-20T02:43:20Z</time>
      </trkpt>
      <trkpt lat="25.149591006338596" lon="121.603942019864917">
        <ele>367.800000000000011</ele>
        <time>2026-09-20T02:43:24Z</time>
      </trkpt>
      <trkpt lat="25.14959704130888" lon="121.60395098850131">
        <ele>366.5</ele>
        <time>2026-09-20T02:43:30Z</time>
      </trkpt>
      <trkpt lat="25.149587988853455" lon="121.603944031521678">
        <ele>364.199999999999989</ele>
        <time>2026-09-20T02:43:34Z</time>
      </trkpt>
      <trkpt lat="25.149587988853455" lon="121.603954005986452">
        <ele>366.399999999999977</ele>
        <time>2026-09-20T02:43:40Z</time>
      </trkpt>
      <trkpt lat="25.149592012166977" lon="121.603943025693297">
        <ele>366.399999999999977</ele>
        <time>2026-09-20T02:43:47Z</time>
      </trkpt>
      <trkpt lat="25.149573991075158" lon="121.603946965187788">
        <ele>370.199999999999989</ele>
        <time>2026-09-20T02:43:52Z</time>
      </trkpt>
      <trkpt lat="25.149574996903539" lon="121.603934979066253">
        <ele>378.600000000000023</ele>
        <time>2026-09-20T02:43:56Z</time>
      </trkpt>
      <trkpt lat="25.149573991075158" lon="121.603921987116337">
        <ele>386.600000000000023</ele>
        <time>2026-09-20T02:44:01Z</time>
      </trkpt>
      <trkpt lat="25.149576002731919" lon="121.603892985731363">
        <ele>382.300000000000011</ele>
        <time>2026-09-20T02:44:08Z</time>
      </trkpt>
      <trkpt lat="25.149689996615052" lon="121.603917963802814">
        <ele>389.199999999999989</ele>
        <time>2026-09-20T02:44:14Z</time>
      </trkpt>
      <trkpt lat="25.149655966088176" lon="121.603910000994802">
        <ele>379.800000000000011</ele>
        <time>2026-09-20T02:44:18Z</time>
      </trkpt>
      <trkpt lat="25.149612966924906" lon="121.603818973526359">
        <ele>368.199999999999989</ele>
        <time>2026-09-20T02:44:22Z</time>
      </trkpt>
      <trkpt lat="25.149662001058459" lon="121.603887034580112">
        <ele>363</ele>
        <time>2026-09-20T02:44:26Z</time>
      </trkpt>
      <trkpt lat="25.149626964703202" lon="121.603836994618177">
        <ele>370</ele>
        <time>2026-09-20T02:44:30Z</time>
      </trkpt>
      <trkpt lat="25.14962101355195" lon="121.603824002668262">
        <ele>370</ele>
        <time>2026-09-20T02:44:33Z</time>
      </trkpt>
      <trkpt lat="25.149639034643769" lon="121.603858033195138">
        <ele>370.699999999999989</ele>
        <time>2026-09-20T02:44:37Z</time>
      </trkpt>
      <trkpt lat="25.149631993845105" lon="121.603839006274939">
        <ele>375.300000000000011</ele>
        <time>2026-09-20T02:44:41Z</time>
      </trkpt>
      <trkpt lat="25.149634005501866" lon="121.603819979354739">
        <ele>383.100000000000023</ele>
        <time>2026-09-20T02:44:44Z</time>
      </trkpt>
      <trkpt lat="25.149657977744937" lon="121.603826014325023">
        <ele>381.199999999999989</ele>
        <time>2026-09-20T02:44:49Z</time>
      </trkpt>
      <trkpt lat="25.149673987179995" lon="121.603831965476274">
        <ele>382.800000000000011</ele>
        <time>2026-09-20T02:44:53Z</time>
      </trkpt>
      <trkpt lat="25.149698965251446" lon="121.603838000446558">
        <ele>381.699999999999989</ele>
        <time>2026-09-20T02:44:57Z</time>
      </trkpt>
      <trkpt lat="25.149709023535252" lon="121.603843029588461">
        <ele>383.100000000000023</ele>
        <time>2026-09-20T02:45:01Z</time>
      </trkpt>
      <trkpt lat="25.149730984121561" lon="121.603857027366757">
        <ele>385.399999999999977</ele>
        <time>2026-09-20T02:45:05Z</time>
      </trkpt>
      <trkpt lat="25.149752022698522" lon="121.603862978518009">
        <ele>381.600000000000023</ele>
        <time>2026-09-20T02:45:09Z</time>
      </trkpt>
      <trkpt lat="25.149761997163296" lon="121.603871025145054">
        <ele>382.800000000000011</ele>
        <time>2026-09-20T02:45:13Z</time>
      </trkpt>
      <trkpt lat="25.149752022698522" lon="121.603835988789797">
        <ele>379.199999999999989</ele>
        <time>2026-09-20T02:45:16Z</time>
      </trkpt>
      <trkpt lat="25.149767026305199" lon="121.603829031810164">
        <ele>374.100000000000023</ele>
        <time>2026-09-20T02:45:20Z</time>
      </trkpt>
      <trkpt lat="25.149755962193012" lon="121.603818973526359">
        <ele>371.100000000000023</ele>
        <time>2026-09-20T02:45:24Z</time>
      </trkpt>
      <trkpt lat="25.149774989113212" lon="121.603830037638545">
        <ele>374.5</ele>
        <time>2026-09-20T02:45:28Z</time>
      </trkpt>
      <trkpt lat="25.149787981063128" lon="121.603833977133036">
        <ele>374.300000000000011</ele>
        <time>2026-09-20T02:45:32Z</time>
      </trkpt>
      <trkpt lat="25.149798961356282" lon="121.603826014325023">
        <ele>378</ele>
        <time>2026-09-20T02:45:36Z</time>
      </trkpt>
      <trkpt lat="25.149810025468469" lon="121.603817967697978">
        <ele>379.699999999999989</ele>
        <time>2026-09-20T02:45:40Z</time>
      </trkpt>
      <trkpt lat="25.149826034903526" lon="121.603827020153403">
        <ele>379</ele>
        <time>2026-09-20T02:45:47Z</time>
      </trkpt>
      <trkpt lat="25.149823017418385" lon="121.603808999061584">
        <ele>382.100000000000023</ele>
        <time>2026-09-20T02:45:51Z</time>
      </trkpt>
      <trkpt lat="25.149823017418385" lon="121.603797012940049">
        <ele>385.300000000000011</ele>
        <time>2026-09-20T02:45:55Z</time>
      </trkpt>
      <trkpt lat="25.149817988276482" lon="121.603785026818514">
        <ele>382.100000000000023</ele>
        <time>2026-09-20T02:45:59Z</time>
      </trkpt>
      <trkpt lat="25.149806002154946" lon="121.603787960484624">
        <ele>381.899999999999977</ele>
        <time>2026-09-20T02:46:03Z</time>
      </trkpt>
      <trkpt lat="25.149811031296849" lon="121.60375895909965">
        <ele>388.5</ele>
        <time>2026-09-20T02:46:07Z</time>
      </trkpt>
      <trkpt lat="25.149827962741256" lon="121.603754013776779">
        <ele>385</ele>
        <time>2026-09-20T02:46:11Z</time>
      </trkpt>
      <trkpt lat="25.149826034903526" lon="121.603739010170102">
        <ele>382.199999999999989</ele>
        <time>2026-09-20T02:46:16Z</time>
      </trkpt>
      <trkpt lat="25.149840032681823" lon="121.603741021826863">
        <ele>380.300000000000011</ele>
        <time>2026-09-20T02:46:20Z</time>
      </trkpt>
      <trkpt lat="25.1498550362885" lon="121.603727024048567">
        <ele>377.899999999999977</ele>
        <time>2026-09-20T02:46:26Z</time>
      </trkpt>
      <trkpt lat="25.149849001318216" lon="121.603684024885297">
        <ele>374.600000000000023</ele>
        <time>2026-09-20T02:46:30Z</time>
      </trkpt>
      <trkpt lat="25.14985897578299" lon="121.603687964379787">
        <ele>380.399999999999977</ele>
        <time>2026-09-20T02:46:34Z</time>
      </trkpt>
      <trkpt lat="25.14985897578299" lon="121.603658962994814">
        <ele>379.600000000000023</ele>
        <time>2026-09-20T02:46:38Z</time>
      </trkpt>
      <trkpt lat="25.149852018803358" lon="121.60364898853004">
        <ele>382.199999999999989</ele>
        <time>2026-09-20T02:46:42Z</time>
      </trkpt>
      <trkpt lat="25.1498550362885" lon="121.603633984923363">
        <ele>383.199999999999989</ele>
        <time>2026-09-20T02:46:46Z</time>
      </trkpt>
      <trkpt lat="25.149867022410035" lon="121.603610012680292">
        <ele>382</ele>
        <time>2026-09-20T02:46:50Z</time>
      </trkpt>
      <trkpt lat="25.149884037673473" lon="121.603611018508673">
        <ele>381</ele>
        <time>2026-09-20T02:46:54Z</time>
      </trkpt>
      <trkpt lat="25.149890994653106" lon="121.603575982153416">
        <ele>378.899999999999977</ele>
        <time>2026-09-20T02:46:57Z</time>
      </trkpt>
      <trkpt lat="25.149908009916544" lon="121.6035629902035">
        <ele>379.699999999999989</ele>
        <time>2026-09-20T02:47:01Z</time>
      </trkpt>
      <trkpt lat="25.149927036836743" lon="121.603558966889977">
        <ele>376.800000000000011</ele>
        <time>2026-09-20T02:47:05Z</time>
      </trkpt>
      <trkpt lat="25.149942962452769" lon="121.60354102961719">
        <ele>381.399999999999977</ele>
        <time>2026-09-20T02:47:09Z</time>
      </trkpt>
      <trkpt lat="25.149962995201349" lon="121.603538012132049">
        <ele>383.5</ele>
        <time>2026-09-20T02:47:13Z</time>
      </trkpt>
      <trkpt lat="25.149959977716208" lon="121.603514039888978">
        <ele>378.800000000000011</ele>
        <time>2026-09-20T02:47:17Z</time>
      </trkpt>
      <trkpt lat="25.149957966059446" lon="121.603496018797159">
        <ele>379.600000000000023</ele>
        <time>2026-09-20T02:47:21Z</time>
      </trkpt>
      <trkpt lat="25.149958971887827" lon="121.603483026847243">
        <ele>380.899999999999977</ele>
        <time>2026-09-20T02:47:25Z</time>
      </trkpt>
      <trkpt lat="25.149968024343252" lon="121.603462994098663">
        <ele>380.199999999999989</ele>
        <time>2026-09-20T02:47:28Z</time>
      </trkpt>
      <trkpt lat="25.149996019899845" lon="121.603470034897327">
        <ele>383.300000000000011</ele>
        <time>2026-09-20T02:47:32Z</time>
      </trkpt>
      <trkpt lat="25.150013035163283" lon="121.603436004370451">
        <ele>378.100000000000023</ele>
        <time>2026-09-20T02:47:36Z</time>
      </trkpt>
      <trkpt lat="25.149991996586323" lon="121.60341496579349">
        <ele>379.399999999999977</ele>
        <time>2026-09-20T02:47:40Z</time>
      </trkpt>
      <trkpt lat="25.150001971051097" lon="121.603407002985477">
        <ele>381.800000000000011</ele>
        <time>2026-09-20T02:47:44Z</time>
      </trkpt>
      <trkpt lat="25.150014963001013" lon="121.603381019085646">
        <ele>383.399999999999977</ele>
        <time>2026-09-20T02:47:48Z</time>
      </trkpt>
      <trkpt lat="25.150037007406354" lon="121.60336802713573">
        <ele>388.600000000000023</ele>
        <time>2026-09-20T02:47:52Z</time>
      </trkpt>
      <trkpt lat="25.150044970214367" lon="121.603354029357433">
        <ele>389.600000000000023</ele>
        <time>2026-09-20T02:47:56Z</time>
      </trkpt>
      <trkpt lat="25.150061985477805" lon="121.603341037407517">
        <ele>391.5</ele>
        <time>2026-09-20T02:48:00Z</time>
      </trkpt>
      <trkpt lat="25.150101967155933" lon="121.603345982730389">
        <ele>393</ele>
        <time>2026-09-20T02:48:04Z</time>
      </trkpt>
      <trkpt lat="25.150118982419372" lon="121.603353023529053">
        <ele>391.699999999999989</ele>
        <time>2026-09-20T02:48:08Z</time>
      </trkpt>
      <trkpt lat="25.150138009339571" lon="121.603351011872292">
        <ele>396.899999999999977</ele>
        <time>2026-09-20T02:48:12Z</time>
      </trkpt>
      <trkpt lat="25.150162987411022" lon="121.603346988558769">
        <ele>397.800000000000011</ele>
        <time>2026-09-20T02:48:16Z</time>
      </trkpt>
      <trkpt lat="25.150168016552925" lon="121.60332896746695">
        <ele>397.300000000000011</ele>
        <time>2026-09-20T02:48:20Z</time>
      </trkpt>
      <trkpt lat="25.150191988795996" lon="121.603330979123712">
        <ele>396.199999999999989</ele>
        <time>2026-09-20T02:48:24Z</time>
      </trkpt>
      <trkpt lat="25.15020003542304" lon="121.60332502797246">
        <ele>393.699999999999989</ele>
        <time>2026-09-20T02:48:28Z</time>
      </trkpt>
      <trkpt lat="25.150211015716195" lon="121.603330979123712">
        <ele>395.100000000000023</ele>
        <time>2026-09-20T02:48:32Z</time>
      </trkpt>
      <trkpt lat="25.150228030979633" lon="121.603329973295331">
        <ele>396.100000000000023</ele>
        <time>2026-09-20T02:48:36Z</time>
      </trkpt>
      <trkpt lat="25.150250997394323" lon="121.603335002437234">
        <ele>396.100000000000023</ele>
        <time>2026-09-20T02:48:40Z</time>
      </trkpt>
      <trkpt lat="25.150257032364607" lon="121.603324022144079">
        <ele>388.300000000000011</ele>
        <time>2026-09-20T02:48:46Z</time>
      </trkpt>
      <trkpt lat="25.150244040414691" lon="121.603303989395499">
        <ele>380.100000000000023</ele>
        <time>2026-09-20T02:48:50Z</time>
      </trkpt>
      <trkpt lat="25.15024596825242" lon="121.603287979960442">
        <ele>385.399999999999977</ele>
        <time>2026-09-20T02:48:54Z</time>
      </trkpt>
      <trkpt lat="25.150249991565943" lon="121.603278005495667">
        <ele>388.199999999999989</ele>
        <time>2026-09-20T02:49:04Z</time>
      </trkpt>
      <trkpt lat="25.150252003222704" lon="121.603292003273964">
        <ele>389.199999999999989</ele>
        <time>2026-09-20T02:49:08Z</time>
      </trkpt>
      <trkpt lat="25.15024496242404" lon="121.603298960253596">
        <ele>386</ele>
        <time>2026-09-20T02:49:23Z</time>
      </trkpt>
      <trkpt lat="25.150240017101169" lon="121.603275993838906">
        <ele>384.199999999999989</ele>
        <time>2026-09-20T02:49:32Z</time>
      </trkpt>
      <trkpt lat="25.150230964645743" lon="121.603284040465951">
        <ele>386.399999999999977</ele>
        <time>2026-09-20T02:49:41Z</time>
      </trkpt>
      <trkpt lat="25.15022300183773" lon="121.603278005495667">
        <ele>385.100000000000023</ele>
        <time>2026-09-20T02:49:50Z</time>
      </trkpt>
      <trkpt lat="25.150224007666111" lon="121.603296026587486">
        <ele>384.800000000000011</ele>
        <time>2026-09-20T02:50:03Z</time>
      </trkpt>
      <trkpt lat="25.150225013494492" lon="121.603312036022544">
        <ele>384.300000000000011</ele>
        <time>2026-09-20T02:50:27Z</time>
      </trkpt>
      <trkpt lat="25.150230964645743" lon="121.603324022144079">
        <ele>381.699999999999989</ele>
        <time>2026-09-20T02:50:45Z</time>
      </trkpt>
      <trkpt lat="25.150236999616027" lon="121.603315975517035">
        <ele>380.199999999999989</ele>
        <time>2026-09-20T02:51:03Z</time>
      </trkpt>
      <trkpt lat="25.15024303458631" lon="121.603324022144079">
        <ele>379.699999999999989</ele>
        <time>2026-09-20T02:51:30Z</time>
      </trkpt>
      <trkpt lat="25.150253009051085" lon="121.603319998830557">
        <ele>381.399999999999977</ele>
        <time>2026-09-20T02:51:42Z</time>
      </trkpt>
      <trkpt lat="25.15024496242404" lon="121.603327039629221">
        <ele>387.899999999999977</ele>
        <time>2026-09-20T02:52:33Z</time>
      </trkpt>
      <trkpt lat="25.150253009051085" lon="121.603319998830557">
        <ele>388.899999999999977</ele>
        <time>2026-09-20T02:52:46Z</time>
      </trkpt>
      <trkpt lat="25.150256026536226" lon="121.603329973295331">
        <ele>389.300000000000011</ele>
        <time>2026-09-20T02:52:50Z</time>
      </trkpt>
      <trkpt lat="25.150259966030717" lon="121.603315975517035">
        <ele>391.199999999999989</ele>
        <time>2026-09-20T02:52:54Z</time>
      </trkpt>
      <trkpt lat="25.150269018486142" lon="121.603331984952092">
        <ele>394.800000000000011</ele>
        <time>2026-09-20T02:53:13Z</time>
      </trkpt>
      <trkpt lat="25.150276981294155" lon="121.603339025750756">
        <ele>394.699999999999989</ele>
        <time>2026-09-20T02:53:17Z</time>
      </trkpt>
      <trkpt lat="25.150292990729213" lon="121.603341959416866">
        <ele>392.300000000000011</ele>
        <time>2026-09-20T02:53:21Z</time>
      </trkpt>
      <trkpt lat="25.150293996557593" lon="121.60332603380084">
        <ele>392.300000000000011</ele>
        <time>2026-09-20T02:53:24Z</time>
      </trkpt>
      <trkpt lat="25.150305982679129" lon="121.603322010487318">
        <ele>391</ele>
        <time>2026-09-20T02:53:27Z</time>
      </trkpt>
      <trkpt lat="25.150336995720863" lon="121.603335002437234">
        <ele>390.399999999999977</ele>
        <time>2026-09-20T02:53:31Z</time>
      </trkpt>
      <trkpt lat="25.150353005155921" lon="121.603344976902008">
        <ele>389</ele>
        <time>2026-09-20T02:53:35Z</time>
      </trkpt>
      <trkpt lat="25.150369014590979" lon="121.603344976902008">
        <ele>386.399999999999977</ele>
        <time>2026-09-20T02:53:39Z</time>
      </trkpt>
      <trkpt lat="25.150384018197656" lon="121.603339025750756">
        <ele>387.600000000000023</ele>
        <time>2026-09-20T02:53:43Z</time>
      </trkpt>
      <trkpt lat="25.150392986834049" lon="121.603344976902008">
        <ele>385</ele>
        <time>2026-09-20T02:53:47Z</time>
      </trkpt>
      <trkpt lat="25.150403967127204" lon="121.603343971073627">
        <ele>383.300000000000011</ele>
        <time>2026-09-20T02:53:53Z</time>
      </trkpt>
      <trkpt lat="25.150419976562262" lon="121.603352017700672">
        <ele>383.5</ele>
        <time>2026-09-20T02:53:57Z</time>
      </trkpt>
      <trkpt lat="25.1504369918257" lon="121.603342965245247">
        <ele>384.199999999999989</ele>
        <time>2026-09-20T02:54:01Z</time>
      </trkpt>
      <trkpt lat="25.150468004867435" lon="121.603366015478969">
        <ele>385.300000000000011</ele>
        <time>2026-09-20T02:54:05Z</time>
      </trkpt>
      <trkpt lat="25.150496000424027" lon="121.603356963023543">
        <ele>383.199999999999989</ele>
        <time>2026-09-20T02:54:09Z</time>
      </trkpt>
      <trkpt lat="25.150517961010337" lon="121.603337014093995">
        <ele>382.899999999999977</ele>
        <time>2026-09-20T02:54:13Z</time>
      </trkpt>
      <trkpt lat="25.150531958788633" lon="121.603335002437234">
        <ele>382.800000000000011</ele>
        <time>2026-09-20T02:54:17Z</time>
      </trkpt>
      <trkpt lat="25.150549979880452" lon="121.603333996608853">
        <ele>386.5</ele>
        <time>2026-09-20T02:54:21Z</time>
      </trkpt>
      <trkpt lat="25.15056699514389" lon="121.60330499522388">
        <ele>384.5</ele>
        <time>2026-09-20T02:54:25Z</time>
      </trkpt>
      <trkpt lat="25.15056699514389" lon="121.603318993002176">
        <ele>383.600000000000023</ele>
        <time>2026-09-20T02:54:29Z</time>
      </trkpt>
      <trkpt lat="25.150580992922187" lon="121.603321004658937">
        <ele>381.600000000000023</ele>
        <time>2026-09-20T02:54:33Z</time>
      </trkpt>
      <trkpt lat="25.150589039549232" lon="121.603296026587486">
        <ele>384</ele>
        <time>2026-09-20T02:54:37Z</time>
      </trkpt>
      <trkpt lat="25.15058602206409" lon="121.603272976353765">
        <ele>385.300000000000011</ele>
        <time>2026-09-20T02:54:41Z</time>
      </trkpt>
      <trkpt lat="25.150595996528864" lon="121.603272976353765">
        <ele>391.199999999999989</ele>
        <time>2026-09-20T02:54:46Z</time>
      </trkpt>
      <trkpt lat="25.150615023449063" lon="121.603278005495667">
        <ele>391.100000000000023</ele>
        <time>2026-09-20T02:54:50Z</time>
      </trkpt>
      <trkpt lat="25.15063002705574" lon="121.603274988010526">
        <ele>389.100000000000023</ele>
        <time>2026-09-20T02:54:59Z</time>
      </trkpt>
      <trkpt lat="25.150638995692134" lon="121.603269958868623">
        <ele>387.199999999999989</ele>
        <time>2026-09-20T02:55:05Z</time>
      </trkpt>
      <trkpt lat="25.150653999298811" lon="121.603246992453933">
        <ele>388.800000000000011</ele>
        <time>2026-09-20T02:55:09Z</time>
      </trkpt>
      <trkpt lat="25.150663973763585" lon="121.603238023817539">
        <ele>390.300000000000011</ele>
        <time>2026-09-20T02:55:13Z</time>
      </trkpt>
      <trkpt lat="25.150666991248727" lon="121.603246992453933">
        <ele>392.199999999999989</ele>
        <time>2026-09-20T02:55:17Z</time>
      </trkpt>
      <trkpt lat="25.150686018168926" lon="121.603243974968791">
        <ele>388.600000000000023</ele>
        <time>2026-09-20T02:55:20Z</time>
      </trkpt>
      <trkpt lat="25.15069498680532" lon="121.60323902964592">
        <ele>384.5</ele>
        <time>2026-09-20T02:55:23Z</time>
      </trkpt>
      <trkpt lat="25.150702027603984" lon="121.603211034089327">
        <ele>383</ele>
        <time>2026-09-20T02:55:26Z</time>
      </trkpt>
      <trkpt lat="25.150712002068758" lon="121.603200975805521">
        <ele>384.5</ele>
        <time>2026-09-20T02:55:29Z</time>
      </trkpt>
      <trkpt lat="25.150727005675435" lon="121.603179015219212">
        <ele>385.300000000000011</ele>
        <time>2026-09-20T02:55:32Z</time>
      </trkpt>
      <trkpt lat="25.150724994018674" lon="121.603167029097676">
        <ele>392.5</ele>
        <time>2026-09-20T02:55:38Z</time>
      </trkpt>
      <trkpt lat="25.150733962655067" lon="121.603169040754437">
        <ele>389.5</ele>
        <time>2026-09-20T02:55:42Z</time>
      </trkpt>
      <trkpt lat="25.150733962655067" lon="121.603181026875973">
        <ele>391.800000000000011</ele>
        <time>2026-09-20T02:55:46Z</time>
      </trkpt>
      <trkpt lat="25.150706972926855" lon="121.603119000792503">
        <ele>398.399999999999977</ele>
        <time>2026-09-20T02:55:50Z</time>
      </trkpt>
      <trkpt lat="25.150733040645719" lon="121.603168034926057">
        <ele>398.300000000000011</ele>
        <time>2026-09-20T02:55:54Z</time>
      </trkpt>
      <trkpt lat="25.15073798596859" lon="121.60315697081387">
        <ele>395.300000000000011</ele>
        <time>2026-09-20T02:55:58Z</time>
      </trkpt>
      <trkpt lat="25.150744020938873" lon="121.603168034926057">
        <ele>392.699999999999989</ele>
        <time>2026-09-20T02:56:02Z</time>
      </trkpt>
      <trkpt lat="25.150757012888789" lon="121.603144984692335">
        <ele>389.399999999999977</ele>
        <time>2026-09-20T02:56:06Z</time>
      </trkpt>
      <trkpt lat="25.150776039808989" lon="121.60311103798449">
        <ele>387.800000000000011</ele>
        <time>2026-09-20T02:56:10Z</time>
      </trkpt>
      <trkpt lat="25.150779979303479" lon="121.603082036599517">
        <ele>388.199999999999989</ele>
        <time>2026-09-20T02:56:14Z</time>
      </trkpt>
      <trkpt lat="25.150803029537201" lon="121.603109026327729">
        <ele>390.699999999999989</ele>
        <time>2026-09-20T02:56:18Z</time>
      </trkpt>
      <trkpt lat="25.150814009830356" lon="121.603088993579149">
        <ele>391.300000000000011</ele>
        <time>2026-09-20T02:56:22Z</time>
      </trkpt>
      <trkpt lat="25.150819960981607" lon="121.603099973872304">
        <ele>393.800000000000011</ele>
        <time>2026-09-20T02:56:26Z</time>
      </trkpt>
      <trkpt lat="25.150828007608652" lon="121.603088993579149">
        <ele>393.199999999999989</ele>
        <time>2026-09-20T02:56:30Z</time>
      </trkpt>
      <trkpt lat="25.150836976245046" lon="121.603088993579149">
        <ele>390.199999999999989</ele>
        <time>2026-09-20T02:56:37Z</time>
      </trkpt>
      <trkpt lat="25.150849968194962" lon="121.603071978315711">
        <ele>388.100000000000023</ele>
        <time>2026-09-20T02:56:41Z</time>
      </trkpt>
      <trkpt lat="25.150870000943542" lon="121.603088993579149">
        <ele>391.600000000000023</ele>
        <time>2026-09-20T02:56:45Z</time>
      </trkpt>
      <trkpt lat="25.150883998721838" lon="121.603086981922388">
        <ele>393.399999999999977</ele>
        <time>2026-09-20T02:56:49Z</time>
      </trkpt>
      <trkpt lat="25.150891039520502" lon="121.603059992194176">
        <ele>390</ele>
        <time>2026-09-20T02:56:53Z</time>
      </trkpt>
      <trkpt lat="25.150907970964909" lon="121.603054041042924">
        <ele>389.899999999999977</ele>
        <time>2026-09-20T02:56:57Z</time>
      </trkpt>
      <trkpt lat="25.150922974571586" lon="121.603037025779486">
        <ele>393.800000000000011</ele>
        <time>2026-09-20T02:57:01Z</time>
      </trkpt>
      <trkpt lat="25.150948958471417" lon="121.60304800607264">
        <ele>392.699999999999989</ele>
        <time>2026-09-20T02:57:05Z</time>
      </trkpt>
      <trkpt lat="25.150965973734856" lon="121.603052029386163">
        <ele>396.899999999999977</ele>
        <time>2026-09-20T02:57:09Z</time>
      </trkpt>
      <trkpt lat="25.150980977341533" lon="121.603057980537415">
        <ele>396.300000000000011</ele>
        <time>2026-09-20T02:57:13Z</time>
      </trkpt>
      <trkpt lat="25.150992963463068" lon="121.60306703299284">
        <ele>397.5</ele>
        <time>2026-09-20T02:57:21Z</time>
      </trkpt>
      <trkpt lat="25.151003021746874" lon="121.60306803882122">
        <ele>395.800000000000011</ele>
        <time>2026-09-20T02:57:26Z</time>
      </trkpt>
      <trkpt lat="25.151006961241364" lon="121.603054963052273">
        <ele>396.600000000000023</ele>
        <time>2026-09-20T02:57:29Z</time>
      </trkpt>
      <trkpt lat="25.151019031181931" lon="121.603054041042924">
        <ele>396.100000000000023</ele>
        <time>2026-09-20T02:57:32Z</time>
      </trkpt>
      <trkpt lat="25.151026993989944" lon="121.603059992194176">
        <ele>398.199999999999989</ele>
        <time>2026-09-20T02:57:38Z</time>
      </trkpt>
      <trkpt lat="25.151041997596622" lon="121.603057980537415">
        <ele>396.600000000000023</ele>
        <time>2026-09-20T02:57:42Z</time>
      </trkpt>
      <trkpt lat="25.151066975668073" lon="121.60306996665895">
        <ele>397.100000000000023</ele>
        <time>2026-09-20T02:57:46Z</time>
      </trkpt>
      <trkpt lat="25.151091031730175" lon="121.603082036599517">
        <ele>397.5</ele>
        <time>2026-09-20T02:57:50Z</time>
      </trkpt>
      <trkpt lat="25.151095977053046" lon="121.60307097248733">
        <ele>395</ele>
        <time>2026-09-20T02:57:54Z</time>
      </trkpt>
      <trkpt lat="25.151093965396285" lon="121.60309100523591">
        <ele>395.399999999999977</ele>
        <time>2026-09-20T02:57:57Z</time>
      </trkpt>
      <trkpt lat="25.151092959567904" lon="121.603100979700685">
        <ele>394.899999999999977</ele>
        <time>2026-09-20T02:58:01Z</time>
      </trkpt>
      <trkpt lat="25.151092037558556" lon="121.603081030771136">
        <ele>393.399999999999977</ele>
        <time>2026-09-20T02:58:05Z</time>
      </trkpt>
      <trkpt lat="25.15108197927475" lon="121.603097962215543">
        <ele>394</ele>
        <time>2026-09-20T02:58:09Z</time>
      </trkpt>
      <trkpt lat="25.151088014245033" lon="121.603085976094007">
        <ele>394.699999999999989</ele>
        <time>2026-09-20T02:58:15Z</time>
      </trkpt>
      <trkpt lat="25.151096982881427" lon="121.603083964437246">
        <ele>394</ele>
        <time>2026-09-20T02:58:20Z</time>
      </trkpt>
      <trkpt lat="25.151104023680091" lon="121.603072984144092">
        <ele>395.100000000000023</ele>
        <time>2026-09-20T02:58:39Z</time>
      </trkpt>
      <trkpt lat="25.151101006194949" lon="121.603063009679317">
        <ele>394.800000000000011</ele>
        <time>2026-09-20T02:58:57Z</time>
      </trkpt>
      <trkpt lat="25.151104023680091" lon="121.603076001629233">
        <ele>394.800000000000011</ele>
        <time>2026-09-20T02:59:01Z</time>
      </trkpt>
      <trkpt lat="25.151107963174582" lon="121.603058986365795">
        <ele>390.399999999999977</ele>
        <time>2026-09-20T02:59:05Z</time>
      </trkpt>
      <trkpt lat="25.151123972609639" lon="121.60306703299284">
        <ele>388.899999999999977</ele>
        <time>2026-09-20T02:59:09Z</time>
      </trkpt>
      <trkpt lat="25.151138976216316" lon="121.603085976094007">
        <ele>390.899999999999977</ele>
        <time>2026-09-20T02:59:13Z</time>
      </trkpt>
      <trkpt lat="25.151156997308135" lon="121.603094022721052">
        <ele>393.399999999999977</ele>
        <time>2026-09-20T02:59:17Z</time>
      </trkpt>
      <trkpt lat="25.151170995086432" lon="121.603088993579149">
        <ele>390</ele>
        <time>2026-09-20T02:59:21Z</time>
      </trkpt>
      <trkpt lat="25.151179963722825" lon="121.603078013285995">
        <ele>395.100000000000023</ele>
        <time>2026-09-20T02:59:26Z</time>
      </trkpt>
      <trkpt lat="25.151185998693109" lon="121.603085976094007">
        <ele>396.600000000000023</ele>
        <time>2026-09-20T02:59:30Z</time>
      </trkpt>
      <trkpt lat="25.151197984814644" lon="121.603101985529065">
        <ele>397.800000000000011</ele>
        <time>2026-09-20T02:59:33Z</time>
      </trkpt>
      <trkpt lat="25.151216005906463" lon="121.603114977478981">
        <ele>397.899999999999977</ele>
        <time>2026-09-20T02:59:37Z</time>
      </trkpt>
      <trkpt lat="25.151233021169901" lon="121.603116989135742">
        <ele>396.199999999999989</ele>
        <time>2026-09-20T02:59:40Z</time>
      </trkpt>
      <trkpt lat="25.151257999241352" lon="121.603106008842587">
        <ele>397</ele>
        <time>2026-09-20T02:59:44Z</time>
      </trkpt>
      <trkpt lat="25.151288006454706" lon="121.603092011064291">
        <ele>398.300000000000011</ele>
        <time>2026-09-20T02:59:48Z</time>
      </trkpt>
      <trkpt lat="25.151299992576241" lon="121.60308999940753">
        <ele>399.699999999999989</ele>
        <time>2026-09-20T02:59:53Z</time>
      </trkpt>
      <trkpt lat="25.151310972869396" lon="121.603097962215543">
        <ele>400.100000000000023</ele>
        <time>2026-09-20T02:59:57Z</time>
      </trkpt>
      <trkpt lat="25.151326982304454" lon="121.603108020499349">
        <ele>404.899999999999977</ele>
        <time>2026-09-20T03:00:01Z</time>
      </trkpt>
      <trkpt lat="25.151338968425989" lon="121.603127969428897">
        <ele>401.600000000000023</ele>
        <time>2026-09-20T03:00:05Z</time>
      </trkpt>
      <trkpt lat="25.151354977861047" lon="121.603129981085658">
        <ele>402.699999999999989</ele>
        <time>2026-09-20T03:00:09Z</time>
      </trkpt>
      <trkpt lat="25.151378028094769" lon="121.603087987750769">
        <ele>403.5</ele>
        <time>2026-09-20T03:00:13Z</time>
      </trkpt>
      <trkpt lat="25.151386996731162" lon="121.60306703299284">
        <ele>400.5</ele>
        <time>2026-09-20T03:00:17Z</time>
      </trkpt>
      <trkpt lat="25.151402000337839" lon="121.603035014122725">
        <ele>401.300000000000011</ele>
        <time>2026-09-20T03:00:21Z</time>
      </trkpt>
      <trkpt lat="25.151424966752529" lon="121.603056974709034">
        <ele>399.100000000000023</ele>
        <time>2026-09-20T03:00:25Z</time>
      </trkpt>
      <trkpt lat="25.151452040299773" lon="121.603066027164459">
        <ele>400.699999999999989</ele>
        <time>2026-09-20T03:00:29Z</time>
      </trkpt>
      <trkpt lat="25.151461008936167" lon="121.603031996637583">
        <ele>400.300000000000011</ele>
        <time>2026-09-20T03:00:33Z</time>
      </trkpt>
      <trkpt lat="25.151484981179237" lon="121.60302503965795">
        <ele>400.699999999999989</ele>
        <time>2026-09-20T03:00:37Z</time>
      </trkpt>
      <trkpt lat="25.151513982564211" lon="121.603001989424229">
        <ele>397.5</ele>
        <time>2026-09-20T03:00:41Z</time>
      </trkpt>
      <trkpt lat="25.151525968685746" lon="121.603000983595848">
        <ele>401.600000000000023</ele>
        <time>2026-09-20T03:00:52Z</time>
      </trkpt>
      <trkpt lat="25.151534015312791" lon="121.603007018566132">
        <ele>402.199999999999989</ele>
        <time>2026-09-20T03:00:58Z</time>
      </trkpt>
      <trkpt lat="25.151542983949184" lon="121.603010036051273">
        <ele>399.600000000000023</ele>
        <time>2026-09-20T03:01:04Z</time>
      </trkpt>
      <trkpt lat="25.151548013091087" lon="121.603019004687667">
        <ele>398.100000000000023</ele>
        <time>2026-09-20T03:01:08Z</time>
      </trkpt>
      <trkpt lat="25.151553964242339" lon="121.603030990809202">
        <ele>400.899999999999977</ele>
        <time>2026-09-20T03:01:12Z</time>
      </trkpt>
      <trkpt lat="25.151556981727481" lon="121.603042976930737">
        <ele>399.399999999999977</ele>
        <time>2026-09-20T03:01:25Z</time>
      </trkpt>
      <trkpt lat="25.151557987555861" lon="121.603054041042924">
        <ele>398.800000000000011</ele>
        <time>2026-09-20T03:01:32Z</time>
      </trkpt>
      <trkpt lat="25.151558993384242" lon="121.603042976930737">
        <ele>398.800000000000011</ele>
        <time>2026-09-20T03:01:40Z</time>
      </trkpt>
      <trkpt lat="25.151577014476061" lon="121.603043982759118">
        <ele>398.399999999999977</ele>
        <time>2026-09-20T03:01:43Z</time>
      </trkpt>
      <trkpt lat="25.151534015312791" lon="121.60302797332406">
        <ele>401.699999999999989</ele>
        <time>2026-09-20T03:01:50Z</time>
      </trkpt>
      <trkpt lat="25.151571985334158" lon="121.603081030771136">
        <ele>404.699999999999989</ele>
        <time>2026-09-20T03:01:54Z</time>
      </trkpt>
      <trkpt lat="25.151577014476061" lon="121.603008024394512">
        <ele>402.300000000000011</ele>
        <time>2026-09-20T03:01:58Z</time>
      </trkpt>
      <trkpt lat="25.151567962020636" lon="121.603013975545764">
        <ele>401.300000000000011</ele>
        <time>2026-09-20T03:02:02Z</time>
      </trkpt>
      <trkpt lat="25.151544995605946" lon="121.603011041879654">
        <ele>403.300000000000011</ele>
        <time>2026-09-20T03:02:09Z</time>
      </trkpt>
      <trkpt lat="25.151552958413959" lon="121.603052029386163">
        <ele>403.800000000000011</ele>
        <time>2026-09-20T03:02:13Z</time>
      </trkpt>
      <trkpt lat="25.151563016697764" lon="121.603058986365795">
        <ele>403.800000000000011</ele>
        <time>2026-09-20T03:02:17Z</time>
      </trkpt>
      <trkpt lat="25.151562010869384" lon="121.603030990809202">
        <ele>403.399999999999977</ele>
        <time>2026-09-20T03:02:21Z</time>
      </trkpt>
      <trkpt lat="25.151563016697764" lon="121.603020010516047">
        <ele>402.899999999999977</ele>
        <time>2026-09-20T03:02:26Z</time>
      </trkpt>
      <trkpt lat="25.151593023911119" lon="121.603030990809202">
        <ele>402.899999999999977</ele>
        <time>2026-09-20T03:02:30Z</time>
      </trkpt>
      <trkpt lat="25.151592018082738" lon="121.603053035214543">
        <ele>403.899999999999977</ele>
        <time>2026-09-20T03:02:34Z</time>
      </trkpt>
      <trkpt lat="25.15159604139626" lon="121.603097962215543">
        <ele>406.800000000000011</ele>
        <time>2026-09-20T03:02:38Z</time>
      </trkpt>
      <trkpt lat="25.151690002530813" lon="121.602870980277658">
        <ele>417.699999999999989</ele>
        <time>2026-09-20T03:02:42Z</time>
      </trkpt>
      <trkpt lat="25.15170400030911" lon="121.603008024394512">
        <ele>417.300000000000011</ele>
        <time>2026-09-20T03:02:46Z</time>
      </trkpt>
      <trkpt lat="25.151663012802601" lon="121.602982962504029">
        <ele>413.800000000000011</ele>
        <time>2026-09-20T03:02:50Z</time>
      </trkpt>
      <trkpt lat="25.151713974773884" lon="121.602942980825901">
        <ele>411.800000000000011</ele>
        <time>2026-09-20T03:02:54Z</time>
      </trkpt>
      <trkpt lat="25.151783963665366" lon="121.603033002465963">
        <ele>413.800000000000011</ele>
        <time>2026-09-20T03:02:58Z</time>
      </trkpt>
      <trkpt lat="25.151669969782233" lon="121.602956978604198">
        <ele>411.800000000000011</ele>
        <time>2026-09-20T03:03:02Z</time>
      </trkpt>
      <trkpt lat="25.151754962280393" lon="121.602963013574481">
        <ele>412</ele>
        <time>2026-09-20T03:03:06Z</time>
      </trkpt>
      <trkpt lat="25.151826040819287" lon="121.602957984432578">
        <ele>413.899999999999977</ele>
        <time>2026-09-20T03:03:10Z</time>
      </trkpt>
      <trkpt lat="25.151738030835986" lon="121.602999977767467">
        <ele>411.699999999999989</ele>
        <time>2026-09-20T03:03:14Z</time>
      </trkpt>
      <trkpt lat="25.151803996413946" lon="121.602974999696016">
        <ele>417.199999999999989</ele>
        <time>2026-09-20T03:03:18Z</time>
      </trkpt>
      <trkpt lat="25.151824029162526" lon="121.603015987202525">
        <ele>418.100000000000023</ele>
        <time>2026-09-20T03:03:22Z</time>
      </trkpt>
      <trkpt lat="25.151811959221959" lon="121.603040965273976">
        <ele>417.5</ele>
        <time>2026-09-20T03:03:26Z</time>
      </trkpt>
      <trkpt lat="25.151756973937154" lon="121.603001989424229">
        <ele>414.399999999999977</ele>
        <time>2026-09-20T03:03:30Z</time>
      </trkpt>
      <trkpt lat="25.151701988652349" lon="121.603040965273976">
        <ele>411.399999999999977</ele>
        <time>2026-09-20T03:03:34Z</time>
      </trkpt>
      <trkpt lat="25.151623031124473" lon="121.603011963889003">
        <ele>407.199999999999989</ele>
        <time>2026-09-20T03:03:38Z</time>
      </trkpt>
      <trkpt lat="25.151647003367543" lon="121.603017998859286">
        <ele>403</ele>
        <time>2026-09-20T03:03:41Z</time>
      </trkpt>
      <trkpt lat="25.151664018630981" lon="121.603068960830569">
        <ele>403.399999999999977</ele>
        <time>2026-09-20T03:03:44Z</time>
      </trkpt>
      <trkpt lat="25.151676004752517" lon="121.603080024942756">
        <ele>409</ele>
        <time>2026-09-20T03:03:47Z</time>
      </trkpt>
      <trkpt lat="25.151688996702433" lon="121.603094022721052">
        <ele>409.399999999999977</ele>
        <time>2026-09-20T03:03:50Z</time>
      </trkpt>
      <trkpt lat="25.151691008359194" lon="121.603079019114375">
        <ele>410.800000000000011</ele>
        <time>2026-09-20T03:03:54Z</time>
      </trkpt>
      <trkpt lat="25.151698971167207" lon="121.60307097248733">
        <ele>412.100000000000023</ele>
        <time>2026-09-20T03:03:57Z</time>
      </trkpt>
      <trkpt lat="25.151706011965871" lon="121.603060998022556">
        <ele>406</ele>
        <time>2026-09-20T03:04:02Z</time>
      </trkpt>
      <trkpt lat="25.151702994480729" lon="121.603051023557782">
        <ele>404.300000000000011</ele>
        <time>2026-09-20T03:04:07Z</time>
      </trkpt>
      <trkpt lat="25.151700982823968" lon="121.603039037436247">
        <ele>404.699999999999989</ele>
        <time>2026-09-20T03:04:11Z</time>
      </trkpt>
      <trkpt lat="25.151700982823968" lon="121.60302403382957">
        <ele>405</ele>
        <time>2026-09-20T03:04:18Z</time>
      </trkpt>
      <trkpt lat="25.151693020015955" lon="121.603033002465963">
        <ele>404.199999999999989</ele>
        <time>2026-09-20T03:04:29Z</time>
      </trkpt>
      <trkpt lat="25.151687990874052" lon="121.603043982759118">
        <ele>405.5</ele>
        <time>2026-09-20T03:04:33Z</time>
      </trkpt>
      <trkpt lat="25.1516820397228" lon="121.603054041042924">
        <ele>406.5</ele>
        <time>2026-09-20T03:04:38Z</time>
      </trkpt>
      <trkpt lat="25.151676004752517" lon="121.603063009679317">
        <ele>408.699999999999989</ele>
        <time>2026-09-20T03:04:42Z</time>
      </trkpt>
      <trkpt lat="25.151680028066039" lon="121.603053035214543">
        <ele>406.699999999999989</ele>
        <time>2026-09-20T03:05:08Z</time>
      </trkpt>
      <trkpt lat="25.151672987267375" lon="121.60304700024426">
        <ele>407.399999999999977</ele>
        <time>2026-09-20T03:05:23Z</time>
      </trkpt>
      <trkpt lat="25.151679022237659" lon="121.603060998022556">
        <ele>408.199999999999989</ele>
        <time>2026-09-20T03:05:27Z</time>
      </trkpt>
      <trkpt lat="25.151688996702433" lon="121.603063009679317">
        <ele>408.699999999999989</ele>
        <time>2026-09-20T03:05:31Z</time>
      </trkpt>
      <trkpt lat="25.151701988652349" lon="121.603060998022556">
        <ele>408.800000000000011</ele>
        <time>2026-09-20T03:05:35Z</time>
      </trkpt>
      <trkpt lat="25.151711041107774" lon="121.603058986365795">
        <ele>402.399999999999977</ele>
        <time>2026-09-20T03:05:40Z</time>
      </trkpt>
      <trkpt lat="25.151715986430645" lon="121.603037025779486">
        <ele>405</ele>
        <time>2026-09-20T03:05:44Z</time>
      </trkpt>
      <trkpt lat="25.151721015572548" lon="121.603014981374145">
        <ele>405.199999999999989</ele>
        <time>2026-09-20T03:05:47Z</time>
      </trkpt>
      <trkpt lat="25.151711041107774" lon="121.603019004687667">
        <ele>408.5</ele>
        <time>2026-09-20T03:05:50Z</time>
      </trkpt>
      <trkpt lat="25.151725960895419" lon="121.603013975545764">
        <ele>411.300000000000011</ele>
        <time>2026-09-20T03:05:53Z</time>
      </trkpt>
      <trkpt lat="25.151728978380561" lon="121.603001989424229">
        <ele>413</ele>
        <time>2026-09-20T03:06:00Z</time>
      </trkpt>
      <trkpt lat="25.151720009744167" lon="121.602999977767467">
        <ele>414.699999999999989</ele>
        <time>2026-09-20T03:06:05Z</time>
      </trkpt>
      <trkpt lat="25.151711041107774" lon="121.603007018566132">
        <ele>411.899999999999977</ele>
        <time>2026-09-20T03:06:08Z</time>
      </trkpt>
      <trkpt lat="25.151699976995587" lon="121.60300500690937">
        <ele>415.300000000000011</ele>
        <time>2026-09-20T03:06:11Z</time>
      </trkpt>
      <trkpt lat="25.151687990874052" lon="121.603002995252609">
        <ele>414.800000000000011</ele>
        <time>2026-09-20T03:06:15Z</time>
      </trkpt>
      <trkpt lat="25.151679022237659" lon="121.603000983595848">
        <ele>413.100000000000023</ele>
        <time>2026-09-20T03:06:21Z</time>
      </trkpt>
      <trkpt lat="25.151674998924136" lon="121.603011041879654">
        <ele>411.800000000000011</ele>
        <time>2026-09-20T03:06:25Z</time>
      </trkpt>
      <trkpt lat="25.151673993095756" lon="121.602999977767467">
        <ele>412.5</ele>
        <time>2026-09-20T03:06:32Z</time>
      </trkpt>
      <trkpt lat="25.151672987267375" lon="121.602986985817552">
        <ele>415.100000000000023</ele>
        <time>2026-09-20T03:06:54Z</time>
      </trkpt>
      <trkpt lat="25.151672987267375" lon="121.602998971939087">
        <ele>415.300000000000011</ele>
        <time>2026-09-20T03:07:06Z</time>
      </trkpt>
      <trkpt lat="25.15168396756053" lon="121.602998971939087">
        <ele>414.600000000000023</ele>
        <time>2026-09-20T03:07:10Z</time>
      </trkpt>
      <trkpt lat="25.15166200697422" lon="121.602997966110706">
        <ele>414.699999999999989</ele>
        <time>2026-09-20T03:07:14Z</time>
      </trkpt>
      <trkpt lat="25.151652032509446" lon="121.603002995252609">
        <ele>415.100000000000023</ele>
        <time>2026-09-20T03:07:18Z</time>
      </trkpt>
      <trkpt lat="25.15164096839726" lon="121.602999977767467">
        <ele>415.100000000000023</ele>
        <time>2026-09-20T03:07:22Z</time>
      </trkpt>
      <trkpt lat="25.151670975610614" lon="121.602991009131074">
        <ele>414.800000000000011</ele>
        <time>2026-09-20T03:07:26Z</time>
      </trkpt>
      <trkpt lat="25.151670975610614" lon="121.602980028837919">
        <ele>414.100000000000023</ele>
        <time>2026-09-20T03:07:31Z</time>
      </trkpt>
      <trkpt lat="25.151671981438994" lon="121.602969970554113">
        <ele>413.300000000000011</ele>
        <time>2026-09-20T03:07:45Z</time>
      </trkpt>
      <trkpt lat="25.151667036116123" lon="121.602956978604198">
        <ele>414.5</ele>
        <time>2026-09-20T03:07:51Z</time>
      </trkpt>
      <trkpt lat="25.151687990874052" lon="121.602998971939087">
        <ele>415.800000000000011</ele>
        <time>2026-09-20T03:07:55Z</time>
      </trkpt>
      <trkpt lat="25.15168497338891" lon="121.602982962504029">
        <ele>414.800000000000011</ele>
        <time>2026-09-20T03:07:58Z</time>
      </trkpt>
      <trkpt lat="25.151708023622632" lon="121.602951027452946">
        <ele>412.5</ele>
        <time>2026-09-20T03:08:02Z</time>
      </trkpt>
      <trkpt lat="25.151719003915787" lon="121.602951027452946">
        <ele>410.100000000000023</ele>
        <time>2026-09-20T03:08:06Z</time>
      </trkpt>
      <trkpt lat="25.151701988652349" lon="121.602928983047605">
        <ele>415.300000000000011</ele>
        <time>2026-09-20T03:08:10Z</time>
      </trkpt>
      <trkpt lat="25.151711041107774" lon="121.602935018017888">
        <ele>413.899999999999977</ele>
        <time>2026-09-20T03:08:14Z</time>
      </trkpt>
      <trkpt lat="25.151707017794251" lon="121.602924959734082">
        <ele>412</ele>
        <time>2026-09-20T03:08:19Z</time>
      </trkpt>
      <trkpt lat="25.151696959510446" lon="121.602924959734082">
        <ele>412.199999999999989</ele>
        <time>2026-09-20T03:08:26Z</time>
      </trkpt>
      <trkpt lat="25.151687990874052" lon="121.602923031896353">
        <ele>413.699999999999989</ele>
        <time>2026-09-20T03:08:36Z</time>
      </trkpt>
      <trkpt lat="25.151712968945503" lon="121.602905010804534">
        <ele>416.300000000000011</ele>
        <time>2026-09-20T03:08:40Z</time>
      </trkpt>
      <trkpt lat="25.15164197422564" lon="121.602879026904702">
        <ele>409.699999999999989</ele>
        <time>2026-09-20T03:08:44Z</time>
      </trkpt>
      <trkpt lat="25.151667958125472" lon="121.602889001369476">
        <ele>404.699999999999989</ele>
        <time>2026-09-20T03:08:48Z</time>
      </trkpt>
      <trkpt lat="25.151677010580897" lon="121.602883972227573">
        <ele>408</ele>
        <time>2026-09-20T03:08:53Z</time>
      </trkpt>
      <trkpt lat="25.151694025844336" lon="121.602867962792516">
        <ele>406.899999999999977</ele>
        <time>2026-09-20T03:08:57Z</time>
      </trkpt>
      <trkpt lat="25.151690002530813" lon="121.602911967784166">
        <ele>408.199999999999989</ele>
        <time>2026-09-20T03:09:00Z</time>
      </trkpt>
      <trkpt lat="25.151701988652349" lon="121.602912973612547">
        <ele>417.199999999999989</ele>
        <time>2026-09-20T03:09:07Z</time>
      </trkpt>
      <trkpt lat="25.151697965338826" lon="121.602902999147773">
        <ele>416.5</ele>
        <time>2026-09-20T03:09:16Z</time>
      </trkpt>
      <trkpt lat="25.151706011965871" lon="121.602910039946437">
        <ele>413</ele>
        <time>2026-09-20T03:09:26Z</time>
      </trkpt>
      <trkpt lat="25.151698971167207" lon="121.602914985269308">
        <ele>413.300000000000011</ele>
        <time>2026-09-20T03:09:30Z</time>
      </trkpt>
      <trkpt lat="25.15170500613749" lon="121.602923031896353">
        <ele>412.5</ele>
        <time>2026-09-20T03:09:35Z</time>
      </trkpt>
      <trkpt lat="25.151693020015955" lon="121.60293803550303">
        <ele>413.600000000000023</ele>
        <time>2026-09-20T03:09:42Z</time>
      </trkpt>
      <trkpt lat="25.151698971167207" lon="121.602924959734082">
        <ele>413.5</ele>
        <time>2026-09-20T03:09:46Z</time>
      </trkpt>
      <trkpt lat="25.151702994480729" lon="121.602934012189507">
        <ele>415.100000000000023</ele>
        <time>2026-09-20T03:09:52Z</time>
      </trkpt>
      <trkpt lat="25.151722021400928" lon="121.602907022461295">
        <ele>411.699999999999989</ele>
        <time>2026-09-20T03:09:56Z</time>
      </trkpt>
      <trkpt lat="25.151711963117123" lon="121.60291800275445">
        <ele>407.5</ele>
        <time>2026-09-20T03:10:00Z</time>
      </trkpt>
      <trkpt lat="25.151711041107774" lon="121.602927977219224">
        <ele>412</ele>
        <time>2026-09-20T03:10:03Z</time>
      </trkpt>
      <trkpt lat="25.15170400030911" lon="121.60291800275445">
        <ele>411.100000000000023</ele>
        <time>2026-09-20T03:10:07Z</time>
      </trkpt>
      <trkpt lat="25.151715986430645" lon="121.602921020239592">
        <ele>410.699999999999989</ele>
        <time>2026-09-20T03:10:11Z</time>
      </trkpt>
      <trkpt lat="25.15172503888607" lon="121.603001989424229">
        <ele>410.100000000000023</ele>
        <time>2026-09-20T03:10:15Z</time>
      </trkpt>
      <trkpt lat="25.151717998087406" lon="121.603125035762787">
        <ele>411.899999999999977</ele>
        <time>2026-09-20T03:10:19Z</time>
      </trkpt>
      <trkpt lat="25.151716992259026" lon="121.603066027164459">
        <ele>412.5</ele>
        <time>2026-09-20T03:10:23Z</time>
      </trkpt>
      <trkpt lat="25.15172797255218" lon="121.602965025231242">
        <ele>407.899999999999977</ele>
        <time>2026-09-20T03:10:27Z</time>
      </trkpt>
      <trkpt lat="25.15172403305769" lon="121.602947004139423">
        <ele>410</ele>
        <time>2026-09-20T03:10:31Z</time>
      </trkpt>
      <trkpt lat="25.151709029451013" lon="121.602935018017888">
        <ele>410.699999999999989</ele>
        <time>2026-09-20T03:10:35Z</time>
      </trkpt>
      <trkpt lat="25.151700982823968" lon="121.602943986654282">
        <ele>411.300000000000011</ele>
        <time>2026-09-20T03:10:39Z</time>
      </trkpt>
      <trkpt lat="25.151701988652349" lon="121.602954966947436">
        <ele>410.800000000000011</ele>
        <time>2026-09-20T03:10:49Z</time>
      </trkpt>
      <trkpt lat="25.151702994480729" lon="121.602967036888003">
        <ele>410.399999999999977</ele>
        <time>2026-09-20T03:11:03Z</time>
      </trkpt>
      <trkpt lat="25.151706011965871" lon="121.602978017181158">
        <ele>411.100000000000023</ele>
        <time>2026-09-20T03:11:10Z</time>
      </trkpt>
      <trkpt lat="25.151712968945503" lon="121.602969970554113">
        <ele>411.300000000000011</ele>
        <time>2026-09-20T03:11:13Z</time>
      </trkpt>
      <trkpt lat="25.151740964502096" lon="121.603000983595848">
        <ele>408.699999999999989</ele>
        <time>2026-09-20T03:11:17Z</time>
      </trkpt>
      <trkpt lat="25.151745993643999" lon="121.602977011352777">
        <ele>427.300000000000011</ele>
        <time>2026-09-20T03:11:21Z</time>
      </trkpt>
      <trkpt lat="25.151708023622632" lon="121.60289797000587">
        <ele>423.699999999999989</ele>
        <time>2026-09-20T03:11:25Z</time>
      </trkpt>
      <trkpt lat="25.151699976995587" lon="121.602925965562463">
        <ele>419.199999999999989</ele>
        <time>2026-09-20T03:11:30Z</time>
      </trkpt>
      <trkpt lat="25.15170500613749" lon="121.602955972775817">
        <ele>421.199999999999989</ele>
        <time>2026-09-20T03:11:34Z</time>
      </trkpt>
      <trkpt lat="25.151702994480729" lon="121.60293803550303">
        <ele>420.600000000000023</ele>
        <time>2026-09-20T03:11:38Z</time>
      </trkpt>
      <trkpt lat="25.151702994480729" lon="121.602925965562463">
        <ele>415</ele>
        <time>2026-09-20T03:11:45Z</time>
      </trkpt>
      <trkpt lat="25.151699976995587" lon="121.602908028289676">
        <ele>414.5</ele>
        <time>2026-09-20T03:11:49Z</time>
      </trkpt>
      <trkpt lat="25.151711963117123" lon="121.602902999147773">
        <ele>414.800000000000011</ele>
        <time>2026-09-20T03:11:59Z</time>
      </trkpt>
      <trkpt lat="25.151716992259026" lon="121.60291800275445">
        <ele>413.800000000000011</ele>
        <time>2026-09-20T03:12:05Z</time>
      </trkpt>
      <trkpt lat="25.151721015572548" lon="121.602925965562463">
        <ele>412.800000000000011</ele>
        <time>2026-09-20T03:12:12Z</time>
      </trkpt>
      <trkpt lat="25.151736019179225" lon="121.602909034118056">
        <ele>414.800000000000011</ele>
        <time>2026-09-20T03:12:15Z</time>
      </trkpt>
      <trkpt lat="25.151741970330477" lon="121.602920014411211">
        <ele>417.5</ele>
        <time>2026-09-20T03:12:18Z</time>
      </trkpt>
      <trkpt lat="25.151744987815619" lon="121.602930994704366">
        <ele>415.699999999999989</ele>
        <time>2026-09-20T03:12:22Z</time>
      </trkpt>
      <trkpt lat="25.151737025007606" lon="121.60293803550303">
        <ele>415.5</ele>
        <time>2026-09-20T03:12:26Z</time>
      </trkpt>
      <trkpt lat="25.151765020564198" lon="121.602971982210875">
        <ele>414.899999999999977</ele>
        <time>2026-09-20T03:12:32Z</time>
      </trkpt>
      <trkpt lat="25.151740964502096" lon="121.602958990260959">
        <ele>415.300000000000011</ele>
        <time>2026-09-20T03:12:36Z</time>
      </trkpt>
      <trkpt lat="25.1517269667238" lon="121.602943986654282">
        <ele>413.399999999999977</ele>
        <time>2026-09-20T03:12:40Z</time>
      </trkpt>
      <trkpt lat="25.151719003915787" lon="121.602929988875985">
        <ele>416.399999999999977</ele>
        <time>2026-09-20T03:12:47Z</time>
      </trkpt>
      <trkpt lat="25.151709029451013" lon="121.60291900858283">
        <ele>414.899999999999977</ele>
        <time>2026-09-20T03:12:55Z</time>
      </trkpt>
      <trkpt lat="25.151698971167207" lon="121.602922026067972">
        <ele>415.100000000000023</ele>
        <time>2026-09-20T03:13:13Z</time>
      </trkpt>
      <trkpt lat="25.151690002530813" lon="121.602924037724733">
        <ele>413.5</ele>
        <time>2026-09-20T03:13:21Z</time>
      </trkpt>
      <trkpt lat="25.151682961732149" lon="121.602934012189507">
        <ele>416</ele>
        <time>2026-09-20T03:13:32Z</time>
      </trkpt>
      <trkpt lat="25.151693020015955" lon="121.60293904133141">
        <ele>415.600000000000023</ele>
        <time>2026-09-20T03:13:49Z</time>
      </trkpt>
      <trkpt lat="25.151700982823968" lon="121.602934012189507">
        <ele>414.600000000000023</ele>
        <time>2026-09-20T03:14:07Z</time>
      </trkpt>
      <trkpt lat="25.151695031672716" lon="121.60291900858283">
        <ele>416.899999999999977</ele>
        <time>2026-09-20T03:14:11Z</time>
      </trkpt>
      <trkpt lat="25.151697965338826" lon="121.602908028289676">
        <ele>415.5</ele>
        <time>2026-09-20T03:14:14Z</time>
      </trkpt>
      <trkpt lat="25.151698971167207" lon="121.60291900858283">
        <ele>414.199999999999989</ele>
        <time>2026-09-20T03:14:21Z</time>
      </trkpt>
      <trkpt lat="25.151707017794251" lon="121.602936023846269">
        <ele>412.5</ele>
        <time>2026-09-20T03:14:41Z</time>
      </trkpt>
      <trkpt lat="25.15170400030911" lon="121.602954966947436">
        <ele>413.300000000000011</ele>
        <time>2026-09-20T03:14:45Z</time>
      </trkpt>
      <trkpt lat="25.151700982823968" lon="121.602967958897352">
        <ele>414.399999999999977</ele>
        <time>2026-09-20T03:14:51Z</time>
      </trkpt>
      <trkpt lat="25.151695031672716" lon="121.602958990260959">
        <ele>416.699999999999989</ele>
        <time>2026-09-20T03:15:10Z</time>
      </trkpt>
      <trkpt lat="25.151688996702433" lon="121.60298204049468">
        <ele>416.600000000000023</ele>
        <time>2026-09-20T03:15:57Z</time>
      </trkpt>
      <trkpt lat="25.151700982823968" lon="121.602979023009539">
        <ele>415</ele>
        <time>2026-09-20T03:16:01Z</time>
      </trkpt>
      <trkpt lat="25.151728978380561" lon="121.60298497416079">
        <ele>414.300000000000011</ele>
        <time>2026-09-20T03:16:06Z</time>
      </trkpt>
      <trkpt lat="25.151711041107774" lon="121.602967036888003">
        <ele>414.199999999999989</ele>
        <time>2026-09-20T03:16:10Z</time>
      </trkpt>
      <trkpt lat="25.151696037501097" lon="121.602964019402862">
        <ele>414.5</ele>
        <time>2026-09-20T03:16:17Z</time>
      </trkpt>
      <trkpt lat="25.151673993095756" lon="121.602980028837919">
        <ele>415.100000000000023</ele>
        <time>2026-09-20T03:16:23Z</time>
      </trkpt>
      <trkpt lat="25.151677010580897" lon="121.602958990260959">
        <ele>411.199999999999989</ele>
        <time>2026-09-20T03:16:27Z</time>
      </trkpt>
      <trkpt lat="25.151677010580897" lon="121.602944992482662">
        <ele>415.100000000000023</ele>
        <time>2026-09-20T03:16:36Z</time>
      </trkpt>
      <trkpt lat="25.151682961732149" lon="121.602936023846269">
        <ele>414.300000000000011</ele>
        <time>2026-09-20T03:16:40Z</time>
      </trkpt>
      <trkpt lat="25.151678016409278" lon="121.602947004139423">
        <ele>417.800000000000011</ele>
        <time>2026-09-20T03:16:45Z</time>
      </trkpt>
      <trkpt lat="25.15168396756053" lon="121.602925965562463">
        <ele>415</ele>
        <time>2026-09-20T03:16:49Z</time>
      </trkpt>
      <trkpt lat="25.151670975610614" lon="121.602955972775817">
        <ele>415.800000000000011</ele>
        <time>2026-09-20T03:16:53Z</time>
      </trkpt>
      <trkpt lat="25.151674998924136" lon="121.602967036888003">
        <ele>415.5</ele>
        <time>2026-09-20T03:16:57Z</time>
      </trkpt>
      <trkpt lat="25.151672987267375" lon="121.602979023009539">
        <ele>416.100000000000023</ele>
        <time>2026-09-20T03:17:01Z</time>
      </trkpt>
      <trkpt lat="25.151670975610614" lon="121.602990003302693">
        <ele>417</ele>
        <time>2026-09-20T03:17:05Z</time>
      </trkpt>
      <trkpt lat="25.151664018630981" lon="121.602998971939087">
        <ele>418.399999999999977</ele>
        <time>2026-09-20T03:17:15Z</time>
      </trkpt>
      <trkpt lat="25.151667036116123" lon="121.603012969717383">
        <ele>420.100000000000023</ele>
        <time>2026-09-20T03:17:19Z</time>
      </trkpt>
      <trkpt lat="25.151659995317459" lon="121.603054041042924">
        <ele>419</ele>
        <time>2026-09-20T03:17:23Z</time>
      </trkpt>
      <trkpt lat="25.151688996702433" lon="121.60302503965795">
        <ele>421.5</ele>
        <time>2026-09-20T03:17:27Z</time>
      </trkpt>
      <trkpt lat="25.151694025844336" lon="121.603013975545764">
        <ele>422.5</ele>
        <time>2026-09-20T03:17:33Z</time>
      </trkpt>
      <trkpt lat="25.151702994480729" lon="121.60300400108099">
        <ele>422.399999999999977</ele>
        <time>2026-09-20T03:17:42Z</time>
      </trkpt>
      <trkpt lat="25.151710035279393" lon="121.602986985817552">
        <ele>421</ele>
        <time>2026-09-20T03:17:47Z</time>
      </trkpt>
      <trkpt lat="25.151700982823968" lon="121.602965025231242">
        <ele>420</ele>
        <time>2026-09-20T03:18:00Z</time>
      </trkpt>
      <trkpt lat="25.151642980054021" lon="121.602954966947436">
        <ele>418.800000000000011</ele>
        <time>2026-09-20T03:18:04Z</time>
      </trkpt>
      <trkpt lat="25.151686985045671" lon="121.602988997474313">
        <ele>413</ele>
        <time>2026-09-20T03:18:08Z</time>
      </trkpt>
      <trkpt lat="25.151669969782233" lon="121.603000983595848">
        <ele>419.300000000000011</ele>
        <time>2026-09-20T03:18:12Z</time>
      </trkpt>
      <trkpt lat="25.1516820397228" lon="121.60298497416079">
        <ele>419.399999999999977</ele>
        <time>2026-09-20T03:18:16Z</time>
      </trkpt>
      <trkpt lat="25.151691008359194" lon="121.602980028837919">
        <ele>418.300000000000011</ele>
        <time>2026-09-20T03:18:20Z</time>
      </trkpt>
      <trkpt lat="25.151702994480729" lon="121.602912973612547">
        <ele>414</ele>
        <time>2026-09-20T03:18:24Z</time>
      </trkpt>
      <trkpt lat="25.151696959510446" lon="121.602926971390843">
        <ele>416.899999999999977</ele>
        <time>2026-09-20T03:18:27Z</time>
      </trkpt>
      <trkpt lat="25.151669969782233" lon="121.602933006361127">
        <ele>418.399999999999977</ele>
        <time>2026-09-20T03:18:30Z</time>
      </trkpt>
      <trkpt lat="25.151642980054021" lon="121.602942980825901">
        <ele>420.899999999999977</ele>
        <time>2026-09-20T03:18:33Z</time>
      </trkpt>
      <trkpt lat="25.151656977832317" lon="121.60293904133141">
        <ele>420.199999999999989</ele>
        <time>2026-09-20T03:18:37Z</time>
      </trkpt>
      <trkpt lat="25.151668963953853" lon="121.602950021624565">
        <ele>417.199999999999989</ele>
        <time>2026-09-20T03:18:40Z</time>
      </trkpt>
      <trkpt lat="25.151654966175556" lon="121.60293803550303">
        <ele>417.100000000000023</ele>
        <time>2026-09-20T03:18:43Z</time>
      </trkpt>
      <trkpt lat="25.151649015024304" lon="121.6029620077461">
        <ele>415.399999999999977</ele>
        <time>2026-09-20T03:18:46Z</time>
      </trkpt>
      <trkpt lat="25.151658989489079" lon="121.602955972775817">
        <ele>416.699999999999989</ele>
        <time>2026-09-20T03:18:51Z</time>
      </trkpt>
      <trkpt lat="25.151671981438994" lon="121.602952033281326">
        <ele>414.300000000000011</ele>
        <time>2026-09-20T03:18:55Z</time>
      </trkpt>
      <trkpt lat="25.151694025844336" lon="121.60294197499752">
        <ele>413.399999999999977</ele>
        <time>2026-09-20T03:18:58Z</time>
      </trkpt>
      <trkpt lat="25.151696959510446" lon="121.6029620077461">
        <ele>412.899999999999977</ele>
        <time>2026-09-20T03:19:04Z</time>
      </trkpt>
      <trkpt lat="25.15168396756053" lon="121.602913979440928">
        <ele>415.100000000000023</ele>
        <time>2026-09-20T03:19:08Z</time>
      </trkpt>
      <trkpt lat="25.151624036952853" lon="121.602878021076322">
        <ele>420.100000000000023</ele>
        <time>2026-09-20T03:19:12Z</time>
      </trkpt>
      <trkpt lat="25.151694025844336" lon="121.602915991097689">
        <ele>416.600000000000023</ele>
        <time>2026-09-20T03:19:16Z</time>
      </trkpt>
      <trkpt lat="25.151709029451013" lon="121.602929988875985">
        <ele>413.699999999999989</ele>
        <time>2026-09-20T03:19:20Z</time>
      </trkpt>
      <trkpt lat="25.151736019179225" lon="121.602893024682999">
        <ele>414.5</ele>
        <time>2026-09-20T03:19:24Z</time>
      </trkpt>
      <trkpt lat="25.151712968945503" lon="121.60291900858283">
        <ele>414.399999999999977</ele>
        <time>2026-09-20T03:19:28Z</time>
      </trkpt>
      <trkpt lat="25.151713974773884" lon="121.602908028289676">
        <ele>413.800000000000011</ele>
        <time>2026-09-20T03:19:32Z</time>
      </trkpt>
      <trkpt lat="25.151710035279393" lon="121.602881960570812">
        <ele>412.5</ele>
        <time>2026-09-20T03:19:36Z</time>
      </trkpt>
      <trkpt lat="25.151749011129141" lon="121.602945998311043">
        <ele>414.899999999999977</ele>
        <time>2026-09-20T03:19:40Z</time>
      </trkpt>
      <trkpt lat="25.151731995865703" lon="121.602990003302693">
        <ele>414.800000000000011</ele>
        <time>2026-09-20T03:19:44Z</time>
      </trkpt>
      <trkpt lat="25.151729984208941" lon="121.60296100191772">
        <ele>410.800000000000011</ele>
        <time>2026-09-20T03:19:48Z</time>
      </trkpt>
      <trkpt lat="25.151712968945503" lon="121.602974999696016">
        <ele>412.800000000000011</ele>
        <time>2026-09-20T03:19:52Z</time>
      </trkpt>
      <trkpt lat="25.15163904055953" lon="121.603011963889003">
        <ele>413.800000000000011</ele>
        <time>2026-09-20T03:19:55Z</time>
      </trkpt>
      <trkpt lat="25.151644991710782" lon="121.602998971939087">
        <ele>412.600000000000023</ele>
        <time>2026-09-20T03:19:59Z</time>
      </trkpt>
      <trkpt lat="25.151654966175556" lon="121.602997966110706">
        <ele>415.5</ele>
        <time>2026-09-20T03:20:05Z</time>
      </trkpt>
      <trkpt lat="25.151672987267375" lon="121.602967958897352">
        <ele>414.800000000000011</ele>
        <time>2026-09-20T03:20:09Z</time>
      </trkpt>
      <trkpt lat="25.151688996702433" lon="121.602973993867636">
        <ele>411.699999999999989</ele>
        <time>2026-09-20T03:20:14Z</time>
      </trkpt>
      <trkpt lat="25.15168396756053" lon="121.60298396833241">
        <ele>415.399999999999977</ele>
        <time>2026-09-20T03:20:24Z</time>
      </trkpt>
      <trkpt lat="25.15168103389442" lon="121.602994026616216">
        <ele>416.300000000000011</ele>
        <time>2026-09-20T03:20:37Z</time>
      </trkpt>
      <trkpt lat="25.15168497338891" lon="121.602974999696016">
        <ele>415.600000000000023</ele>
        <time>2026-09-20T03:20:47Z</time>
      </trkpt>
      <trkpt lat="25.15168396756053" lon="121.602988997474313">
        <ele>416.699999999999989</ele>
        <time>2026-09-20T03:20:50Z</time>
      </trkpt>
      <trkpt lat="25.151677010580897" lon="121.603083964437246">
        <ele>410.800000000000011</ele>
        <time>2026-09-20T03:20:53Z</time>
      </trkpt>
      <trkpt lat="25.151712968945503" lon="121.603074995800853">
        <ele>419</ele>
        <time>2026-09-20T03:20:56Z</time>
      </trkpt>
      <trkpt lat="25.1516820397228" lon="121.603066027164459">
        <ele>417.5</ele>
        <time>2026-09-20T03:20:59Z</time>
      </trkpt>
      <trkpt lat="25.151694025844336" lon="121.603058986365795">
        <ele>410.899999999999977</ele>
        <time>2026-09-20T03:21:02Z</time>
      </trkpt>
      <trkpt lat="25.15170500613749" lon="121.602996038272977">
        <ele>411.199999999999989</ele>
        <time>2026-09-20T03:21:05Z</time>
      </trkpt>
      <trkpt lat="25.151717998087406" lon="121.602954966947436">
        <ele>407.699999999999989</ele>
        <time>2026-09-20T03:21:08Z</time>
      </trkpt>
      <trkpt lat="25.151716992259026" lon="121.602942980825901">
        <ele>402</ele>
        <time>2026-09-20T03:21:13Z</time>
      </trkpt>
      <trkpt lat="25.151714980602264" lon="121.602964019402862">
        <ele>406.199999999999989</ele>
        <time>2026-09-20T03:21:17Z</time>
      </trkpt>
      <trkpt lat="25.151706011965871" lon="121.602944992482662">
        <ele>409.199999999999989</ele>
        <time>2026-09-20T03:21:21Z</time>
      </trkpt>
      <trkpt lat="25.151659995317459" lon="121.60302403382957">
        <ele>408.699999999999989</ele>
        <time>2026-09-20T03:21:25Z</time>
      </trkpt>
      <trkpt lat="25.151679022237659" lon="121.60302797332406">
        <ele>412.300000000000011</ele>
        <time>2026-09-20T03:21:29Z</time>
      </trkpt>
      <trkpt lat="25.151682961732149" lon="121.603019004687667">
        <ele>415.800000000000011</ele>
        <time>2026-09-20T03:21:33Z</time>
      </trkpt>
      <trkpt lat="25.151682961732149" lon="121.60300400108099">
        <ele>414.300000000000011</ele>
        <time>2026-09-20T03:21:46Z</time>
      </trkpt>
      <trkpt lat="25.151686985045671" lon="121.602993020787835">
        <ele>412.800000000000011</ele>
        <time>2026-09-20T03:21:50Z</time>
      </trkpt>
      <trkpt lat="25.151686985045671" lon="121.602977011352777">
        <ele>411.199999999999989</ele>
        <time>2026-09-20T03:21:54Z</time>
      </trkpt>
      <trkpt lat="25.151682961732149" lon="121.602967958897352">
        <ele>411.399999999999977</ele>
        <time>2026-09-20T03:21:58Z</time>
      </trkpt>
      <trkpt lat="25.15161800198257" lon="121.602988997474313">
        <ele>412.600000000000023</ele>
        <time>2026-09-20T03:22:13Z</time>
      </trkpt>
      <trkpt lat="25.151620013639331" lon="121.602998971939087">
        <ele>411</ele>
        <time>2026-09-20T03:22:17Z</time>
      </trkpt>
      <trkpt lat="25.151648009195924" lon="121.602991009131074">
        <ele>413.100000000000023</ele>
        <time>2026-09-20T03:22:21Z</time>
      </trkpt>
      <trkpt lat="25.151677010580897" lon="121.602996038272977">
        <ele>410</ele>
        <time>2026-09-20T03:22:25Z</time>
      </trkpt>
      <trkpt lat="25.151685979217291" lon="121.602994026616216">
        <ele>409</ele>
        <time>2026-09-20T03:22:31Z</time>
      </trkpt>
      <trkpt lat="25.151698971167207" lon="121.60298396833241">
        <ele>409.399999999999977</ele>
        <time>2026-09-20T03:22:39Z</time>
      </trkpt>
      <trkpt lat="25.151693020015955" lon="121.602976005524397">
        <ele>408.600000000000023</ele>
        <time>2026-09-20T03:22:42Z</time>
      </trkpt>
      <trkpt lat="25.151696037501097" lon="121.602945998311043">
        <ele>407.800000000000011</ele>
        <time>2026-09-20T03:22:45Z</time>
      </trkpt>
      <trkpt lat="25.151695031672716" lon="121.6029620077461">
        <ele>408.399999999999977</ele>
        <time>2026-09-20T03:22:48Z</time>
      </trkpt>
      <trkpt lat="25.151693020015955" lon="121.60298497416079">
        <ele>408.600000000000023</ele>
        <time>2026-09-20T03:22:51Z</time>
      </trkpt>
      <trkpt lat="25.151685979217291" lon="121.60300400108099">
        <ele>410.100000000000023</ele>
        <time>2026-09-20T03:22:55Z</time>
      </trkpt>
      <trkpt lat="25.151680028066039" lon="121.603019004687667">
        <ele>412.300000000000011</ele>
        <time>2026-09-20T03:22:59Z</time>
      </trkpt>
      <trkpt lat="25.151674998924136" lon="121.603028979152441">
        <ele>413.699999999999989</ele>
        <time>2026-09-20T03:23:02Z</time>
      </trkpt>
      <trkpt lat="25.151670975610614" lon="121.603039959445596">
        <ele>413.300000000000011</ele>
        <time>2026-09-20T03:23:07Z</time>
      </trkpt>
      <trkpt lat="25.151678016409278" lon="121.603051023557782">
        <ele>414.5</ele>
        <time>2026-09-20T03:23:14Z</time>
      </trkpt>
      <trkpt lat="25.15168497338891" lon="121.60306703299284">
        <ele>416.800000000000011</ele>
        <time>2026-09-20T03:23:18Z</time>
      </trkpt>
      <trkpt lat="25.15172503888607" lon="121.602974999696016">
        <ele>405.199999999999989</ele>
        <time>2026-09-20T03:23:29Z</time>
      </trkpt>
      <trkpt lat="25.151679022237659" lon="121.602958990260959">
        <ele>409.300000000000011</ele>
        <time>2026-09-20T03:23:33Z</time>
      </trkpt>
      <trkpt lat="25.151694025844336" lon="121.602912973612547">
        <ele>412.399999999999977</ele>
        <time>2026-09-20T03:23:37Z</time>
      </trkpt>
      <trkpt lat="25.151583971455693" lon="121.602751035243273">
        <ele>412.199999999999989</ele>
        <time>2026-09-20T03:23:40Z</time>
      </trkpt>
      <trkpt lat="25.15163803473115" lon="121.602777019143105">
        <ele>410.699999999999989</ele>
        <time>2026-09-20T03:23:44Z</time>
      </trkpt>
      <trkpt lat="25.151561005041003" lon="121.602478036656976">
        <ele>420.600000000000023</ele>
        <time>2026-09-20T03:23:48Z</time>
      </trkpt>
      <trkpt lat="25.151643985882401" lon="121.602800991386175">
        <ele>431.199999999999989</ele>
        <time>2026-09-20T03:23:52Z</time>
      </trkpt>
      <trkpt lat="25.151630993932486" lon="121.602862011641264">
        <ele>421.100000000000023</ele>
        <time>2026-09-20T03:23:56Z</time>
      </trkpt>
      <trkpt lat="25.151827968657017" lon="121.602249965071678">
        <ele>414.699999999999989</ele>
        <time>2026-09-20T03:24:10Z</time>
      </trkpt>
      <trkpt lat="25.151763008907437" lon="121.602873997762799">
        <ele>413.600000000000023</ele>
        <time>2026-09-20T03:24:25Z</time>
      </trkpt>
      <trkpt lat="25.151676004752517" lon="121.602943986654282">
        <ele>417.600000000000023</ele>
        <time>2026-09-20T03:24:29Z</time>
      </trkpt>
      <trkpt lat="25.151679022237659" lon="121.602933006361127">
        <ele>422.699999999999989</ele>
        <time>2026-09-20T03:24:35Z</time>
      </trkpt>
      <trkpt lat="25.151667036116123" lon="121.602934012189507">
        <ele>421.699999999999989</ele>
        <time>2026-09-20T03:24:39Z</time>
      </trkpt>
      <trkpt lat="25.151604004204273" lon="121.602952033281326">
        <ele>419.399999999999977</ele>
        <time>2026-09-20T03:24:46Z</time>
      </trkpt>
      <trkpt lat="25.151616996154189" lon="121.602950021624565">
        <ele>420.600000000000023</ele>
        <time>2026-09-20T03:24:51Z</time>
      </trkpt>
      <trkpt lat="25.151636023074389" lon="121.60291900858283">
        <ele>420.399999999999977</ele>
        <time>2026-09-20T03:24:54Z</time>
      </trkpt>
      <trkpt lat="25.151650020852685" lon="121.602901993319392">
        <ele>417.600000000000023</ele>
        <time>2026-09-20T03:24:57Z</time>
      </trkpt>
      <trkpt lat="25.151658989489079" lon="121.602896964177489">
        <ele>417.600000000000023</ele>
        <time>2026-09-20T03:25:03Z</time>
      </trkpt>
      <trkpt lat="25.151667036116123" lon="121.602886989712715">
        <ele>415.399999999999977</ele>
        <time>2026-09-20T03:25:06Z</time>
      </trkpt>
      <trkpt lat="25.15168103389442" lon="121.602877015247941">
        <ele>409.5</ele>
        <time>2026-09-20T03:25:09Z</time>
      </trkpt>
      <trkpt lat="25.151698971167207" lon="121.602856982499361">
        <ele>408.5</ele>
        <time>2026-09-20T03:25:12Z</time>
      </trkpt>
      <trkpt lat="25.151716992259026" lon="121.602844996377826">
        <ele>411.199999999999989</ele>
        <time>2026-09-20T03:25:15Z</time>
      </trkpt>
      <trkpt lat="25.151720009744167" lon="121.6028549708426">
        <ele>414</ele>
        <time>2026-09-20T03:25:23Z</time>
      </trkpt>
      <trkpt lat="25.151728978380561" lon="121.602844996377826">
        <ele>413.800000000000011</ele>
        <time>2026-09-20T03:25:26Z</time>
      </trkpt>
      <trkpt lat="25.151734007522464" lon="121.602829992771149">
        <ele>415</ele>
        <time>2026-09-20T03:25:30Z</time>
      </trkpt>
      <trkpt lat="25.15172797255218" lon="121.60280903801322">
        <ele>413.800000000000011</ele>
        <time>2026-09-20T03:25:34Z</time>
      </trkpt>
      <trkpt lat="25.151708023622632" lon="121.602800991386175">
        <ele>411.800000000000011</ele>
        <time>2026-09-20T03:25:38Z</time>
      </trkpt>
      <trkpt lat="25.151697965338826" lon="121.602808032184839">
        <ele>414.899999999999977</ele>
        <time>2026-09-20T03:25:43Z</time>
      </trkpt>
      <trkpt lat="25.151687990874052" lon="121.602805014699697">
        <ele>413.5</ele>
        <time>2026-09-20T03:25:49Z</time>
      </trkpt>
      <trkpt lat="25.151678016409278" lon="121.602800991386175">
        <ele>413.600000000000023</ele>
        <time>2026-09-20T03:25:53Z</time>
      </trkpt>
      <trkpt lat="25.151672987267375" lon="121.602810965850949">
        <ele>411.5</ele>
        <time>2026-09-20T03:25:57Z</time>
      </trkpt>
      <trkpt lat="25.151666030287743" lon="121.602821024134755">
        <ele>411.300000000000011</ele>
        <time>2026-09-20T03:26:01Z</time>
      </trkpt>
      <trkpt lat="25.151663012802601" lon="121.60283301025629">
        <ele>411.199999999999989</ele>
        <time>2026-09-20T03:26:15Z</time>
      </trkpt>
      <trkpt lat="25.151648009195924" lon="121.602842984721065">
        <ele>410.699999999999989</ele>
        <time>2026-09-20T03:26:19Z</time>
      </trkpt>
      <trkpt lat="25.15164096839726" lon="121.602853965014219">
        <ele>408.899999999999977</ele>
        <time>2026-09-20T03:26:23Z</time>
      </trkpt>
      <trkpt lat="25.151620013639331" lon="121.602880032733083">
        <ele>409</ele>
        <time>2026-09-20T03:26:27Z</time>
      </trkpt>
      <trkpt lat="25.151610961183906" lon="121.602867962792516">
        <ele>410.600000000000023</ele>
        <time>2026-09-20T03:26:41Z</time>
      </trkpt>
      <trkpt lat="25.151602998375893" lon="121.602877015247941">
        <ele>412.399999999999977</ele>
        <time>2026-09-20T03:26:45Z</time>
      </trkpt>
      <trkpt lat="25.151608027517796" lon="121.602885983884335">
        <ele>413.300000000000011</ele>
        <time>2026-09-20T03:26:51Z</time>
      </trkpt>
      <trkpt lat="25.151626970618963" lon="121.602869974449277">
        <ele>416.600000000000023</ele>
        <time>2026-09-20T03:26:55Z</time>
      </trkpt>
      <trkpt lat="25.1516820397228" lon="121.602817000821233">
        <ele>415.100000000000023</ele>
        <time>2026-09-20T03:26:58Z</time>
      </trkpt>
      <trkpt lat="25.151636023074389" lon="121.602844996377826">
        <ele>414.399999999999977</ele>
        <time>2026-09-20T03:27:01Z</time>
      </trkpt>
      <trkpt lat="25.151613978669047" lon="121.602859999984503">
        <ele>413.5</ele>
        <time>2026-09-20T03:27:04Z</time>
      </trkpt>
      <trkpt lat="25.151602998375893" lon="121.60287500359118">
        <ele>414.600000000000023</ele>
        <time>2026-09-20T03:27:07Z</time>
      </trkpt>
      <trkpt lat="25.151577014476061" lon="121.602927977219224">
        <ele>414</ele>
        <time>2026-09-20T03:27:10Z</time>
      </trkpt>
      <trkpt lat="25.151581959798932" lon="121.602902999147773">
        <ele>413.399999999999977</ele>
        <time>2026-09-20T03:27:13Z</time>
      </trkpt>
      <trkpt lat="25.15155497007072" lon="121.602878021076322">
        <ele>412.699999999999989</ele>
        <time>2026-09-20T03:27:17Z</time>
      </trkpt>
      <trkpt lat="25.1515559758991" lon="121.602890007197857">
        <ele>415.899999999999977</ele>
        <time>2026-09-20T03:27:21Z</time>
      </trkpt>
      <trkpt lat="25.151556981727481" lon="121.602879026904702">
        <ele>413.800000000000011</ele>
        <time>2026-09-20T03:27:27Z</time>
      </trkpt>
      <trkpt lat="25.151565028354526" lon="121.602883972227573">
        <ele>410.600000000000023</ele>
        <time>2026-09-20T03:27:50Z</time>
      </trkpt>
      <trkpt lat="25.151573996990919" lon="121.60287500359118">
        <ele>410</ele>
        <time>2026-09-20T03:27:55Z</time>
      </trkpt>
      <trkpt lat="25.151584977284074" lon="121.602884978055954">
        <ele>410.699999999999989</ele>
        <time>2026-09-20T03:27:59Z</time>
      </trkpt>
      <trkpt lat="25.151594029739499" lon="121.602891013026237">
        <ele>408.800000000000011</ele>
        <time>2026-09-20T03:28:03Z</time>
      </trkpt>
      <trkpt lat="25.15159897506237" lon="121.60287500359118">
        <ele>410.600000000000023</ele>
        <time>2026-09-20T03:28:19Z</time>
      </trkpt>
      <trkpt lat="25.151610961183906" lon="121.602872991934419">
        <ele>411.5</ele>
        <time>2026-09-20T03:28:23Z</time>
      </trkpt>
      <trkpt lat="25.151613978669047" lon="121.602885983884335">
        <ele>412.199999999999989</ele>
        <time>2026-09-20T03:28:27Z</time>
      </trkpt>
      <trkpt lat="25.151616996154189" lon="121.602895958349109">
        <ele>411.100000000000023</ele>
        <time>2026-09-20T03:28:41Z</time>
      </trkpt>
      <trkpt lat="25.151622025296092" lon="121.602910961955786">
        <ele>411.5</ele>
        <time>2026-09-20T03:28:47Z</time>
      </trkpt>
      <trkpt lat="25.151627976447344" lon="121.602924959734082">
        <ele>411.100000000000023</ele>
        <time>2026-09-20T03:28:54Z</time>
      </trkpt>
      <trkpt lat="25.15163803473115" lon="121.602927977219224">
        <ele>410.399999999999977</ele>
        <time>2026-09-20T03:29:03Z</time>
      </trkpt>
      <trkpt lat="25.151670975610614" lon="121.603095028549433">
        <ele>414.300000000000011</ele>
        <time>2026-09-20T03:29:07Z</time>
      </trkpt>
      <trkpt lat="25.151696037501097" lon="121.602959996089339">
        <ele>412.699999999999989</ele>
        <time>2026-09-20T03:29:14Z</time>
      </trkpt>
      <trkpt lat="25.151649015024304" lon="121.602892018854618">
        <ele>411.600000000000023</ele>
        <time>2026-09-20T03:29:18Z</time>
      </trkpt>
      <trkpt lat="25.151651026681066" lon="121.60287500359118">
        <ele>413.300000000000011</ele>
        <time>2026-09-20T03:29:22Z</time>
      </trkpt>
      <trkpt lat="25.151637028902769" lon="121.602889001369476">
        <ele>412.600000000000023</ele>
        <time>2026-09-20T03:29:26Z</time>
      </trkpt>
      <trkpt lat="25.151645997539163" lon="121.60289503633976">
        <ele>409.5</ele>
        <time>2026-09-20T03:29:35Z</time>
      </trkpt>
      <trkpt lat="25.151651026681066" lon="121.602906016632915">
        <ele>408.300000000000011</ele>
        <time>2026-09-20T03:29:42Z</time>
      </trkpt>
      <trkpt lat="25.151651026681066" lon="121.602920014411211">
        <ele>410.399999999999977</ele>
        <time>2026-09-20T03:29:46Z</time>
      </trkpt>
      <trkpt lat="25.151644991710782" lon="121.602933006361127">
        <ele>411.100000000000023</ele>
        <time>2026-09-20T03:29:50Z</time>
      </trkpt>
      <trkpt lat="25.151648009195924" lon="121.602942980825901">
        <ele>409.600000000000023</ele>
        <time>2026-09-20T03:29:56Z</time>
      </trkpt>
      <trkpt lat="25.151651026681066" lon="121.602955972775817">
        <ele>409.399999999999977</ele>
        <time>2026-09-20T03:30:02Z</time>
      </trkpt>
      <trkpt lat="25.151647003367543" lon="121.602968964725733">
        <ele>409.5</ele>
        <time>2026-09-20T03:30:06Z</time>
      </trkpt>
      <trkpt lat="25.151655972003937" lon="121.602971982210875">
        <ele>409.899999999999977</ele>
        <time>2026-09-20T03:30:13Z</time>
      </trkpt>
      <trkpt lat="25.151657983660698" lon="121.60296100191772">
        <ele>407.699999999999989</ele>
        <time>2026-09-20T03:30:40Z</time>
      </trkpt>
      <trkpt lat="25.151654966175556" lon="121.602950021624565">
        <ele>408.199999999999989</ele>
        <time>2026-09-20T03:30:44Z</time>
      </trkpt>
      <trkpt lat="25.151663012802601" lon="121.602943986654282">
        <ele>406.100000000000023</ele>
        <time>2026-09-20T03:30:52Z</time>
      </trkpt>
      <trkpt lat="25.151672987267375" lon="121.60294096916914">
        <ele>411</ele>
        <time>2026-09-20T03:30:58Z</time>
      </trkpt>
      <trkpt lat="25.151673993095756" lon="121.602928983047605">
        <ele>407</ele>
        <time>2026-09-20T03:31:02Z</time>
      </trkpt>
      <trkpt lat="25.151674998924136" lon="121.602913979440928">
        <ele>408.899999999999977</ele>
        <time>2026-09-20T03:31:06Z</time>
      </trkpt>
      <trkpt lat="25.151667958125472" lon="121.602905010804534">
        <ele>410.5</ele>
        <time>2026-09-20T03:31:11Z</time>
      </trkpt>
      <trkpt lat="25.151669969782233" lon="121.602915991097689">
        <ele>414.199999999999989</ele>
        <time>2026-09-20T03:31:19Z</time>
      </trkpt>
      <trkpt lat="25.15166200697422" lon="121.602909034118056">
        <ele>413.199999999999989</ele>
        <time>2026-09-20T03:31:23Z</time>
      </trkpt>
      <trkpt lat="25.151670975610614" lon="121.602900987491012">
        <ele>409.399999999999977</ele>
        <time>2026-09-20T03:31:27Z</time>
      </trkpt>
      <trkpt lat="25.151663012802601" lon="121.602908028289676">
        <ele>412.399999999999977</ele>
        <time>2026-09-20T03:31:31Z</time>
      </trkpt>
      <trkpt lat="25.151667036116123" lon="121.602866034954786">
        <ele>416.800000000000011</ele>
        <time>2026-09-20T03:31:35Z</time>
      </trkpt>
      <trkpt lat="25.151653038337827" lon="121.602910961955786">
        <ele>414.899999999999977</ele>
        <time>2026-09-20T03:31:39Z</time>
      </trkpt>
      <trkpt lat="25.151711963117123" lon="121.602937029674649">
        <ele>419.300000000000011</ele>
        <time>2026-09-20T03:31:43Z</time>
      </trkpt>
      <trkpt lat="25.151713974773884" lon="121.602900987491012">
        <ele>408.600000000000023</ele>
        <time>2026-09-20T03:31:47Z</time>
      </trkpt>
      <trkpt lat="25.151696959510446" lon="121.60289897583425">
        <ele>408</ele>
        <time>2026-09-20T03:31:53Z</time>
      </trkpt>
      <trkpt lat="25.151701988652349" lon="121.602889001369476">
        <ele>408.600000000000023</ele>
        <time>2026-09-20T03:32:08Z</time>
      </trkpt>
      <trkpt lat="25.151709029451013" lon="121.60289797000587">
        <ele>413.399999999999977</ele>
        <time>2026-09-20T03:32:15Z</time>
      </trkpt>
      <trkpt lat="25.151720009744167" lon="121.60289797000587">
        <ele>412.600000000000023</ele>
        <time>2026-09-20T03:32:24Z</time>
      </trkpt>
      <trkpt lat="25.151709029451013" lon="121.60289797000587">
        <ele>413.899999999999977</ele>
        <time>2026-09-20T03:32:33Z</time>
      </trkpt>
      <trkpt lat="25.151709029451013" lon="121.602910039946437">
        <ele>413.300000000000011</ele>
        <time>2026-09-20T03:32:41Z</time>
      </trkpt>
      <trkpt lat="25.151712968945503" lon="121.60291900858283">
        <ele>410.5</ele>
        <time>2026-09-20T03:32:46Z</time>
      </trkpt>
      <trkpt lat="25.151695031672716" lon="121.602910039946437">
        <ele>412</ele>
        <time>2026-09-20T03:32:50Z</time>
      </trkpt>
      <trkpt lat="25.151725960895419" lon="121.602990003302693">
        <ele>420.800000000000011</ele>
        <time>2026-09-20T03:32:54Z</time>
      </trkpt>
      <trkpt lat="25.151723027229309" lon="121.602964019402862">
        <ele>416.199999999999989</ele>
        <time>2026-09-20T03:32:58Z</time>
      </trkpt>
      <trkpt lat="25.151708023622632" lon="121.60293803550303">
        <ele>412.699999999999989</ele>
        <time>2026-09-20T03:33:02Z</time>
      </trkpt>
      <trkpt lat="25.151706011965871" lon="121.602904004976153">
        <ele>411.800000000000011</ele>
        <time>2026-09-20T03:33:06Z</time>
      </trkpt>
      <trkpt lat="25.151699976995587" lon="121.602892018854618">
        <ele>411.199999999999989</ele>
        <time>2026-09-20T03:33:11Z</time>
      </trkpt>
      <trkpt lat="25.151695031672716" lon="121.602902999147773">
        <ele>411.100000000000023</ele>
        <time>2026-09-20T03:33:17Z</time>
      </trkpt>
      <trkpt lat="25.151702994480729" lon="121.60289503633976">
        <ele>410.300000000000011</ele>
        <time>2026-09-20T03:33:26Z</time>
      </trkpt>
      <trkpt lat="25.151708023622632" lon="121.602910961955786">
        <ele>411.199999999999989</ele>
        <time>2026-09-20T03:33:30Z</time>
      </trkpt>
      <trkpt lat="25.151700982823968" lon="121.602920014411211">
        <ele>411.699999999999989</ele>
        <time>2026-09-20T03:33:35Z</time>
      </trkpt>
      <trkpt lat="25.151702994480729" lon="121.602909034118056">
        <ele>409.699999999999989</ele>
        <time>2026-09-20T03:33:45Z</time>
      </trkpt>
      <trkpt lat="25.15170500613749" lon="121.602896964177489">
        <ele>412.399999999999977</ele>
        <time>2026-09-20T03:33:57Z</time>
      </trkpt>
      <trkpt lat="25.151698971167207" lon="121.602909034118056">
        <ele>406.399999999999977</ele>
        <time>2026-09-20T03:34:05Z</time>
      </trkpt>
      <trkpt lat="25.151713974773884" lon="121.602889001369476">
        <ele>407.199999999999989</ele>
        <time>2026-09-20T03:34:09Z</time>
      </trkpt>
      <trkpt lat="25.15170400030911" lon="121.602883972227573">
        <ele>407.899999999999977</ele>
        <time>2026-09-20T03:34:15Z</time>
      </trkpt>
      <trkpt lat="25.151708023622632" lon="121.602899981662631">
        <ele>409</ele>
        <time>2026-09-20T03:34:19Z</time>
      </trkpt>
      <trkpt lat="25.151711041107774" lon="121.602910039946437">
        <ele>410</ele>
        <time>2026-09-20T03:34:25Z</time>
      </trkpt>
      <trkpt lat="25.151720009744167" lon="121.602906016632915">
        <ele>410.300000000000011</ele>
        <time>2026-09-20T03:34:44Z</time>
      </trkpt>
      <trkpt lat="25.151721015572548" lon="121.602920014411211">
        <ele>410.800000000000011</ele>
        <time>2026-09-20T03:34:50Z</time>
      </trkpt>
      <trkpt lat="25.151735013350844" lon="121.602894030511379">
        <ele>413.399999999999977</ele>
        <time>2026-09-20T03:34:55Z</time>
      </trkpt>
      <trkpt lat="25.151706011965871" lon="121.60289897583425">
        <ele>412.699999999999989</ele>
        <time>2026-09-20T03:34:59Z</time>
      </trkpt>
      <trkpt lat="25.151624036952853" lon="121.602853965014219">
        <ele>409.100000000000023</ele>
        <time>2026-09-20T03:35:03Z</time>
      </trkpt>
      <trkpt lat="25.151633005589247" lon="121.602844996377826">
        <ele>405.199999999999989</ele>
        <time>2026-09-20T03:35:07Z</time>
      </trkpt>
      <trkpt lat="25.151667958125472" lon="121.602852959185839">
        <ele>403.600000000000023</ele>
        <time>2026-09-20T03:35:10Z</time>
      </trkpt>
      <trkpt lat="25.151688996702433" lon="121.602887995541096">
        <ele>408.100000000000023</ele>
        <time>2026-09-20T03:35:14Z</time>
      </trkpt>
      <trkpt lat="25.151688996702433" lon="121.602824041619897">
        <ele>408.800000000000011</ele>
        <time>2026-09-20T03:35:18Z</time>
      </trkpt>
      <trkpt lat="25.151707017794251" lon="121.602835021913052">
        <ele>412.5</ele>
        <time>2026-09-20T03:35:22Z</time>
      </trkpt>
      <trkpt lat="25.151720009744167" lon="121.60287600941956">
        <ele>409.5</ele>
        <time>2026-09-20T03:35:26Z</time>
      </trkpt>
      <trkpt lat="25.151745993643999" lon="121.602866034954786">
        <ele>412.199999999999989</ele>
        <time>2026-09-20T03:35:34Z</time>
      </trkpt>
      <trkpt lat="25.151738030835986" lon="121.602858994156122">
        <ele>412</ele>
        <time>2026-09-20T03:35:38Z</time>
      </trkpt>
      <trkpt lat="25.151735013350844" lon="121.602872991934419">
        <ele>411.5</ele>
        <time>2026-09-20T03:35:47Z</time>
      </trkpt>
      <trkpt lat="25.151739958673716" lon="121.602851031348109">
        <ele>408.699999999999989</ele>
        <time>2026-09-20T03:35:56Z</time>
      </trkpt>
      <trkpt lat="25.151744987815619" lon="121.602864023298025">
        <ele>411.300000000000011</ele>
        <time>2026-09-20T03:36:00Z</time>
      </trkpt>
      <trkpt lat="25.151723027229309" lon="121.602873997762799">
        <ele>411.100000000000023</ele>
        <time>2026-09-20T03:36:04Z</time>
      </trkpt>
      <trkpt lat="25.151749011129141" lon="121.602820018306375">
        <ele>413.399999999999977</ele>
        <time>2026-09-20T03:36:08Z</time>
      </trkpt>
      <trkpt lat="25.15170500613749" lon="121.602861005812883">
        <ele>416.800000000000011</ele>
        <time>2026-09-20T03:36:12Z</time>
      </trkpt>
      <trkpt lat="25.151719003915787" lon="121.602795040234923">
        <ele>417.300000000000011</ele>
        <time>2026-09-20T03:36:16Z</time>
      </trkpt>
      <trkpt lat="25.151707017794251" lon="121.602824041619897">
        <ele>414.100000000000023</ele>
        <time>2026-09-20T03:36:20Z</time>
      </trkpt>
      <trkpt lat="25.151716992259026" lon="121.60283200442791">
        <ele>413.5</ele>
        <time>2026-09-20T03:36:24Z</time>
      </trkpt>
      <trkpt lat="25.151711041107774" lon="121.602841978892684">
        <ele>412.899999999999977</ele>
        <time>2026-09-20T03:36:29Z</time>
      </trkpt>
      <trkpt lat="25.151712968945503" lon="121.602830998599529">
        <ele>411.300000000000011</ele>
        <time>2026-09-20T03:36:33Z</time>
      </trkpt>
      <trkpt lat="25.151723027229309" lon="121.602824041619897">
        <ele>411.600000000000023</ele>
        <time>2026-09-20T03:36:40Z</time>
      </trkpt>
      <trkpt lat="25.151699976995587" lon="121.602846002206206">
        <ele>411.300000000000011</ele>
        <time>2026-09-20T03:36:45Z</time>
      </trkpt>
      <trkpt lat="25.151712968945503" lon="121.602884978055954">
        <ele>409.899999999999977</ele>
        <time>2026-09-20T03:36:49Z</time>
      </trkpt>
      <trkpt lat="25.151714980602264" lon="121.602865029126406">
        <ele>409.899999999999977</ele>
        <time>2026-09-20T03:36:53Z</time>
      </trkpt>
      <trkpt lat="25.151716992259026" lon="121.602851031348109">
        <ele>412.199999999999989</ele>
        <time>2026-09-20T03:37:00Z</time>
      </trkpt>
      <trkpt lat="25.151720009744167" lon="121.602840973064303">
        <ele>413.600000000000023</ele>
        <time>2026-09-20T03:37:14Z</time>
      </trkpt>
      <trkpt lat="25.1517269667238" lon="121.60283301025629">
        <ele>412.800000000000011</ele>
        <time>2026-09-20T03:37:22Z</time>
      </trkpt>
      <trkpt lat="25.1517269667238" lon="121.602844996377826">
        <ele>411.600000000000023</ele>
        <time>2026-09-20T03:37:27Z</time>
      </trkpt>
      <trkpt lat="25.15172503888607" lon="121.6028549708426">
        <ele>412.199999999999989</ele>
        <time>2026-09-20T03:37:36Z</time>
      </trkpt>
      <trkpt lat="25.15172403305769" lon="121.602865029126406">
        <ele>409.899999999999977</ele>
        <time>2026-09-20T03:37:50Z</time>
      </trkpt>
      <trkpt lat="25.151717998087406" lon="121.602880032733083">
        <ele>409.399999999999977</ele>
        <time>2026-09-20T03:38:35Z</time>
      </trkpt>
      <trkpt lat="25.151717998087406" lon="121.602869974449277">
        <ele>409.800000000000011</ele>
        <time>2026-09-20T03:38:44Z</time>
      </trkpt>
      <trkpt lat="25.1517269667238" lon="121.602868968620896">
        <ele>410.800000000000011</ele>
        <time>2026-09-20T03:38:58Z</time>
      </trkpt>
      <trkpt lat="25.151717998087406" lon="121.602872991934419">
        <ele>409.800000000000011</ele>
        <time>2026-09-20T03:39:03Z</time>
      </trkpt>
      <trkpt lat="25.151711041107774" lon="121.602881038561463">
        <ele>408.600000000000023</ele>
        <time>2026-09-20T03:39:09Z</time>
      </trkpt>
      <trkpt lat="25.151721015572548" lon="121.602868968620896">
        <ele>407</ele>
        <time>2026-09-20T03:39:44Z</time>
      </trkpt>
      <trkpt lat="25.151728978380561" lon="121.602871986106038">
        <ele>408.600000000000023</ele>
        <time>2026-09-20T03:40:00Z</time>
      </trkpt>
      <trkpt lat="25.151735013350844" lon="121.602881038561463">
        <ele>409.5</ele>
        <time>2026-09-20T03:40:12Z</time>
      </trkpt>
      <trkpt lat="25.1517269667238" lon="121.602892018854618">
        <ele>407.800000000000011</ele>
        <time>2026-09-20T03:40:40Z</time>
      </trkpt>
      <trkpt lat="25.151716992259026" lon="121.602889001369476">
        <ele>408.399999999999977</ele>
        <time>2026-09-20T03:40:44Z</time>
      </trkpt>
      <trkpt lat="25.151709029451013" lon="121.602881038561463">
        <ele>411.300000000000011</ele>
        <time>2026-09-20T03:40:49Z</time>
      </trkpt>
      <trkpt lat="25.15170400030911" lon="121.602870980277658">
        <ele>410.399999999999977</ele>
        <time>2026-09-20T03:40:56Z</time>
      </trkpt>
      <trkpt lat="25.151692014187574" lon="121.602878021076322">
        <ele>410.399999999999977</ele>
        <time>2026-09-20T03:41:01Z</time>
      </trkpt>
      <trkpt lat="25.151686985045671" lon="121.602886989712715">
        <ele>410.800000000000011</ele>
        <time>2026-09-20T03:41:15Z</time>
      </trkpt>
      <trkpt lat="25.151696959510446" lon="121.602885983884335">
        <ele>410.300000000000011</ele>
        <time>2026-09-20T03:41:23Z</time>
      </trkpt>
      <trkpt lat="25.151693020015955" lon="121.602895958349109">
        <ele>411.300000000000011</ele>
        <time>2026-09-20T03:41:34Z</time>
      </trkpt>
      <trkpt lat="25.15168497338891" lon="121.602887995541096">
        <ele>411.5</ele>
        <time>2026-09-20T03:41:50Z</time>
      </trkpt>
      <trkpt lat="25.151695031672716" lon="121.602884978055954">
        <ele>410.800000000000011</ele>
        <time>2026-09-20T03:42:04Z</time>
      </trkpt>
      <trkpt lat="25.151691008359194" lon="121.602896964177489">
        <ele>408.899999999999977</ele>
        <time>2026-09-20T03:42:09Z</time>
      </trkpt>
      <trkpt lat="25.151685979217291" lon="121.602907022461295">
        <ele>412.100000000000023</ele>
        <time>2026-09-20T03:42:18Z</time>
      </trkpt>
      <trkpt lat="25.151694025844336" lon="121.602913979440928">
        <ele>408.600000000000023</ele>
        <time>2026-09-20T03:42:27Z</time>
      </trkpt>
      <trkpt lat="25.151698971167207" lon="121.602899981662631">
        <ele>407.100000000000023</ele>
        <time>2026-09-20T03:42:31Z</time>
      </trkpt>
      <trkpt lat="25.151701988652349" lon="121.602914985269308">
        <ele>407.300000000000011</ele>
        <time>2026-09-20T03:42:41Z</time>
      </trkpt>
      <trkpt lat="25.151697965338826" lon="121.602928983047605">
        <ele>408.899999999999977</ele>
        <time>2026-09-20T03:42:45Z</time>
      </trkpt>
      <trkpt lat="25.151697965338826" lon="121.60294197499752">
        <ele>408.300000000000011</ele>
        <time>2026-09-20T03:42:49Z</time>
      </trkpt>
      <trkpt lat="25.151695031672716" lon="121.602952033281326">
        <ele>409.699999999999989</ele>
        <time>2026-09-20T03:42:57Z</time>
      </trkpt>
      <trkpt lat="25.151694025844336" lon="121.602963013574481">
        <ele>410.199999999999989</ele>
        <time>2026-09-20T03:43:01Z</time>
      </trkpt>
      <trkpt lat="25.151687990874052" lon="121.602950021624565">
        <ele>411.399999999999977</ele>
        <time>2026-09-20T03:43:13Z</time>
      </trkpt>
      <trkpt lat="25.151678016409278" lon="121.602942980825901">
        <ele>411</ele>
        <time>2026-09-20T03:43:35Z</time>
      </trkpt>
      <trkpt lat="25.151668963953853" lon="121.602956978604198">
        <ele>414.100000000000023</ele>
        <time>2026-09-20T03:44:03Z</time>
      </trkpt>
      <trkpt lat="25.151671981438994" lon="121.602973993867636">
        <ele>412.5</ele>
        <time>2026-09-20T03:44:07Z</time>
      </trkpt>
      <trkpt lat="25.151676004752517" lon="121.60296100191772">
        <ele>412</ele>
        <time>2026-09-20T03:44:11Z</time>
      </trkpt>
      <trkpt lat="25.151668963953853" lon="121.602953039109707">
        <ele>413.399999999999977</ele>
        <time>2026-09-20T03:44:18Z</time>
      </trkpt>
      <trkpt lat="25.151669969782233" lon="121.60294096916914">
        <ele>412.300000000000011</ele>
        <time>2026-09-20T03:44:22Z</time>
      </trkpt>
      <trkpt lat="25.151679022237659" lon="121.60293803550303">
        <ele>410.399999999999977</ele>
        <time>2026-09-20T03:44:27Z</time>
      </trkpt>
      <trkpt lat="25.151667036116123" lon="121.602944992482662">
        <ele>410.800000000000011</ele>
        <time>2026-09-20T03:44:35Z</time>
      </trkpt>
      <trkpt lat="25.151754040271044" lon="121.602921020239592">
        <ele>411.5</ele>
        <time>2026-09-20T03:44:39Z</time>
      </trkpt>
      <trkpt lat="25.15172503888607" lon="121.602889001369476">
        <ele>412</ele>
        <time>2026-09-20T03:44:43Z</time>
      </trkpt>
      <trkpt lat="25.151701988652349" lon="121.602952033281326">
        <ele>411.800000000000011</ele>
        <time>2026-09-20T03:44:47Z</time>
      </trkpt>
      <trkpt lat="25.151686985045671" lon="121.602947004139423">
        <ele>409.300000000000011</ele>
        <time>2026-09-20T03:44:51Z</time>
      </trkpt>
      <trkpt lat="25.151696037501097" lon="121.602954966947436">
        <ele>409.399999999999977</ele>
        <time>2026-09-20T03:44:55Z</time>
      </trkpt>
      <trkpt lat="25.151708023622632" lon="121.602967036888003">
        <ele>409.5</ele>
        <time>2026-09-20T03:45:01Z</time>
      </trkpt>
      <trkpt lat="25.15170500613749" lon="121.602978017181158">
        <ele>409.300000000000011</ele>
        <time>2026-09-20T03:45:11Z</time>
      </trkpt>
      <trkpt lat="25.151695031672716" lon="121.602996960282326">
        <ele>410.399999999999977</ele>
        <time>2026-09-20T03:45:15Z</time>
      </trkpt>
      <trkpt lat="25.151680028066039" lon="121.602985979989171">
        <ele>410.899999999999977</ele>
        <time>2026-09-20T03:45:19Z</time>
      </trkpt>
      <trkpt lat="25.151674998924136" lon="121.6029620077461">
        <ele>411.300000000000011</ele>
        <time>2026-09-20T03:45:23Z</time>
      </trkpt>
      <trkpt lat="25.15168396756053" lon="121.602953961119056">
        <ele>411.600000000000023</ele>
        <time>2026-09-20T03:45:27Z</time>
      </trkpt>
      <trkpt lat="25.151692014187574" lon="121.602939963340759">
        <ele>411.199999999999989</ele>
        <time>2026-09-20T03:45:31Z</time>
      </trkpt>
      <trkpt lat="25.151696959510446" lon="121.602948009967804">
        <ele>410.800000000000011</ele>
        <time>2026-09-20T03:45:49Z</time>
      </trkpt>
      <trkpt lat="25.151708023622632" lon="121.602947004139423">
        <ele>411.199999999999989</ele>
        <time>2026-09-20T03:45:54Z</time>
      </trkpt>
      <trkpt lat="25.151716992259026" lon="121.602950021624565">
        <ele>412.100000000000023</ele>
        <time>2026-09-20T03:46:05Z</time>
      </trkpt>
      <trkpt lat="25.151707017794251" lon="121.602954966947436">
        <ele>410.600000000000023</ele>
        <time>2026-09-20T03:46:23Z</time>
      </trkpt>
      <trkpt lat="25.151700982823968" lon="121.602942980825901">
        <ele>412.300000000000011</ele>
        <time>2026-09-20T03:46:33Z</time>
      </trkpt>
      <trkpt lat="25.151691008359194" lon="121.60294197499752">
        <ele>412.600000000000023</ele>
        <time>2026-09-20T03:46:44Z</time>
      </trkpt>
      <trkpt lat="25.15168497338891" lon="121.602933006361127">
        <ele>411.399999999999977</ele>
        <time>2026-09-20T03:47:22Z</time>
      </trkpt>
      <trkpt lat="25.15168497338891" lon="121.602923031896353">
        <ele>409.800000000000011</ele>
        <time>2026-09-20T03:47:31Z</time>
      </trkpt>
      <trkpt lat="25.151688996702433" lon="121.602912973612547">
        <ele>409.300000000000011</ele>
        <time>2026-09-20T03:47:37Z</time>
      </trkpt>
      <trkpt lat="25.151690002530813" lon="121.602923031896353">
        <ele>409.100000000000023</ele>
        <time>2026-09-20T03:47:52Z</time>
      </trkpt>
      <trkpt lat="25.1516820397228" lon="121.602928983047605">
        <ele>408.100000000000023</ele>
        <time>2026-09-20T03:48:53Z</time>
      </trkpt>
      <trkpt lat="25.151692014187574" lon="121.602933006361127">
        <ele>407.199999999999989</ele>
        <time>2026-09-20T03:48:57Z</time>
      </trkpt>
      <trkpt lat="25.151690002530813" lon="121.602943986654282">
        <ele>409.100000000000023</ele>
        <time>2026-09-20T03:49:03Z</time>
      </trkpt>
      <trkpt lat="25.151692014187574" lon="121.602953961119056">
        <ele>411.199999999999989</ele>
        <time>2026-09-20T03:49:10Z</time>
      </trkpt>
      <trkpt lat="25.151701988652349" lon="121.602964019402862">
        <ele>410.100000000000023</ele>
        <time>2026-09-20T03:49:16Z</time>
      </trkpt>
      <trkpt lat="25.151702994480729" lon="121.60298396833241">
        <ele>405.699999999999989</ele>
        <time>2026-09-20T03:49:23Z</time>
      </trkpt>
      <trkpt lat="25.151710035279393" lon="121.602966031059623">
        <ele>403.800000000000011</ele>
        <time>2026-09-20T03:49:27Z</time>
      </trkpt>
      <trkpt lat="25.151702994480729" lon="121.602978017181158">
        <ele>401.399999999999977</ele>
        <time>2026-09-20T03:49:33Z</time>
      </trkpt>
      <trkpt lat="25.151673993095756" lon="121.603050017729402">
        <ele>413.600000000000023</ele>
        <time>2026-09-20T03:49:37Z</time>
      </trkpt>
      <trkpt lat="25.15168103389442" lon="121.603030990809202">
        <ele>416.199999999999989</ele>
        <time>2026-09-20T03:49:41Z</time>
      </trkpt>
      <trkpt lat="25.151623031124473" lon="121.603072984144092">
        <ele>422.300000000000011</ele>
        <time>2026-09-20T03:49:44Z</time>
      </trkpt>
      <trkpt lat="25.151642980054021" lon="121.603076001629233">
        <ele>426.600000000000023</ele>
        <time>2026-09-20T03:49:49Z</time>
      </trkpt>
      <trkpt lat="25.151651026681066" lon="121.603095028549433">
        <ele>423.800000000000011</ele>
        <time>2026-09-20T03:49:52Z</time>
      </trkpt>
      <trkpt lat="25.151658989489079" lon="121.60306703299284">
        <ele>418</ele>
        <time>2026-09-20T03:49:56Z</time>
      </trkpt>
      <trkpt lat="25.151650020852685" lon="121.60306996665895">
        <ele>413.5</ele>
        <time>2026-09-20T03:50:03Z</time>
      </trkpt>
      <trkpt lat="25.151648009195924" lon="121.603088993579149">
        <ele>411.100000000000023</ele>
        <time>2026-09-20T03:50:07Z</time>
      </trkpt>
      <trkpt lat="25.151648009195924" lon="121.603064015507698">
        <ele>411.199999999999989</ele>
        <time>2026-09-20T03:50:11Z</time>
      </trkpt>
      <trkpt lat="25.151654966175556" lon="121.603056974709034">
        <ele>410.399999999999977</ele>
        <time>2026-09-20T03:50:18Z</time>
      </trkpt>
      <trkpt lat="25.151665024459362" lon="121.603062003850937">
        <ele>408.199999999999989</ele>
        <time>2026-09-20T03:50:24Z</time>
      </trkpt>
      <trkpt lat="25.151678016409278" lon="121.603051023557782">
        <ele>405.699999999999989</ele>
        <time>2026-09-20T03:50:28Z</time>
      </trkpt>
      <trkpt lat="25.151671981438994" lon="121.603059992194176">
        <ele>407.100000000000023</ele>
        <time>2026-09-20T03:50:32Z</time>
      </trkpt>
      <trkpt lat="25.151667036116123" lon="121.603044988587499">
        <ele>407.800000000000011</ele>
        <time>2026-09-20T03:50:36Z</time>
      </trkpt>
      <trkpt lat="25.151670975610614" lon="121.603055968880653">
        <ele>407.899999999999977</ele>
        <time>2026-09-20T03:50:42Z</time>
      </trkpt>
      <trkpt lat="25.151668963953853" lon="121.603045994415879">
        <ele>408.199999999999989</ele>
        <time>2026-09-20T03:50:58Z</time>
      </trkpt>
      <trkpt lat="25.151682961732149" lon="121.603040965273976">
        <ele>410</ele>
        <time>2026-09-20T03:51:03Z</time>
      </trkpt>
      <trkpt lat="25.151672987267375" lon="121.603037025779486">
        <ele>409.600000000000023</ele>
        <time>2026-09-20T03:51:15Z</time>
      </trkpt>
      <trkpt lat="25.151670975610614" lon="121.60304800607264">
        <ele>409.399999999999977</ele>
        <time>2026-09-20T03:51:28Z</time>
      </trkpt>
      <trkpt lat="25.15166100114584" lon="121.603055968880653">
        <ele>412</ele>
        <time>2026-09-20T03:51:34Z</time>
      </trkpt>
      <trkpt lat="25.151657983660698" lon="121.60306996665895">
        <ele>411.800000000000011</ele>
        <time>2026-09-20T03:51:38Z</time>
      </trkpt>
      <trkpt lat="25.151644991710782" lon="121.60306803882122">
        <ele>412.300000000000011</ele>
        <time>2026-09-20T03:51:42Z</time>
      </trkpt>
      <trkpt lat="25.151644991710782" lon="121.603055968880653">
        <ele>413.300000000000011</ele>
        <time>2026-09-20T03:51:50Z</time>
      </trkpt>
      <trkpt lat="25.151654966175556" lon="121.603042976930737">
        <ele>411.699999999999989</ele>
        <time>2026-09-20T03:52:01Z</time>
      </trkpt>
      <trkpt lat="25.151653038337827" lon="121.603054041042924">
        <ele>411.399999999999977</ele>
        <time>2026-09-20T03:52:07Z</time>
      </trkpt>
      <trkpt lat="25.151664018630981" lon="121.603057980537415">
        <ele>409.5</ele>
        <time>2026-09-20T03:52:22Z</time>
      </trkpt>
      <trkpt lat="25.15161800198257" lon="121.603010036051273">
        <ele>410.399999999999977</ele>
        <time>2026-09-20T03:52:26Z</time>
      </trkpt>
      <trkpt lat="25.151644991710782" lon="121.60306996665895">
        <ele>409.600000000000023</ele>
        <time>2026-09-20T03:52:30Z</time>
      </trkpt>
      <trkpt lat="25.151673993095756" lon="121.603038031607866">
        <ele>410.199999999999989</ele>
        <time>2026-09-20T03:52:34Z</time>
      </trkpt>
      <trkpt lat="25.151676004752517" lon="121.603115983307362">
        <ele>411.300000000000011</ele>
        <time>2026-09-20T03:52:48Z</time>
      </trkpt>
      <trkpt lat="25.151667036116123" lon="121.6031329985708">
        <ele>409.5</ele>
        <time>2026-09-20T03:52:52Z</time>
      </trkpt>
      <trkpt lat="25.151665024459362" lon="121.603123024106026">
        <ele>409.399999999999977</ele>
        <time>2026-09-20T03:52:56Z</time>
      </trkpt>
      <trkpt lat="25.151657983660698" lon="121.60311003215611">
        <ele>410.399999999999977</ele>
        <time>2026-09-20T03:53:00Z</time>
      </trkpt>
      <trkpt lat="25.151653960347176" lon="121.603126963600516">
        <ele>410.5</ele>
        <time>2026-09-20T03:53:04Z</time>
      </trkpt>
      <trkpt lat="25.151647003367543" lon="121.603137021884322">
        <ele>411.899999999999977</ele>
        <time>2026-09-20T03:53:15Z</time>
      </trkpt>
      <trkpt lat="25.151652032509446" lon="121.603124029934406">
        <ele>411.100000000000023</ele>
        <time>2026-09-20T03:53:20Z</time>
      </trkpt>
      <trkpt lat="25.151653038337827" lon="121.603096034377813">
        <ele>411.5</ele>
        <time>2026-09-20T03:53:24Z</time>
      </trkpt>
      <trkpt lat="25.151657983660698" lon="121.603082036599517">
        <ele>408.600000000000023</ele>
        <time>2026-09-20T03:53:30Z</time>
      </trkpt>
      <trkpt lat="25.151655972003937" lon="121.60306803882122">
        <ele>409.199999999999989</ele>
        <time>2026-09-20T03:53:36Z</time>
      </trkpt>
      <trkpt lat="25.15166200697422" lon="121.603085976094007">
        <ele>409.600000000000023</ele>
        <time>2026-09-20T03:53:40Z</time>
      </trkpt>
      <trkpt lat="25.151665024459362" lon="121.603076001629233">
        <ele>408.699999999999989</ele>
        <time>2026-09-20T03:53:48Z</time>
      </trkpt>
      <trkpt lat="25.15166100114584" lon="121.60308999940753">
        <ele>408.899999999999977</ele>
        <time>2026-09-20T03:53:52Z</time>
      </trkpt>
      <trkpt lat="25.151651026681066" lon="121.603097962215543">
        <ele>410.899999999999977</ele>
        <time>2026-09-20T03:54:06Z</time>
      </trkpt>
      <trkpt lat="25.151651026681066" lon="121.603086981922388">
        <ele>410.800000000000011</ele>
        <time>2026-09-20T03:54:11Z</time>
      </trkpt>
      <trkpt lat="25.15164197422564" lon="121.603107014670968">
        <ele>410.399999999999977</ele>
        <time>2026-09-20T03:54:41Z</time>
      </trkpt>
      <trkpt lat="25.151644991710782" lon="121.603097040206194">
        <ele>410.600000000000023</ele>
        <time>2026-09-20T03:54:47Z</time>
      </trkpt>
      <trkpt lat="25.151655972003937" lon="121.603119000792503">
        <ele>409.5</ele>
        <time>2026-09-20T03:54:51Z</time>
      </trkpt>
      <trkpt lat="25.151666030287743" lon="121.603107014670968">
        <ele>410</ele>
        <time>2026-09-20T03:54:55Z</time>
      </trkpt>
      <trkpt lat="25.151674998924136" lon="121.603101985529065">
        <ele>410.600000000000023</ele>
        <time>2026-09-20T03:55:03Z</time>
      </trkpt>
      <trkpt lat="25.151682961732149" lon="121.603094022721052">
        <ele>410.199999999999989</ele>
        <time>2026-09-20T03:55:10Z</time>
      </trkpt>
      <trkpt lat="25.151687990874052" lon="121.603083964437246">
        <ele>410.399999999999977</ele>
        <time>2026-09-20T03:55:34Z</time>
      </trkpt>
      <trkpt lat="25.15168396756053" lon="121.603072984144092">
        <ele>413.699999999999989</ele>
        <time>2026-09-20T03:55:53Z</time>
      </trkpt>
      <trkpt lat="25.15168396756053" lon="121.603085976094007">
        <ele>415.600000000000023</ele>
        <time>2026-09-20T03:55:59Z</time>
      </trkpt>
      <trkpt lat="25.151679022237659" lon="121.603095028549433">
        <ele>418.100000000000023</ele>
        <time>2026-09-20T03:56:11Z</time>
      </trkpt>
      <trkpt lat="25.151687990874052" lon="121.603079019114375">
        <ele>417.199999999999989</ele>
        <time>2026-09-20T03:56:19Z</time>
      </trkpt>
      <trkpt lat="25.151679022237659" lon="121.603096034377813">
        <ele>414.5</ele>
        <time>2026-09-20T03:56:23Z</time>
      </trkpt>
      <trkpt lat="25.151696037501097" lon="121.603086981922388">
        <ele>415.100000000000023</ele>
        <time>2026-09-20T03:56:28Z</time>
      </trkpt>
      <trkpt lat="25.151686985045671" lon="121.603071978315711">
        <ele>415.699999999999989</ele>
        <time>2026-09-20T03:56:38Z</time>
      </trkpt>
      <trkpt lat="25.151695031672716" lon="121.603058986365795">
        <ele>415.600000000000023</ele>
        <time>2026-09-20T03:56:42Z</time>
      </trkpt>
      <trkpt lat="25.151697965338826" lon="121.603044988587499">
        <ele>412.100000000000023</ele>
        <time>2026-09-20T03:56:46Z</time>
      </trkpt>
      <trkpt lat="25.151702994480729" lon="121.603028979152441">
        <ele>413.399999999999977</ele>
        <time>2026-09-20T03:56:52Z</time>
      </trkpt>
      <trkpt lat="25.151709029451013" lon="121.603019004687667">
        <ele>411.100000000000023</ele>
        <time>2026-09-20T03:56:58Z</time>
      </trkpt>
      <trkpt lat="25.151711041107774" lon="121.60300400108099">
        <ele>411.5</ele>
        <time>2026-09-20T03:57:02Z</time>
      </trkpt>
      <trkpt lat="25.151707017794251" lon="121.602993020787835">
        <ele>411.100000000000023</ele>
        <time>2026-09-20T03:57:06Z</time>
      </trkpt>
      <trkpt lat="25.151687990874052" lon="121.603023028001189">
        <ele>413.199999999999989</ele>
        <time>2026-09-20T03:57:10Z</time>
      </trkpt>
      <trkpt lat="25.15168497338891" lon="121.603035014122725">
        <ele>413.5</ele>
        <time>2026-09-20T03:57:14Z</time>
      </trkpt>
      <trkpt lat="25.151685979217291" lon="121.60302503965795">
        <ele>413.800000000000011</ele>
        <time>2026-09-20T03:57:22Z</time>
      </trkpt>
      <trkpt lat="25.151692014187574" lon="121.603035014122725">
        <ele>410.600000000000023</ele>
        <time>2026-09-20T03:57:26Z</time>
      </trkpt>
      <trkpt lat="25.151685979217291" lon="121.60300500690937">
        <ele>410.5</ele>
        <time>2026-09-20T03:57:30Z</time>
      </trkpt>
      <trkpt lat="25.151672987267375" lon="121.603006012737751">
        <ele>412.100000000000023</ele>
        <time>2026-09-20T03:57:34Z</time>
      </trkpt>
      <trkpt lat="25.151669969782233" lon="121.602996960282326">
        <ele>411.600000000000023</ele>
        <time>2026-09-20T03:57:38Z</time>
      </trkpt>
      <trkpt lat="25.151667958125472" lon="121.60298396833241">
        <ele>412</ele>
        <time>2026-09-20T03:57:43Z</time>
      </trkpt>
      <trkpt lat="25.151667036116123" lon="121.602973993867636">
        <ele>414</ele>
        <time>2026-09-20T03:58:03Z</time>
      </trkpt>
      <trkpt lat="25.151672987267375" lon="121.602953961119056">
        <ele>412.600000000000023</ele>
        <time>2026-09-20T03:58:07Z</time>
      </trkpt>
      <trkpt lat="25.151671981438994" lon="121.602943986654282">
        <ele>412</ele>
        <time>2026-09-20T03:58:13Z</time>
      </trkpt>
      <trkpt lat="25.151680028066039" lon="121.602937029674649">
        <ele>410.399999999999977</ele>
        <time>2026-09-20T03:58:17Z</time>
      </trkpt>
      <trkpt lat="25.15168497338891" lon="121.602954966947436">
        <ele>411.899999999999977</ele>
        <time>2026-09-20T03:58:20Z</time>
      </trkpt>
      <trkpt lat="25.151682961732149" lon="121.602944992482662">
        <ele>411.800000000000011</ele>
        <time>2026-09-20T03:58:27Z</time>
      </trkpt>
      <trkpt lat="25.151695031672716" lon="121.602942980825901">
        <ele>410</ele>
        <time>2026-09-20T03:58:31Z</time>
      </trkpt>
      <trkpt lat="25.15170500613749" lon="121.602932000532746">
        <ele>412.800000000000011</ele>
        <time>2026-09-20T03:58:39Z</time>
      </trkpt>
      <trkpt lat="25.151706011965871" lon="121.602921020239592">
        <ele>412.100000000000023</ele>
        <time>2026-09-20T03:58:54Z</time>
      </trkpt>
      <trkpt lat="25.151712968945503" lon="121.602927977219224">
        <ele>409</ele>
        <time>2026-09-20T03:59:16Z</time>
      </trkpt>
      <trkpt lat="25.151721015572548" lon="121.602920014411211">
        <ele>407.100000000000023</ele>
        <time>2026-09-20T03:59:33Z</time>
      </trkpt>
      <trkpt lat="25.151755968108773" lon="121.602894030511379">
        <ele>412.899999999999977</ele>
        <time>2026-09-20T03:59:40Z</time>
      </trkpt>
      <trkpt lat="25.151768960058689" lon="121.60294096916914">
        <ele>408.800000000000011</ele>
        <time>2026-09-20T03:59:44Z</time>
      </trkpt>
      <trkpt lat="25.151754040271044" lon="121.602964019402862">
        <ele>407.899999999999977</ele>
        <time>2026-09-20T03:59:48Z</time>
      </trkpt>
      <trkpt lat="25.15174699947238" lon="121.602953961119056">
        <ele>409.300000000000011</ele>
        <time>2026-09-20T03:59:52Z</time>
      </trkpt>
      <trkpt lat="25.151753034442663" lon="121.60294197499752">
        <ele>410.600000000000023</ele>
        <time>2026-09-20T03:59:55Z</time>
      </trkpt>
      <trkpt lat="25.151754040271044" lon="121.602953961119056">
        <ele>410</ele>
        <time>2026-09-20T03:59:59Z</time>
      </trkpt>
      <trkpt lat="25.151733001694083" lon="121.602921020239592">
        <ele>414.300000000000011</ele>
        <time>2026-09-20T04:00:06Z</time>
      </trkpt>
      <trkpt lat="25.151783963665366" lon="121.602909034118056">
        <ele>416.600000000000023</ele>
        <time>2026-09-20T04:00:10Z</time>
      </trkpt>
      <trkpt lat="25.15176803804934" lon="121.602926971390843">
        <ele>413.899999999999977</ele>
        <time>2026-09-20T04:00:14Z</time>
      </trkpt>
      <trkpt lat="25.151778012514114" lon="121.602971982210875">
        <ele>415.300000000000011</ele>
        <time>2026-09-20T04:00:18Z</time>
      </trkpt>
      <trkpt lat="25.151763008907437" lon="121.602968964725733">
        <ele>414.800000000000011</ele>
        <time>2026-09-20T04:00:22Z</time>
      </trkpt>
      <trkpt lat="25.151756973937154" lon="121.602958990260959">
        <ele>414.899999999999977</ele>
        <time>2026-09-20T04:00:27Z</time>
      </trkpt>
      <trkpt lat="25.151752028614283" lon="121.602933006361127">
        <ele>414.199999999999989</ele>
        <time>2026-09-20T04:00:31Z</time>
      </trkpt>
      <trkpt lat="25.151776000857353" lon="121.602925965562463">
        <ele>404.199999999999989</ele>
        <time>2026-09-20T04:00:35Z</time>
      </trkpt>
      <trkpt lat="25.151762003079057" lon="121.602923031896353">
        <ele>415.300000000000011</ele>
        <time>2026-09-20T04:00:40Z</time>
      </trkpt>
      <trkpt lat="25.15174800530076" lon="121.602934012189507">
        <ele>414.600000000000023</ele>
        <time>2026-09-20T04:00:46Z</time>
      </trkpt>
      <trkpt lat="25.151740964502096" lon="121.60294096916914">
        <ele>411.100000000000023</ele>
        <time>2026-09-20T04:00:50Z</time>
      </trkpt>
      <trkpt lat="25.151758985593915" lon="121.602913979440928">
        <ele>410.699999999999989</ele>
        <time>2026-09-20T04:01:02Z</time>
      </trkpt>
      <trkpt lat="25.151766026392579" lon="121.602974999696016">
        <ele>408.800000000000011</ele>
        <time>2026-09-20T04:01:06Z</time>
      </trkpt>
      <trkpt lat="25.151758985593915" lon="121.602947004139423">
        <ele>409.300000000000011</ele>
        <time>2026-09-20T04:01:10Z</time>
      </trkpt>
      <trkpt lat="25.151755968108773" lon="121.60293803550303">
        <ele>408.800000000000011</ele>
        <time>2026-09-20T04:01:14Z</time>
      </trkpt>
      <trkpt lat="25.151749011129141" lon="121.602927977219224">
        <ele>410.399999999999977</ele>
        <time>2026-09-20T04:01:19Z</time>
      </trkpt>
      <trkpt lat="25.151750016957521" lon="121.60293803550303">
        <ele>412.100000000000023</ele>
        <time>2026-09-20T04:01:27Z</time>
      </trkpt>
      <trkpt lat="25.151728978380561" lon="121.602936023846269">
        <ele>411.5</ele>
        <time>2026-09-20T04:01:31Z</time>
      </trkpt>
      <trkpt lat="25.151739036664367" lon="121.602944992482662">
        <ele>408.5</ele>
        <time>2026-09-20T04:01:35Z</time>
      </trkpt>
      <trkpt lat="25.15174800530076" lon="121.602957984432578">
        <ele>408.800000000000011</ele>
        <time>2026-09-20T04:01:39Z</time>
      </trkpt>
      <trkpt lat="25.151764014735818" lon="121.602963013574481">
        <ele>413.600000000000023</ele>
        <time>2026-09-20T04:01:53Z</time>
      </trkpt>
      <trkpt lat="25.151752028614283" lon="121.6029620077461">
        <ele>414.199999999999989</ele>
        <time>2026-09-20T04:01:56Z</time>
      </trkpt>
      <trkpt lat="25.151745993643999" lon="121.602980028837919">
        <ele>410.899999999999977</ele>
        <time>2026-09-20T04:02:00Z</time>
      </trkpt>
      <trkpt lat="25.151744987815619" lon="121.602901993319392">
        <ele>414.300000000000011</ele>
        <time>2026-09-20T04:02:04Z</time>
      </trkpt>
      <trkpt lat="25.151749011129141" lon="121.602913979440928">
        <ele>415.300000000000011</ele>
        <time>2026-09-20T04:02:08Z</time>
      </trkpt>
      <trkpt lat="25.151742976158857" lon="121.602923031896353">
        <ele>413.800000000000011</ele>
        <time>2026-09-20T04:02:12Z</time>
      </trkpt>
      <trkpt lat="25.151741970330477" lon="121.602933006361127">
        <ele>413.199999999999989</ele>
        <time>2026-09-20T04:02:22Z</time>
      </trkpt>
      <trkpt lat="25.151754962280393" lon="121.602953039109707">
        <ele>413.5</ele>
        <time>2026-09-20T04:02:28Z</time>
      </trkpt>
      <trkpt lat="25.151740964502096" lon="121.602950021624565">
        <ele>413</ele>
        <time>2026-09-20T04:02:32Z</time>
      </trkpt>
      <trkpt lat="25.151750016957521" lon="121.602971982210875">
        <ele>413.100000000000023</ele>
        <time>2026-09-20T04:02:38Z</time>
      </trkpt>
      <trkpt lat="25.151739958673716" lon="121.602982962504029">
        <ele>415</ele>
        <time>2026-09-20T04:02:44Z</time>
      </trkpt>
      <trkpt lat="25.151742976158857" lon="121.602995032444596">
        <ele>414.100000000000023</ele>
        <time>2026-09-20T04:02:56Z</time>
      </trkpt>
      <trkpt lat="25.151772983372211" lon="121.60298204049468">
        <ele>413.899999999999977</ele>
        <time>2026-09-20T04:03:10Z</time>
      </trkpt>
      <trkpt lat="25.151725960895419" lon="121.6029620077461">
        <ele>414.100000000000023</ele>
        <time>2026-09-20T04:03:13Z</time>
      </trkpt>
      <trkpt lat="25.151763008907437" lon="121.602956978604198">
        <ele>412.399999999999977</ele>
        <time>2026-09-20T04:03:17Z</time>
      </trkpt>
      <trkpt lat="25.151764014735818" lon="121.602982962504029">
        <ele>412.800000000000011</ele>
        <time>2026-09-20T04:03:21Z</time>
      </trkpt>
      <trkpt lat="25.151773989200592" lon="121.603031996637583">
        <ele>413</ele>
        <time>2026-09-20T04:03:25Z</time>
      </trkpt>
      <trkpt lat="25.151771977543831" lon="121.603019004687667">
        <ele>414</ele>
        <time>2026-09-20T04:03:31Z</time>
      </trkpt>
      <trkpt lat="25.151754962280393" lon="121.602979023009539">
        <ele>415.100000000000023</ele>
        <time>2026-09-20T04:03:43Z</time>
      </trkpt>
      <trkpt lat="25.151779018342495" lon="121.6029810346663">
        <ele>415.600000000000023</ele>
        <time>2026-09-20T04:03:47Z</time>
      </trkpt>
      <trkpt lat="25.151797961443663" lon="121.602986985817552">
        <ele>415.5</ele>
        <time>2026-09-20T04:03:50Z</time>
      </trkpt>
      <trkpt lat="25.151768960058689" lon="121.602949015796185">
        <ele>412.899999999999977</ele>
        <time>2026-09-20T04:03:54Z</time>
      </trkpt>
      <trkpt lat="25.151753034442663" lon="121.60294096916914">
        <ele>411</ele>
        <time>2026-09-20T04:03:58Z</time>
      </trkpt>
      <trkpt lat="25.151778012514114" lon="121.602900987491012">
        <ele>411.600000000000023</ele>
        <time>2026-09-20T04:04:02Z</time>
      </trkpt>
      <trkpt lat="25.15178999863565" lon="121.602921020239592">
        <ele>412.399999999999977</ele>
        <time>2026-09-20T04:04:07Z</time>
      </trkpt>
      <trkpt lat="25.151777006685734" lon="121.60294096916914">
        <ele>412.800000000000011</ele>
        <time>2026-09-20T04:04:11Z</time>
      </trkpt>
      <trkpt lat="25.151795027777553" lon="121.60293904133141">
        <ele>413.399999999999977</ele>
        <time>2026-09-20T04:04:15Z</time>
      </trkpt>
      <trkpt lat="25.151763008907437" lon="121.602929988875985">
        <ele>420.100000000000023</ele>
        <time>2026-09-20T04:04:19Z</time>
      </trkpt>
      <trkpt lat="25.151754962280393" lon="121.60293803550303">
        <ele>415.100000000000023</ele>
        <time>2026-09-20T04:04:25Z</time>
      </trkpt>
      <trkpt lat="25.151670975610614" lon="121.602982962504029">
        <ele>415.800000000000011</ele>
        <time>2026-09-20T04:04:35Z</time>
      </trkpt>
      <trkpt lat="25.151713974773884" lon="121.60304700024426">
        <ele>414.899999999999977</ele>
        <time>2026-09-20T04:04:38Z</time>
      </trkpt>
      <trkpt lat="25.151678016409278" lon="121.603060998022556">
        <ele>415.199999999999989</ele>
        <time>2026-09-20T04:04:41Z</time>
      </trkpt>
      <trkpt lat="25.151674998924136" lon="121.60294197499752">
        <ele>413.600000000000023</ele>
        <time>2026-09-20T04:04:44Z</time>
      </trkpt>
      <trkpt lat="25.151633005589247" lon="121.602912973612547">
        <ele>413.600000000000023</ele>
        <time>2026-09-20T04:04:47Z</time>
      </trkpt>
      <trkpt lat="25.151593023911119" lon="121.60289797000587">
        <ele>413.899999999999977</ele>
        <time>2026-09-20T04:04:51Z</time>
      </trkpt>
      <trkpt lat="25.15159897506237" lon="121.602976005524397">
        <ele>414.199999999999989</ele>
        <time>2026-09-20T04:04:56Z</time>
      </trkpt>
      <trkpt lat="25.151668963953853" lon="121.602889001369476">
        <ele>414.600000000000023</ele>
        <time>2026-09-20T04:05:00Z</time>
      </trkpt>
      <trkpt lat="25.151654966175556" lon="121.602836027741432">
        <ele>414.800000000000011</ele>
        <time>2026-09-20T04:05:04Z</time>
      </trkpt>
      <trkpt lat="25.151668963953853" lon="121.602886989712715">
        <ele>415.100000000000023</ele>
        <time>2026-09-20T04:05:08Z</time>
      </trkpt>
      <trkpt lat="25.151743981987238" lon="121.602923031896353">
        <ele>415.300000000000011</ele>
        <time>2026-09-20T04:05:11Z</time>
      </trkpt>
      <trkpt lat="25.151734007522464" lon="121.602922026067972">
        <ele>416.199999999999989</ele>
        <time>2026-09-20T04:05:15Z</time>
      </trkpt>
      <trkpt lat="25.151678016409278" lon="121.602921020239592">
        <ele>416.300000000000011</ele>
        <time>2026-09-20T04:05:19Z</time>
      </trkpt>
      <trkpt lat="25.151670975610614" lon="121.602942980825901">
        <ele>415.899999999999977</ele>
        <time>2026-09-20T04:05:23Z</time>
      </trkpt>
      <trkpt lat="25.151667036116123" lon="121.602922026067972">
        <ele>415.600000000000023</ele>
        <time>2026-09-20T04:05:27Z</time>
      </trkpt>
      <trkpt lat="25.151677010580897" lon="121.602881960570812">
        <ele>415.600000000000023</ele>
        <time>2026-09-20T04:05:42Z</time>
      </trkpt>
      <trkpt lat="25.151721015572548" lon="121.602952033281326">
        <ele>415.899999999999977</ele>
        <time>2026-09-20T04:05:52Z</time>
      </trkpt>
      <trkpt lat="25.151753034442663" lon="121.6029810346663">
        <ele>415.899999999999977</ele>
        <time>2026-09-20T04:05:56Z</time>
      </trkpt>
      <trkpt lat="25.151755968108773" lon="121.602949015796185">
        <ele>416</ele>
        <time>2026-09-20T04:06:07Z</time>
      </trkpt>
      <trkpt lat="25.151776000857353" lon="121.602964019402862">
        <ele>416</ele>
        <time>2026-09-20T04:06:12Z</time>
      </trkpt>
      <trkpt lat="25.151736019179225" lon="121.602945998311043">
        <ele>414.699999999999989</ele>
        <time>2026-09-20T04:06:16Z</time>
      </trkpt>
      <trkpt lat="25.151751022785902" lon="121.602933006361127">
        <ele>412.199999999999989</ele>
        <time>2026-09-20T04:06:20Z</time>
      </trkpt>
      <trkpt lat="25.151719003915787" lon="121.602971982210875">
        <ele>414</ele>
        <time>2026-09-20T04:06:24Z</time>
      </trkpt>
      <trkpt lat="25.151711041107774" lon="121.602929988875985">
        <ele>416.100000000000023</ele>
        <time>2026-09-20T04:06:28Z</time>
      </trkpt>
      <trkpt lat="25.151702994480729" lon="121.602943986654282">
        <ele>413.800000000000011</ele>
        <time>2026-09-20T04:06:32Z</time>
      </trkpt>
      <trkpt lat="25.15168396756053" lon="121.6029620077461">
        <ele>412.300000000000011</ele>
        <time>2026-09-20T04:06:35Z</time>
      </trkpt>
      <trkpt lat="25.151711963117123" lon="121.602915991097689">
        <ele>413</ele>
        <time>2026-09-20T04:06:47Z</time>
      </trkpt>
      <trkpt lat="25.151742976158857" lon="121.6029620077461">
        <ele>412</ele>
        <time>2026-09-20T04:06:50Z</time>
      </trkpt>
      <trkpt lat="25.151736019179225" lon="121.602951027452946">
        <ele>411.899999999999977</ele>
        <time>2026-09-20T04:06:53Z</time>
      </trkpt>
      <trkpt lat="25.151751022785902" lon="121.602957984432578">
        <ele>408.800000000000011</ele>
        <time>2026-09-20T04:06:56Z</time>
      </trkpt>
      <trkpt lat="25.151741970330477" lon="121.602965025231242">
        <ele>410.600000000000023</ele>
        <time>2026-09-20T04:07:03Z</time>
      </trkpt>
      <trkpt lat="25.15174800530076" lon="121.602972988039255">
        <ele>412.399999999999977</ele>
        <time>2026-09-20T04:07:07Z</time>
      </trkpt>
      <trkpt lat="25.151734007522464" lon="121.602963013574481">
        <ele>415.100000000000023</ele>
        <time>2026-09-20T04:07:11Z</time>
      </trkpt>
      <trkpt lat="25.151768960058689" lon="121.602953039109707">
        <ele>415.5</ele>
        <time>2026-09-20T04:07:15Z</time>
      </trkpt>
      <trkpt lat="25.15168497338891" lon="121.602880032733083">
        <ele>416.699999999999989</ele>
        <time>2026-09-20T04:07:19Z</time>
      </trkpt>
      <trkpt lat="25.151696959510446" lon="121.602885983884335">
        <ele>418.800000000000011</ele>
        <time>2026-09-20T04:07:23Z</time>
      </trkpt>
      <trkpt lat="25.151715986430645" lon="121.602920014411211">
        <ele>417.600000000000023</ele>
        <time>2026-09-20T04:07:27Z</time>
      </trkpt>
      <trkpt lat="25.151719003915787" lon="121.602929988875985">
        <ele>417.100000000000023</ele>
        <time>2026-09-20T04:07:31Z</time>
      </trkpt>
      <trkpt lat="25.151777006685734" lon="121.602980028837919">
        <ele>418.899999999999977</ele>
        <time>2026-09-20T04:07:35Z</time>
      </trkpt>
      <trkpt lat="25.151772983372211" lon="121.602995032444596">
        <ele>416.399999999999977</ele>
        <time>2026-09-20T04:07:39Z</time>
      </trkpt>
      <trkpt lat="25.151865016669035" lon="121.603109026327729">
        <ele>417.5</ele>
        <time>2026-09-20T04:07:58Z</time>
      </trkpt>
      <trkpt lat="25.15187700279057" lon="121.603126041591167">
        <ele>415.100000000000023</ele>
        <time>2026-09-20T04:08:01Z</time>
      </trkpt>
      <trkpt lat="25.151835009455681" lon="121.603077007457614">
        <ele>415.300000000000011</ele>
        <time>2026-09-20T04:08:05Z</time>
      </trkpt>
      <trkpt lat="25.151826962828636" lon="121.60306803882122">
        <ele>415.100000000000023</ele>
        <time>2026-09-20T04:08:09Z</time>
      </trkpt>
      <trkpt lat="25.151760997250676" lon="121.602979023009539">
        <ele>414</ele>
        <time>2026-09-20T04:08:13Z</time>
      </trkpt>
      <trkpt lat="25.151752028614283" lon="121.602964019402862">
        <ele>412.699999999999989</ele>
        <time>2026-09-20T04:08:17Z</time>
      </trkpt>
      <trkpt lat="25.151742976158857" lon="121.602963013574481">
        <ele>414</ele>
        <time>2026-09-20T04:08:26Z</time>
      </trkpt>
      <trkpt lat="25.151754040271044" lon="121.602965025231242">
        <ele>412.800000000000011</ele>
        <time>2026-09-20T04:08:46Z</time>
      </trkpt>
      <trkpt lat="25.151744987815619" lon="121.602970976382494">
        <ele>411.899999999999977</ele>
        <time>2026-09-20T04:09:04Z</time>
      </trkpt>
      <trkpt lat="25.151742976158857" lon="121.602954966947436">
        <ele>414.199999999999989</ele>
        <time>2026-09-20T04:09:09Z</time>
      </trkpt>
      <trkpt lat="25.151751022785902" lon="121.602959996089339">
        <ele>414.199999999999989</ele>
        <time>2026-09-20T04:09:14Z</time>
      </trkpt>
      <trkpt lat="25.151749011129141" lon="121.602949015796185">
        <ele>415</ele>
        <time>2026-09-20T04:09:29Z</time>
      </trkpt>
      <trkpt lat="25.151766026392579" lon="121.602954966947436">
        <ele>413.399999999999977</ele>
        <time>2026-09-20T04:09:51Z</time>
      </trkpt>
      <trkpt lat="25.151757979765534" lon="121.602945998311043">
        <ele>413.199999999999989</ele>
        <time>2026-09-20T04:10:05Z</time>
      </trkpt>
      <trkpt lat="25.15174699947238" lon="121.602945998311043">
        <ele>411.199999999999989</ele>
        <time>2026-09-20T04:10:10Z</time>
      </trkpt>
      <trkpt lat="25.151737025007606" lon="121.60294096916914">
        <ele>411.300000000000011</ele>
        <time>2026-09-20T04:10:23Z</time>
      </trkpt>
      <trkpt lat="25.151739036664367" lon="121.602928983047605">
        <ele>410.899999999999977</ele>
        <time>2026-09-20T04:10:32Z</time>
      </trkpt>
      <trkpt lat="25.15172797255218" lon="121.602929988875985">
        <ele>411.100000000000023</ele>
        <time>2026-09-20T04:10:48Z</time>
      </trkpt>
      <trkpt lat="25.15172797255218" lon="121.602943986654282">
        <ele>411.300000000000011</ele>
        <time>2026-09-20T04:10:52Z</time>
      </trkpt>
      <trkpt lat="25.15172503888607" lon="121.602953039109707">
        <ele>412.600000000000023</ele>
        <time>2026-09-20T04:10:55Z</time>
      </trkpt>
      <trkpt lat="25.151729984208941" lon="121.602943986654282">
        <ele>412.300000000000011</ele>
        <time>2026-09-20T04:11:03Z</time>
      </trkpt>
      <trkpt lat="25.151731995865703" lon="121.602929988875985">
        <ele>412.199999999999989</ele>
        <time>2026-09-20T04:11:14Z</time>
      </trkpt>
      <trkpt lat="25.151723027229309" lon="121.602928983047605">
        <ele>413</ele>
        <time>2026-09-20T04:11:39Z</time>
      </trkpt>
      <trkpt lat="25.151723027229309" lon="121.602943986654282">
        <ele>412</ele>
        <time>2026-09-20T04:11:45Z</time>
      </trkpt>
      <trkpt lat="25.151717998087406" lon="121.602953039109707">
        <ele>413.100000000000023</ele>
        <time>2026-09-20T04:11:49Z</time>
      </trkpt>
      <trkpt lat="25.151721015572548" lon="121.602964019402862">
        <ele>414</ele>
        <time>2026-09-20T04:11:54Z</time>
      </trkpt>
      <trkpt lat="25.15172797255218" lon="121.602955972775817">
        <ele>412.300000000000011</ele>
        <time>2026-09-20T04:12:02Z</time>
      </trkpt>
      <trkpt lat="25.151739036664367" lon="121.6029810346663">
        <ele>417.199999999999989</ele>
        <time>2026-09-20T04:12:43Z</time>
      </trkpt>
      <trkpt lat="25.151737025007606" lon="121.602968964725733">
        <ele>414.899999999999977</ele>
        <time>2026-09-20T04:13:11Z</time>
      </trkpt>
      <trkpt lat="25.151734007522464" lon="121.602954966947436">
        <ele>414.300000000000011</ele>
        <time>2026-09-20T04:13:24Z</time>
      </trkpt>
      <trkpt lat="25.151729984208941" lon="121.602968964725733">
        <ele>413.199999999999989</ele>
        <time>2026-09-20T04:13:36Z</time>
      </trkpt>
      <trkpt lat="25.151739036664367" lon="121.602972988039255">
        <ele>413.699999999999989</ele>
        <time>2026-09-20T04:13:43Z</time>
      </trkpt>
      <trkpt lat="25.151752028614283" lon="121.602978017181158">
        <ele>417</ele>
        <time>2026-09-20T04:14:02Z</time>
      </trkpt>
      <trkpt lat="25.151741970330477" lon="121.602980028837919">
        <ele>416.399999999999977</ele>
        <time>2026-09-20T04:14:23Z</time>
      </trkpt>
      <trkpt lat="25.151753034442663" lon="121.602990003302693">
        <ele>416</ele>
        <time>2026-09-20T04:14:28Z</time>
      </trkpt>
      <trkpt lat="25.151744987815619" lon="121.603008024394512">
        <ele>419.5</ele>
        <time>2026-09-20T04:14:32Z</time>
      </trkpt>
      <trkpt lat="25.151730990037322" lon="121.603056974709034">
        <ele>425.899999999999977</ele>
        <time>2026-09-20T04:14:36Z</time>
      </trkpt>
      <trkpt lat="25.151733001694083" lon="121.603035014122725">
        <ele>424.199999999999989</ele>
        <time>2026-09-20T04:14:40Z</time>
      </trkpt>
      <trkpt lat="25.151738030835986" lon="121.603011963889003">
        <ele>420.5</ele>
        <time>2026-09-20T04:14:44Z</time>
      </trkpt>
      <trkpt lat="25.151738030835986" lon="121.602997966110706">
        <ele>418.699999999999989</ele>
        <time>2026-09-20T04:14:48Z</time>
      </trkpt>
      <trkpt lat="25.151735013350844" lon="121.602986985817552">
        <ele>417.199999999999989</ele>
        <time>2026-09-20T04:14:54Z</time>
      </trkpt>
      <trkpt lat="25.151737025007606" lon="121.602977011352777">
        <ele>415.899999999999977</ele>
        <time>2026-09-20T04:14:58Z</time>
      </trkpt>
      <trkpt lat="25.151737025007606" lon="121.602967036888003">
        <ele>414.399999999999977</ele>
        <time>2026-09-20T04:15:07Z</time>
      </trkpt>
      <trkpt lat="25.151733001694083" lon="121.602957984432578">
        <ele>413.399999999999977</ele>
        <time>2026-09-20T04:15:25Z</time>
      </trkpt>
      <trkpt lat="25.151737025007606" lon="121.602947004139423">
        <ele>413</ele>
        <time>2026-09-20T04:15:51Z</time>
      </trkpt>
      <trkpt lat="25.151731995865703" lon="121.602935018017888">
        <ele>412.699999999999989</ele>
        <time>2026-09-20T04:15:59Z</time>
      </trkpt>
      <trkpt lat="25.151722021400928" lon="121.60293803550303">
        <ele>413.399999999999977</ele>
        <time>2026-09-20T04:16:16Z</time>
      </trkpt>
      <trkpt lat="25.151731995865703" lon="121.602943986654282">
        <ele>410.199999999999989</ele>
        <time>2026-09-20T04:16:35Z</time>
      </trkpt>
      <trkpt lat="25.151723027229309" lon="121.602949015796185">
        <ele>411.699999999999989</ele>
        <time>2026-09-20T04:16:41Z</time>
      </trkpt>
      <trkpt lat="25.15172403305769" lon="121.602937029674649">
        <ele>409.699999999999989</ele>
        <time>2026-09-20T04:17:03Z</time>
      </trkpt>
      <trkpt lat="25.151717998087406" lon="121.602944992482662">
        <ele>412.100000000000023</ele>
        <time>2026-09-20T04:17:13Z</time>
      </trkpt>
      <trkpt lat="25.151715986430645" lon="121.602934012189507">
        <ele>411.399999999999977</ele>
        <time>2026-09-20T04:17:20Z</time>
      </trkpt>
      <trkpt lat="25.1517269667238" lon="121.602935018017888">
        <ele>410.600000000000023</ele>
        <time>2026-09-20T04:17:33Z</time>
      </trkpt>
      <trkpt lat="25.151719003915787" lon="121.602925965562463">
        <ele>409.899999999999977</ele>
        <time>2026-09-20T04:17:37Z</time>
      </trkpt>
      <trkpt lat="25.151716992259026" lon="121.602936023846269">
        <ele>410.5</ele>
        <time>2026-09-20T04:17:41Z</time>
      </trkpt>
      <trkpt lat="25.151725960895419" lon="121.60294096916914">
        <ele>409.600000000000023</ele>
        <time>2026-09-20T04:17:50Z</time>
      </trkpt>
      <trkpt lat="25.151733001694083" lon="121.602951027452946">
        <ele>408.199999999999989</ele>
        <time>2026-09-20T04:17:56Z</time>
      </trkpt>
      <trkpt lat="25.151740964502096" lon="121.6029620077461">
        <ele>408.899999999999977</ele>
        <time>2026-09-20T04:18:01Z</time>
      </trkpt>
      <trkpt lat="25.151731995865703" lon="121.602966031059623">
        <ele>409.5</ele>
        <time>2026-09-20T04:18:09Z</time>
      </trkpt>
      <trkpt lat="25.151716992259026" lon="121.602954966947436">
        <ele>409</ele>
        <time>2026-09-20T04:18:22Z</time>
      </trkpt>
      <trkpt lat="25.1517269667238" lon="121.602966031059623">
        <ele>407.600000000000023</ele>
        <time>2026-09-20T04:18:26Z</time>
      </trkpt>
      <trkpt lat="25.151754962280393" lon="121.602974999696016">
        <ele>408.100000000000023</ele>
        <time>2026-09-20T04:18:30Z</time>
      </trkpt>
      <trkpt lat="25.151759991422296" lon="121.602990003302693">
        <ele>407.5</ele>
        <time>2026-09-20T04:18:34Z</time>
      </trkpt>
      <trkpt lat="25.151750016957521" lon="121.603021016344428">
        <ele>413.5</ele>
        <time>2026-09-20T04:18:38Z</time>
      </trkpt>
      <trkpt lat="25.151745993643999" lon="121.60300400108099">
        <ele>409.100000000000023</ele>
        <time>2026-09-20T04:18:42Z</time>
      </trkpt>
      <trkpt lat="25.151730990037322" lon="121.60300400108099">
        <ele>405.699999999999989</ele>
        <time>2026-09-20T04:18:46Z</time>
      </trkpt>
      <trkpt lat="25.151733001694083" lon="121.603028979152441">
        <ele>408</ele>
        <time>2026-09-20T04:18:50Z</time>
      </trkpt>
      <trkpt lat="25.151728978380561" lon="121.603039959445596">
        <ele>409.399999999999977</ele>
        <time>2026-09-20T04:18:57Z</time>
      </trkpt>
      <trkpt lat="25.15172797255218" lon="121.603064015507698">
        <ele>408.800000000000011</ele>
        <time>2026-09-20T04:19:01Z</time>
      </trkpt>
      <trkpt lat="25.151737025007606" lon="121.603029984980822">
        <ele>404.800000000000011</ele>
        <time>2026-09-20T04:19:05Z</time>
      </trkpt>
      <trkpt lat="25.151729984208941" lon="121.603023028001189">
        <ele>405.600000000000023</ele>
        <time>2026-09-20T04:19:12Z</time>
      </trkpt>
      <trkpt lat="25.151733001694083" lon="121.603006012737751">
        <ele>406.600000000000023</ele>
        <time>2026-09-20T04:19:15Z</time>
      </trkpt>
      <trkpt lat="25.151725960895419" lon="121.603025961667299">
        <ele>405.699999999999989</ele>
        <time>2026-09-20T04:19:19Z</time>
      </trkpt>
      <trkpt lat="25.151715986430645" lon="121.603015987202525">
        <ele>405.699999999999989</ele>
        <time>2026-09-20T04:19:23Z</time>
      </trkpt>
      <trkpt lat="25.151721015572548" lon="121.602999977767467">
        <ele>405.5</ele>
        <time>2026-09-20T04:19:27Z</time>
      </trkpt>
      <trkpt lat="25.151725960895419" lon="121.603013975545764">
        <ele>406.899999999999977</ele>
        <time>2026-09-20T04:19:31Z</time>
      </trkpt>
      <trkpt lat="25.151713974773884" lon="121.603039959445596">
        <ele>407.699999999999989</ele>
        <time>2026-09-20T04:19:35Z</time>
      </trkpt>
      <trkpt lat="25.151698971167207" lon="121.603028979152441">
        <ele>409.5</ele>
        <time>2026-09-20T04:19:40Z</time>
      </trkpt>
      <trkpt lat="25.151699976995587" lon="121.60304800607264">
        <ele>410.899999999999977</ele>
        <time>2026-09-20T04:19:44Z</time>
      </trkpt>
      <trkpt lat="25.151698971167207" lon="121.603064015507698">
        <ele>412.699999999999989</ele>
        <time>2026-09-20T04:19:54Z</time>
      </trkpt>
      <trkpt lat="25.151699976995587" lon="121.603073989972472">
        <ele>413.899999999999977</ele>
        <time>2026-09-20T04:19:59Z</time>
      </trkpt>
      <trkpt lat="25.151710035279393" lon="121.603073989972472">
        <ele>414.100000000000023</ele>
        <time>2026-09-20T04:20:05Z</time>
      </trkpt>
      <trkpt lat="25.151714980602264" lon="121.603062003850937">
        <ele>416.399999999999977</ele>
        <time>2026-09-20T04:20:09Z</time>
      </trkpt>
      <trkpt lat="25.151721015572548" lon="121.60307097248733">
        <ele>413.199999999999989</ele>
        <time>2026-09-20T04:20:16Z</time>
      </trkpt>
      <trkpt lat="25.151712968945503" lon="121.603077007457614">
        <ele>415.300000000000011</ele>
        <time>2026-09-20T04:20:20Z</time>
      </trkpt>
      <trkpt lat="25.151714980602264" lon="121.603064015507698">
        <ele>413.899999999999977</ele>
        <time>2026-09-20T04:20:24Z</time>
      </trkpt>
      <trkpt lat="25.15172403305769" lon="121.60304700024426">
        <ele>412.199999999999989</ele>
        <time>2026-09-20T04:20:28Z</time>
      </trkpt>
      <trkpt lat="25.15172503888607" lon="121.603036019951105">
        <ele>411.5</ele>
        <time>2026-09-20T04:20:32Z</time>
      </trkpt>
      <trkpt lat="25.151721015572548" lon="121.603044988587499">
        <ele>411.399999999999977</ele>
        <time>2026-09-20T04:20:36Z</time>
      </trkpt>
      <trkpt lat="25.151713974773884" lon="121.603036019951105">
        <ele>411.399999999999977</ele>
        <time>2026-09-20T04:20:52Z</time>
      </trkpt>
      <trkpt lat="25.151722021400928" lon="121.603020010516047">
        <ele>412.5</ele>
        <time>2026-09-20T04:20:56Z</time>
      </trkpt>
      <trkpt lat="25.151729984208941" lon="121.603009030222893">
        <ele>413.699999999999989</ele>
        <time>2026-09-20T04:21:01Z</time>
      </trkpt>
      <trkpt lat="25.151735013350844" lon="121.602980028837919">
        <ele>411.800000000000011</ele>
        <time>2026-09-20T04:21:05Z</time>
      </trkpt>
      <trkpt lat="25.151728978380561" lon="121.602994026616216">
        <ele>414.300000000000011</ele>
        <time>2026-09-20T04:21:14Z</time>
      </trkpt>
      <trkpt lat="25.151725960895419" lon="121.603011963889003">
        <ele>414.800000000000011</ele>
        <time>2026-09-20T04:21:18Z</time>
      </trkpt>
      <trkpt lat="25.151723027229309" lon="121.603030990809202">
        <ele>415.5</ele>
        <time>2026-09-20T04:21:22Z</time>
      </trkpt>
      <trkpt lat="25.151709029451013" lon="121.603045994415879">
        <ele>417.199999999999989</ele>
        <time>2026-09-20T04:21:31Z</time>
      </trkpt>
      <trkpt lat="25.151715986430645" lon="121.603020010516047">
        <ele>412.399999999999977</ele>
        <time>2026-09-20T04:21:35Z</time>
      </trkpt>
      <trkpt lat="25.151699976995587" lon="121.603044988587499">
        <ele>414.800000000000011</ele>
        <time>2026-09-20T04:21:39Z</time>
      </trkpt>
      <trkpt lat="25.151707017794251" lon="121.603037025779486">
        <ele>414.899999999999977</ele>
        <time>2026-09-20T04:21:43Z</time>
      </trkpt>
      <trkpt lat="25.151717998087406" lon="121.603023028001189">
        <ele>413</ele>
        <time>2026-09-20T04:21:50Z</time>
      </trkpt>
      <trkpt lat="25.151708023622632" lon="121.603019004687667">
        <ele>411.899999999999977</ele>
        <time>2026-09-20T04:21:54Z</time>
      </trkpt>
      <trkpt lat="25.151715986430645" lon="121.603011041879654">
        <ele>411.800000000000011</ele>
        <time>2026-09-20T04:21:58Z</time>
      </trkpt>
      <trkpt lat="25.151723027229309" lon="121.603023028001189">
        <ele>415.399999999999977</ele>
        <time>2026-09-20T04:22:30Z</time>
      </trkpt>
      <trkpt lat="25.15172403305769" lon="121.603037025779486">
        <ele>417.899999999999977</ele>
        <time>2026-09-20T04:22:45Z</time>
      </trkpt>
      <trkpt lat="25.151719003915787" lon="121.603055968880653">
        <ele>417.100000000000023</ele>
        <time>2026-09-20T04:23:08Z</time>
      </trkpt>
      <trkpt lat="25.151757979765534" lon="121.602986985817552">
        <ele>412.800000000000011</ele>
        <time>2026-09-20T04:23:12Z</time>
      </trkpt>
      <trkpt lat="25.151764014735818" lon="121.602945998311043">
        <ele>414.199999999999989</ele>
        <time>2026-09-20T04:23:16Z</time>
      </trkpt>
      <trkpt lat="25.151754962280393" lon="121.602909034118056">
        <ele>412.699999999999989</ele>
        <time>2026-09-20T04:23:20Z</time>
      </trkpt>
      <trkpt lat="25.151737025007606" lon="121.602928983047605">
        <ele>412.600000000000023</ele>
        <time>2026-09-20T04:23:24Z</time>
      </trkpt>
      <trkpt lat="25.151741970330477" lon="121.60293904133141">
        <ele>412</ele>
        <time>2026-09-20T04:23:28Z</time>
      </trkpt>
      <trkpt lat="25.151733001694083" lon="121.60296100191772">
        <ele>407.100000000000023</ele>
        <time>2026-09-20T04:23:32Z</time>
      </trkpt>
      <trkpt lat="25.151739036664367" lon="121.602972988039255">
        <ele>408.600000000000023</ele>
        <time>2026-09-20T04:23:36Z</time>
      </trkpt>
      <trkpt lat="25.151736019179225" lon="121.60298396833241">
        <ele>408.899999999999977</ele>
        <time>2026-09-20T04:23:42Z</time>
      </trkpt>
      <trkpt lat="25.151731995865703" lon="121.603010036051273">
        <ele>412.300000000000011</ele>
        <time>2026-09-20T04:23:57Z</time>
      </trkpt>
      <trkpt lat="25.15172503888607" lon="121.603019004687667">
        <ele>410.699999999999989</ele>
        <time>2026-09-20T04:24:08Z</time>
      </trkpt>
      <trkpt lat="25.151714980602264" lon="121.603017998859286">
        <ele>413.899999999999977</ele>
        <time>2026-09-20T04:24:27Z</time>
      </trkpt>
      <trkpt lat="25.151700982823968" lon="121.603008024394512">
        <ele>414.199999999999989</ele>
        <time>2026-09-20T04:25:22Z</time>
      </trkpt>
      <trkpt lat="25.151710035279393" lon="121.603000983595848">
        <ele>414.600000000000023</ele>
        <time>2026-09-20T04:25:44Z</time>
      </trkpt>
      <trkpt lat="25.151701988652349" lon="121.603008024394512">
        <ele>408.199999999999989</ele>
        <time>2026-09-20T04:25:52Z</time>
      </trkpt>
      <trkpt lat="25.151707017794251" lon="121.602998971939087">
        <ele>409</ele>
        <time>2026-09-20T04:25:57Z</time>
      </trkpt>
      <trkpt lat="25.151710035279393" lon="121.603015987202525">
        <ele>414.600000000000023</ele>
        <time>2026-09-20T04:26:20Z</time>
      </trkpt>
      <trkpt lat="25.151715986430645" lon="121.603025961667299">
        <ele>413.899999999999977</ele>
        <time>2026-09-20T04:26:34Z</time>
      </trkpt>
      <trkpt lat="25.151723027229309" lon="121.603034008294344">
        <ele>413.600000000000023</ele>
        <time>2026-09-20T04:26:46Z</time>
      </trkpt>
      <trkpt lat="25.151736019179225" lon="121.603029984980822">
        <ele>411.899999999999977</ele>
        <time>2026-09-20T04:27:08Z</time>
      </trkpt>
      <trkpt lat="25.151722021400928" lon="121.60302696749568">
        <ele>413.100000000000023</ele>
        <time>2026-09-20T04:27:23Z</time>
      </trkpt>
      <trkpt lat="25.151721015572548" lon="121.603039037436247">
        <ele>413.600000000000023</ele>
        <time>2026-09-20T04:27:34Z</time>
      </trkpt>
      <trkpt lat="25.151713974773884" lon="121.603025961667299">
        <ele>412.899999999999977</ele>
        <time>2026-09-20T04:27:56Z</time>
      </trkpt>
      <trkpt lat="25.151665024459362" lon="121.603038031607866">
        <ele>414.100000000000023</ele>
        <time>2026-09-20T04:28:11Z</time>
      </trkpt>
      <trkpt lat="25.15176803804934" lon="121.602977011352777">
        <ele>415.800000000000011</ele>
        <time>2026-09-20T04:28:15Z</time>
      </trkpt>
      <trkpt lat="25.151664018630981" lon="121.602967036888003">
        <ele>414.199999999999989</ele>
        <time>2026-09-20T04:28:19Z</time>
      </trkpt>
      <trkpt lat="25.151700982823968" lon="121.602988997474313">
        <ele>414.5</ele>
        <time>2026-09-20T04:28:23Z</time>
      </trkpt>
      <trkpt lat="25.151707017794251" lon="121.602996960282326">
        <ele>413.800000000000011</ele>
        <time>2026-09-20T04:28:34Z</time>
      </trkpt>
      <trkpt lat="25.151685979217291" lon="121.603013975545764">
        <ele>413.800000000000011</ele>
        <time>2026-09-20T04:28:41Z</time>
      </trkpt>
      <trkpt lat="25.151717998087406" lon="121.602966031059623">
        <ele>413.699999999999989</ele>
        <time>2026-09-20T04:28:45Z</time>
      </trkpt>
      <trkpt lat="25.151716992259026" lon="121.603000983595848">
        <ele>413.300000000000011</ele>
        <time>2026-09-20T04:28:49Z</time>
      </trkpt>
      <trkpt lat="25.151671981438994" lon="121.60306703299284">
        <ele>417.399999999999977</ele>
        <time>2026-09-20T04:28:53Z</time>
      </trkpt>
      <trkpt lat="25.15163904055953" lon="121.603034008294344">
        <ele>413.600000000000023</ele>
        <time>2026-09-20T04:28:57Z</time>
      </trkpt>
      <trkpt lat="25.151663012802601" lon="121.603016993030906">
        <ele>416.300000000000011</ele>
        <time>2026-09-20T04:29:01Z</time>
      </trkpt>
      <trkpt lat="25.151733001694083" lon="121.603000983595848">
        <ele>415.800000000000011</ele>
        <time>2026-09-20T04:29:05Z</time>
      </trkpt>
      <trkpt lat="25.151715986430645" lon="121.60298396833241">
        <ele>413.800000000000011</ele>
        <time>2026-09-20T04:29:25Z</time>
      </trkpt>
      <trkpt lat="25.151753034442663" lon="121.60298497416079">
        <ele>414.100000000000023</ele>
        <time>2026-09-20T04:29:29Z</time>
      </trkpt>
      <trkpt lat="25.151719003915787" lon="121.60304700024426">
        <ele>416.5</ele>
        <time>2026-09-20T04:29:33Z</time>
      </trkpt>
      <trkpt lat="25.151708023622632" lon="121.603080024942756">
        <ele>417.199999999999989</ele>
        <time>2026-09-20T04:29:37Z</time>
      </trkpt>
      <trkpt lat="25.151710035279393" lon="121.60302403382957">
        <ele>416.800000000000011</ele>
        <time>2026-09-20T04:29:40Z</time>
      </trkpt>
      <trkpt lat="25.151691008359194" lon="121.603016993030906">
        <ele>417.399999999999977</ele>
        <time>2026-09-20T04:29:44Z</time>
      </trkpt>
      <trkpt lat="25.151667958125472" lon="121.603031996637583">
        <ele>417.600000000000023</ele>
        <time>2026-09-20T04:29:47Z</time>
      </trkpt>
      <trkpt lat="25.15168396756053" lon="121.603010036051273">
        <ele>417.699999999999989</ele>
        <time>2026-09-20T04:29:51Z</time>
      </trkpt>
      <trkpt lat="25.151673993095756" lon="121.60300500690937">
        <ele>416.699999999999989</ele>
        <time>2026-09-20T04:29:54Z</time>
      </trkpt>
      <trkpt lat="25.151670975610614" lon="121.603014981374145">
        <ele>416.600000000000023</ele>
        <time>2026-09-20T04:29:57Z</time>
      </trkpt>
      <trkpt lat="25.15168103389442" lon="121.603015987202525">
        <ele>415.199999999999989</ele>
        <time>2026-09-20T04:30:01Z</time>
      </trkpt>
      <trkpt lat="25.151692014187574" lon="121.603013975545764">
        <ele>414.899999999999977</ele>
        <time>2026-09-20T04:30:05Z</time>
      </trkpt>
      <trkpt lat="25.151700982823968" lon="121.603008024394512">
        <ele>414.800000000000011</ele>
        <time>2026-09-20T04:30:14Z</time>
      </trkpt>
      <trkpt lat="25.151721015572548" lon="121.602995032444596">
        <ele>413.899999999999977</ele>
        <time>2026-09-20T04:30:28Z</time>
      </trkpt>
      <trkpt lat="25.151722021400928" lon="121.6029810346663">
        <ele>412</ele>
        <time>2026-09-20T04:30:32Z</time>
      </trkpt>
      <trkpt lat="25.151730990037322" lon="121.60298396833241">
        <ele>412.100000000000023</ele>
        <time>2026-09-20T04:30:36Z</time>
      </trkpt>
      <trkpt lat="25.151682961732149" lon="121.603077007457614">
        <ele>413</ele>
        <time>2026-09-20T04:30:47Z</time>
      </trkpt>
      <trkpt lat="25.151546001434326" lon="121.603194018825889">
        <ele>413.399999999999977</ele>
        <time>2026-09-20T04:30:51Z</time>
      </trkpt>
      <trkpt lat="25.151669969782233" lon="121.603094022721052">
        <ele>414.199999999999989</ele>
        <time>2026-09-20T04:30:55Z</time>
      </trkpt>
      <trkpt lat="25.151688996702433" lon="121.603065021336079">
        <ele>413.800000000000011</ele>
        <time>2026-09-20T04:30:59Z</time>
      </trkpt>
      <trkpt lat="25.1517269667238" lon="121.603086981922388">
        <ele>411.5</ele>
        <time>2026-09-20T04:31:07Z</time>
      </trkpt>
      <trkpt lat="25.151659995317459" lon="121.603043982759118">
        <ele>411.899999999999977</ele>
        <time>2026-09-20T04:31:11Z</time>
      </trkpt>
      <trkpt lat="25.151721015572548" lon="121.603064015507698">
        <ele>412.5</ele>
        <time>2026-09-20T04:31:15Z</time>
      </trkpt>
      <trkpt lat="25.15177097171545" lon="121.60307097248733">
        <ele>415.199999999999989</ele>
        <time>2026-09-20T04:31:19Z</time>
      </trkpt>
      <trkpt lat="25.151766026392579" lon="121.603093016892672">
        <ele>416.800000000000011</ele>
        <time>2026-09-20T04:31:23Z</time>
      </trkpt>
      <trkpt lat="25.151774995028973" lon="121.603102991357446">
        <ele>418.899999999999977</ele>
        <time>2026-09-20T04:31:27Z</time>
      </trkpt>
      <trkpt lat="25.151722021400928" lon="121.603128975257277">
        <ele>419.399999999999977</ele>
        <time>2026-09-20T04:31:37Z</time>
      </trkpt>
      <trkpt lat="25.151584977284074" lon="121.60294197499752">
        <ele>418.100000000000023</ele>
        <time>2026-09-20T04:31:41Z</time>
      </trkpt>
      <trkpt lat="25.15164197422564" lon="121.602944992482662">
        <ele>414.899999999999977</ele>
        <time>2026-09-20T04:31:45Z</time>
      </trkpt>
      <trkpt lat="25.151729984208941" lon="121.602939963340759">
        <ele>403</ele>
        <time>2026-09-20T04:31:49Z</time>
      </trkpt>
      <trkpt lat="25.151744987815619" lon="121.602909034118056">
        <ele>399.300000000000011</ele>
        <time>2026-09-20T04:31:53Z</time>
      </trkpt>
      <trkpt lat="25.15174800530076" lon="121.602936023846269">
        <ele>404.399999999999977</ele>
        <time>2026-09-20T04:31:56Z</time>
      </trkpt>
      <trkpt lat="25.151735013350844" lon="121.602967958897352">
        <ele>404.800000000000011</ele>
        <time>2026-09-20T04:31:59Z</time>
      </trkpt>
      <trkpt lat="25.151734007522464" lon="121.602993020787835">
        <ele>408.600000000000023</ele>
        <time>2026-09-20T04:32:06Z</time>
      </trkpt>
      <trkpt lat="25.151728978380561" lon="121.603006012737751">
        <ele>411.199999999999989</ele>
        <time>2026-09-20T04:32:09Z</time>
      </trkpt>
      <trkpt lat="25.151717998087406" lon="121.603016993030906">
        <ele>413</ele>
        <time>2026-09-20T04:32:13Z</time>
      </trkpt>
      <trkpt lat="25.151707017794251" lon="121.603011963889003">
        <ele>414.5</ele>
        <time>2026-09-20T04:32:22Z</time>
      </trkpt>
      <trkpt lat="25.151676004752517" lon="121.602985979989171">
        <ele>407</ele>
        <time>2026-09-20T04:32:25Z</time>
      </trkpt>
      <trkpt lat="25.151801984757185" lon="121.603050017729402">
        <ele>410.300000000000011</ele>
        <time>2026-09-20T04:32:29Z</time>
      </trkpt>
      <trkpt lat="25.151741970330477" lon="121.60304800607264">
        <ele>411.600000000000023</ele>
        <time>2026-09-20T04:32:33Z</time>
      </trkpt>
      <trkpt lat="25.151735013350844" lon="121.602967958897352">
        <ele>411.300000000000011</ele>
        <time>2026-09-20T04:32:37Z</time>
      </trkpt>
      <trkpt lat="25.151751022785902" lon="121.602921020239592">
        <ele>412.899999999999977</ele>
        <time>2026-09-20T04:32:41Z</time>
      </trkpt>
      <trkpt lat="25.151754962280393" lon="121.602948009967804">
        <ele>414.5</ele>
        <time>2026-09-20T04:32:45Z</time>
      </trkpt>
      <trkpt lat="25.151754962280393" lon="121.602959996089339">
        <ele>415.199999999999989</ele>
        <time>2026-09-20T04:32:49Z</time>
      </trkpt>
      <trkpt lat="25.151739036664367" lon="121.602970976382494">
        <ele>415.5</ele>
        <time>2026-09-20T04:32:53Z</time>
      </trkpt>
      <trkpt lat="25.151734007522464" lon="121.6029810346663">
        <ele>417.5</ele>
        <time>2026-09-20T04:33:09Z</time>
      </trkpt>
      <trkpt lat="25.15172797255218" lon="121.603001989424229">
        <ele>416.600000000000023</ele>
        <time>2026-09-20T04:33:13Z</time>
      </trkpt>
      <trkpt lat="25.151741970330477" lon="121.602950021624565">
        <ele>415.600000000000023</ele>
        <time>2026-09-20T04:33:17Z</time>
      </trkpt>
      <trkpt lat="25.151693020015955" lon="121.602986985817552">
        <ele>415.5</ele>
        <time>2026-09-20T04:33:22Z</time>
      </trkpt>
      <trkpt lat="25.151680028066039" lon="121.602930994704366">
        <ele>415.699999999999989</ele>
        <time>2026-09-20T04:33:24Z</time>
      </trkpt>
    </trkseg>
  </trk>
</gpx>
